--
-- PostgreSQL database dump
--

-- Dumped from database version 12.18
-- Dumped by pg_dump version 12.18

SET statement_timeout = 0;
SET lock_timeout = 0;
SET idle_in_transaction_session_timeout = 0;
SET client_encoding = 'UTF8';
SET standard_conforming_strings = on;
SELECT pg_catalog.set_config('search_path', '', false);
SET check_function_bodies = false;
SET xmloption = content;
SET client_min_messages = warning;
SET row_security = off;

SET default_tablespace = '';

SET default_table_access_method = heap;

--
-- Name: auth_group; Type: TABLE; Schema: public; Owner: -
--

CREATE TABLE public.auth_group (
    id integer NOT NULL,
    name character varying(150) NOT NULL
);


--
-- Name: auth_group_id_seq; Type: SEQUENCE; Schema: public; Owner: -
--

ALTER TABLE public.auth_group ALTER COLUMN id ADD GENERATED BY DEFAULT AS IDENTITY (
    SEQUENCE NAME public.auth_group_id_seq
    START WITH 1
    INCREMENT BY 1
    NO MINVALUE
    NO MAXVALUE
    CACHE 1
);


--
-- Name: auth_group_permissions; Type: TABLE; Schema: public; Owner: -
--

CREATE TABLE public.auth_group_permissions (
    id bigint NOT NULL,
    group_id integer NOT NULL,
    permission_id integer NOT NULL
);


--
-- Name: auth_group_permissions_id_seq; Type: SEQUENCE; Schema: public; Owner: -
--

ALTER TABLE public.auth_group_permissions ALTER COLUMN id ADD GENERATED BY DEFAULT AS IDENTITY (
    SEQUENCE NAME public.auth_group_permissions_id_seq
    START WITH 1
    INCREMENT BY 1
    NO MINVALUE
    NO MAXVALUE
    CACHE 1
);


--
-- Name: auth_permission; Type: TABLE; Schema: public; Owner: -
--

CREATE TABLE public.auth_permission (
    id integer NOT NULL,
    name character varying(255) NOT NULL,
    content_type_id integer NOT NULL,
    codename character varying(100) NOT NULL
);


--
-- Name: auth_permission_id_seq; Type: SEQUENCE; Schema: public; Owner: -
--

ALTER TABLE public.auth_permission ALTER COLUMN id ADD GENERATED BY DEFAULT AS IDENTITY (
    SEQUENCE NAME public.auth_permission_id_seq
    START WITH 1
    INCREMENT BY 1
    NO MINVALUE
    NO MAXVALUE
    CACHE 1
);


--
-- Name: courses_curso; Type: TABLE; Schema: public; Owner: -
--

CREATE TABLE public.courses_curso (
    id bigint NOT NULL,
    titulo character varying(200) NOT NULL,
    slug character varying(220) NOT NULL,
    descripcion text NOT NULL,
    imagen character varying(100),
    publicado boolean NOT NULL,
    creado_en timestamp with time zone NOT NULL,
    actualizado_en timestamp with time zone NOT NULL,
    instructor_id bigint
);


--
-- Name: courses_curso_id_seq; Type: SEQUENCE; Schema: public; Owner: -
--

ALTER TABLE public.courses_curso ALTER COLUMN id ADD GENERATED BY DEFAULT AS IDENTITY (
    SEQUENCE NAME public.courses_curso_id_seq
    START WITH 1
    INCREMENT BY 1
    NO MINVALUE
    NO MAXVALUE
    CACHE 1
);


--
-- Name: courses_inscripcion; Type: TABLE; Schema: public; Owner: -
--

CREATE TABLE public.courses_inscripcion (
    id bigint NOT NULL,
    inscrito_en timestamp with time zone NOT NULL,
    completado boolean NOT NULL,
    certificado_generado boolean NOT NULL,
    progreso smallint NOT NULL,
    curso_id bigint NOT NULL,
    estudiante_id bigint NOT NULL,
    CONSTRAINT courses_inscripcion_progreso_check CHECK ((progreso >= 0)),
    CONSTRAINT progreso_entre_0_y_100 CHECK (((progreso >= 0) AND (progreso <= 100)))
);


--
-- Name: courses_inscripcion_id_seq; Type: SEQUENCE; Schema: public; Owner: -
--

ALTER TABLE public.courses_inscripcion ALTER COLUMN id ADD GENERATED BY DEFAULT AS IDENTITY (
    SEQUENCE NAME public.courses_inscripcion_id_seq
    START WITH 1
    INCREMENT BY 1
    NO MINVALUE
    NO MAXVALUE
    CACHE 1
);


--
-- Name: courses_leccion; Type: TABLE; Schema: public; Owner: -
--

CREATE TABLE public.courses_leccion (
    id bigint NOT NULL,
    titulo character varying(200) NOT NULL,
    orden integer NOT NULL,
    vista_previa_gratis boolean NOT NULL,
    curso_id bigint NOT NULL,
    CONSTRAINT courses_leccion_orden_check CHECK ((orden >= 0))
);


--
-- Name: courses_leccion_id_seq; Type: SEQUENCE; Schema: public; Owner: -
--

ALTER TABLE public.courses_leccion ALTER COLUMN id ADD GENERATED BY DEFAULT AS IDENTITY (
    SEQUENCE NAME public.courses_leccion_id_seq
    START WITH 1
    INCREMENT BY 1
    NO MINVALUE
    NO MAXVALUE
    CACHE 1
);


--
-- Name: courses_leccioncompletada; Type: TABLE; Schema: public; Owner: -
--

CREATE TABLE public.courses_leccioncompletada (
    id bigint NOT NULL,
    completada_en timestamp with time zone NOT NULL,
    inscripcion_id bigint NOT NULL,
    leccion_id bigint NOT NULL
);


--
-- Name: courses_leccioncompletada_id_seq; Type: SEQUENCE; Schema: public; Owner: -
--

ALTER TABLE public.courses_leccioncompletada ALTER COLUMN id ADD GENERATED BY DEFAULT AS IDENTITY (
    SEQUENCE NAME public.courses_leccioncompletada_id_seq
    START WITH 1
    INCREMENT BY 1
    NO MINVALUE
    NO MAXVALUE
    CACHE 1
);


--
-- Name: courses_recursoleccion; Type: TABLE; Schema: public; Owner: -
--

CREATE TABLE public.courses_recursoleccion (
    id bigint NOT NULL,
    tipo character varying(10) NOT NULL,
    orden integer NOT NULL,
    contenido_texto text,
    video_url character varying(200),
    archivo character varying(100),
    leccion_id bigint NOT NULL,
    CONSTRAINT courses_recursoleccion_orden_check CHECK ((orden >= 0))
);


--
-- Name: courses_recursoleccion_id_seq; Type: SEQUENCE; Schema: public; Owner: -
--

ALTER TABLE public.courses_recursoleccion ALTER COLUMN id ADD GENERATED BY DEFAULT AS IDENTITY (
    SEQUENCE NAME public.courses_recursoleccion_id_seq
    START WITH 1
    INCREMENT BY 1
    NO MINVALUE
    NO MAXVALUE
    CACHE 1
);


--
-- Name: django_admin_log; Type: TABLE; Schema: public; Owner: -
--

CREATE TABLE public.django_admin_log (
    id integer NOT NULL,
    action_time timestamp with time zone NOT NULL,
    object_id text,
    object_repr character varying(200) NOT NULL,
    action_flag smallint NOT NULL,
    change_message text NOT NULL,
    content_type_id integer,
    user_id bigint NOT NULL,
    CONSTRAINT django_admin_log_action_flag_check CHECK ((action_flag >= 0))
);


--
-- Name: django_admin_log_id_seq; Type: SEQUENCE; Schema: public; Owner: -
--

ALTER TABLE public.django_admin_log ALTER COLUMN id ADD GENERATED BY DEFAULT AS IDENTITY (
    SEQUENCE NAME public.django_admin_log_id_seq
    START WITH 1
    INCREMENT BY 1
    NO MINVALUE
    NO MAXVALUE
    CACHE 1
);


--
-- Name: django_content_type; Type: TABLE; Schema: public; Owner: -
--

CREATE TABLE public.django_content_type (
    id integer NOT NULL,
    app_label character varying(100) NOT NULL,
    model character varying(100) NOT NULL
);


--
-- Name: django_content_type_id_seq; Type: SEQUENCE; Schema: public; Owner: -
--

ALTER TABLE public.django_content_type ALTER COLUMN id ADD GENERATED BY DEFAULT AS IDENTITY (
    SEQUENCE NAME public.django_content_type_id_seq
    START WITH 1
    INCREMENT BY 1
    NO MINVALUE
    NO MAXVALUE
    CACHE 1
);


--
-- Name: django_migrations; Type: TABLE; Schema: public; Owner: -
--

CREATE TABLE public.django_migrations (
    id bigint NOT NULL,
    app character varying(255) NOT NULL,
    name character varying(255) NOT NULL,
    applied timestamp with time zone NOT NULL
);


--
-- Name: django_migrations_id_seq; Type: SEQUENCE; Schema: public; Owner: -
--

ALTER TABLE public.django_migrations ALTER COLUMN id ADD GENERATED BY DEFAULT AS IDENTITY (
    SEQUENCE NAME public.django_migrations_id_seq
    START WITH 1
    INCREMENT BY 1
    NO MINVALUE
    NO MAXVALUE
    CACHE 1
);


--
-- Name: django_session; Type: TABLE; Schema: public; Owner: -
--

CREATE TABLE public.django_session (
    session_key character varying(40) NOT NULL,
    session_data text NOT NULL,
    expire_date timestamp with time zone NOT NULL
);


--
-- Name: tests_opcionvalores; Type: TABLE; Schema: public; Owner: -
--

CREATE TABLE public.tests_opcionvalores (
    id bigint NOT NULL,
    letra character varying(1) NOT NULL,
    texto character varying(300) NOT NULL,
    columna character varying(1) NOT NULL,
    pregunta_id bigint NOT NULL
);


--
-- Name: tests_opcionvalores_id_seq; Type: SEQUENCE; Schema: public; Owner: -
--

ALTER TABLE public.tests_opcionvalores ALTER COLUMN id ADD GENERATED BY DEFAULT AS IDENTITY (
    SEQUENCE NAME public.tests_opcionvalores_id_seq
    START WITH 1
    INCREMENT BY 1
    NO MINVALUE
    NO MAXVALUE
    CACHE 1
);


--
-- Name: tests_partetest; Type: TABLE; Schema: public; Owner: -
--

CREATE TABLE public.tests_partetest (
    id bigint NOT NULL,
    tipo character varying(10) NOT NULL,
    instrucciones text NOT NULL,
    test_id bigint NOT NULL
);


--
-- Name: tests_partetest_id_seq; Type: SEQUENCE; Schema: public; Owner: -
--

ALTER TABLE public.tests_partetest ALTER COLUMN id ADD GENERATED BY DEFAULT AS IDENTITY (
    SEQUENCE NAME public.tests_partetest_id_seq
    START WITH 1
    INCREMENT BY 1
    NO MINVALUE
    NO MAXVALUE
    CACHE 1
);


--
-- Name: tests_preguntavalores; Type: TABLE; Schema: public; Owner: -
--

CREATE TABLE public.tests_preguntavalores (
    id bigint NOT NULL,
    texto text NOT NULL,
    pagina smallint NOT NULL,
    parte_id bigint NOT NULL,
    CONSTRAINT tests_preguntavalores_pagina_check CHECK ((pagina >= 0))
);


--
-- Name: tests_preguntavalores_id_seq; Type: SEQUENCE; Schema: public; Owner: -
--

ALTER TABLE public.tests_preguntavalores ALTER COLUMN id ADD GENERATED BY DEFAULT AS IDENTITY (
    SEQUENCE NAME public.tests_preguntavalores_id_seq
    START WITH 1
    INCREMENT BY 1
    NO MINVALUE
    NO MAXVALUE
    CACHE 1
);


--
-- Name: tests_problemadomino; Type: TABLE; Schema: public; Owner: -
--

CREATE TABLE public.tests_problemadomino (
    id bigint NOT NULL,
    numero integer NOT NULL,
    tipo character varying(10) NOT NULL,
    matriz_filas integer,
    matriz_columnas integer,
    fichas jsonb NOT NULL,
    respuesta jsonb NOT NULL,
    configuracion_extra jsonb,
    test_id bigint NOT NULL,
    CONSTRAINT tests_problemadomino_matriz_columnas_check CHECK ((matriz_columnas >= 0)),
    CONSTRAINT tests_problemadomino_matriz_filas_check CHECK ((matriz_filas >= 0)),
    CONSTRAINT tests_problemadomino_numero_check CHECK ((numero >= 0))
);


--
-- Name: tests_problemadomino_id_seq; Type: SEQUENCE; Schema: public; Owner: -
--

ALTER TABLE public.tests_problemadomino ALTER COLUMN id ADD GENERATED BY DEFAULT AS IDENTITY (
    SEQUENCE NAME public.tests_problemadomino_id_seq
    START WITH 1
    INCREMENT BY 1
    NO MINVALUE
    NO MAXVALUE
    CACHE 1
);


--
-- Name: tests_resultadodomino; Type: TABLE; Schema: public; Owner: -
--

CREATE TABLE public.tests_resultadodomino (
    id bigint NOT NULL,
    fecha timestamp with time zone NOT NULL,
    respuestas jsonb NOT NULL,
    puntuacion integer NOT NULL,
    percentil double precision,
    tiempo_utilizado integer NOT NULL,
    usuario_id bigint NOT NULL,
    test_id bigint NOT NULL,
    baremo jsonb NOT NULL,
    diagnostico character varying(50) NOT NULL,
    eficiencia double precision NOT NULL,
    grupo_edad character varying(20) NOT NULL,
    CONSTRAINT tests_resultadodomino_puntuacion_check CHECK ((puntuacion >= 0)),
    CONSTRAINT tests_resultadodomino_tiempo_utilizado_check CHECK ((tiempo_utilizado >= 0))
);


--
-- Name: tests_resultadodomino_id_seq; Type: SEQUENCE; Schema: public; Owner: -
--

ALTER TABLE public.tests_resultadodomino ALTER COLUMN id ADD GENERATED BY DEFAULT AS IDENTITY (
    SEQUENCE NAME public.tests_resultadodomino_id_seq
    START WITH 1
    INCREMENT BY 1
    NO MINVALUE
    NO MAXVALUE
    CACHE 1
);


--
-- Name: tests_resultadovalores; Type: TABLE; Schema: public; Owner: -
--

CREATE TABLE public.tests_resultadovalores (
    id bigint NOT NULL,
    fecha_completado timestamp with time zone NOT NULL,
    teorico double precision NOT NULL,
    economico double precision NOT NULL,
    estetico double precision NOT NULL,
    social double precision NOT NULL,
    politico double precision NOT NULL,
    religioso double precision NOT NULL,
    teorico_percentil double precision,
    economico_percentil double precision,
    estetico_percentil double precision,
    social_percentil double precision,
    politico_percentil double precision,
    religioso_percentil double precision,
    usuario_id bigint NOT NULL,
    test_id bigint NOT NULL,
    clasificaciones jsonb NOT NULL,
    descripcion_dominante text NOT NULL,
    fecha_creacion timestamp with time zone NOT NULL,
    meta_dominante character varying(255) NOT NULL,
    rangos_valores jsonb NOT NULL,
    valor_dominante character varying(50) NOT NULL
);


--
-- Name: tests_resultadovalores_id_seq; Type: SEQUENCE; Schema: public; Owner: -
--

ALTER TABLE public.tests_resultadovalores ALTER COLUMN id ADD GENERATED BY DEFAULT AS IDENTITY (
    SEQUENCE NAME public.tests_resultadovalores_id_seq
    START WITH 1
    INCREMENT BY 1
    NO MINVALUE
    NO MAXVALUE
    CACHE 1
);


--
-- Name: tests_testdomino; Type: TABLE; Schema: public; Owner: -
--

CREATE TABLE public.tests_testdomino (
    id bigint NOT NULL,
    nombre character varying(100) NOT NULL,
    descripcion text NOT NULL,
    tiempo_limite integer NOT NULL,
    instrucciones text NOT NULL,
    tipo_disposicion character varying(10) NOT NULL,
    CONSTRAINT tests_testdomino_tiempo_limite_check CHECK ((tiempo_limite >= 0))
);


--
-- Name: tests_testdomino_id_seq; Type: SEQUENCE; Schema: public; Owner: -
--

ALTER TABLE public.tests_testdomino ALTER COLUMN id ADD GENERATED BY DEFAULT AS IDENTITY (
    SEQUENCE NAME public.tests_testdomino_id_seq
    START WITH 1
    INCREMENT BY 1
    NO MINVALUE
    NO MAXVALUE
    CACHE 1
);


--
-- Name: tests_testvalores; Type: TABLE; Schema: public; Owner: -
--

CREATE TABLE public.tests_testvalores (
    id bigint NOT NULL,
    nombre character varying(200) NOT NULL,
    autor character varying(100) NOT NULL,
    descripcion text
);


--
-- Name: tests_testvalores_id_seq; Type: SEQUENCE; Schema: public; Owner: -
--

ALTER TABLE public.tests_testvalores ALTER COLUMN id ADD GENERATED BY DEFAULT AS IDENTITY (
    SEQUENCE NAME public.tests_testvalores_id_seq
    START WITH 1
    INCREMENT BY 1
    NO MINVALUE
    NO MAXVALUE
    CACHE 1
);


--
-- Name: users_customuser; Type: TABLE; Schema: public; Owner: -
--

CREATE TABLE public.users_customuser (
    id bigint NOT NULL,
    password character varying(128) NOT NULL,
    last_login timestamp with time zone,
    is_superuser boolean NOT NULL,
    username character varying(150) NOT NULL,
    email character varying(254) NOT NULL,
    is_staff boolean NOT NULL,
    is_active boolean NOT NULL,
    date_joined timestamp with time zone NOT NULL,
    full_name character varying(255) NOT NULL,
    date_of_birth date,
    gender character varying(1) NOT NULL,
    institution character varying(255),
    education_level character varying(255),
    occupation character varying(255)
);


--
-- Name: users_customuser_groups; Type: TABLE; Schema: public; Owner: -
--

CREATE TABLE public.users_customuser_groups (
    id bigint NOT NULL,
    customuser_id bigint NOT NULL,
    group_id integer NOT NULL
);


--
-- Name: users_customuser_groups_id_seq; Type: SEQUENCE; Schema: public; Owner: -
--

ALTER TABLE public.users_customuser_groups ALTER COLUMN id ADD GENERATED BY DEFAULT AS IDENTITY (
    SEQUENCE NAME public.users_customuser_groups_id_seq
    START WITH 1
    INCREMENT BY 1
    NO MINVALUE
    NO MAXVALUE
    CACHE 1
);


--
-- Name: users_customuser_id_seq; Type: SEQUENCE; Schema: public; Owner: -
--

ALTER TABLE public.users_customuser ALTER COLUMN id ADD GENERATED BY DEFAULT AS IDENTITY (
    SEQUENCE NAME public.users_customuser_id_seq
    START WITH 1
    INCREMENT BY 1
    NO MINVALUE
    NO MAXVALUE
    CACHE 1
);


--
-- Name: users_customuser_user_permissions; Type: TABLE; Schema: public; Owner: -
--

CREATE TABLE public.users_customuser_user_permissions (
    id bigint NOT NULL,
    customuser_id bigint NOT NULL,
    permission_id integer NOT NULL
);


--
-- Name: users_customuser_user_permissions_id_seq; Type: SEQUENCE; Schema: public; Owner: -
--

ALTER TABLE public.users_customuser_user_permissions ALTER COLUMN id ADD GENERATED BY DEFAULT AS IDENTITY (
    SEQUENCE NAME public.users_customuser_user_permissions_id_seq
    START WITH 1
    INCREMENT BY 1
    NO MINVALUE
    NO MAXVALUE
    CACHE 1
);


--
-- Data for Name: auth_group; Type: TABLE DATA; Schema: public; Owner: -
--

COPY public.auth_group (id, name) FROM stdin;
\.


--
-- Data for Name: auth_group_permissions; Type: TABLE DATA; Schema: public; Owner: -
--

COPY public.auth_group_permissions (id, group_id, permission_id) FROM stdin;
\.


--
-- Data for Name: auth_permission; Type: TABLE DATA; Schema: public; Owner: -
--

COPY public.auth_permission (id, name, content_type_id, codename) FROM stdin;
1	Can add log entry	1	add_logentry
2	Can change log entry	1	change_logentry
3	Can delete log entry	1	delete_logentry
4	Can view log entry	1	view_logentry
5	Can add permission	2	add_permission
6	Can change permission	2	change_permission
7	Can delete permission	2	delete_permission
8	Can view permission	2	view_permission
9	Can add group	3	add_group
10	Can change group	3	change_group
11	Can delete group	3	delete_group
12	Can view group	3	view_group
13	Can add content type	4	add_contenttype
14	Can change content type	4	change_contenttype
15	Can delete content type	4	delete_contenttype
16	Can view content type	4	view_contenttype
17	Can add session	5	add_session
18	Can change session	5	change_session
19	Can delete session	5	delete_session
20	Can view session	5	view_session
21	Can add user	6	add_customuser
22	Can change user	6	change_customuser
23	Can delete user	6	delete_customuser
24	Can view user	6	view_customuser
25	Can add pregunta valores	7	add_preguntavalores
26	Can change pregunta valores	7	change_preguntavalores
27	Can delete pregunta valores	7	delete_preguntavalores
28	Can view pregunta valores	7	view_preguntavalores
29	Can add resultado valores	8	add_resultadovalores
30	Can change resultado valores	8	change_resultadovalores
31	Can delete resultado valores	8	delete_resultadovalores
32	Can view resultado valores	8	view_resultadovalores
33	Can add test valores	9	add_testvalores
34	Can change test valores	9	change_testvalores
35	Can delete test valores	9	delete_testvalores
36	Can view test valores	9	view_testvalores
37	Can add opcion valores	10	add_opcionvalores
38	Can change opcion valores	10	change_opcionvalores
39	Can delete opcion valores	10	delete_opcionvalores
40	Can view opcion valores	10	view_opcionvalores
41	Can add parte test	11	add_partetest
42	Can change parte test	11	change_partetest
43	Can delete parte test	11	delete_partetest
44	Can view parte test	11	view_partetest
45	Can add resultado domino	12	add_resultadodomino
46	Can change resultado domino	12	change_resultadodomino
47	Can delete resultado domino	12	delete_resultadodomino
48	Can view resultado domino	12	view_resultadodomino
49	Can add problema domino	13	add_problemadomino
50	Can change problema domino	13	change_problemadomino
51	Can delete problema domino	13	delete_problemadomino
52	Can view problema domino	13	view_problemadomino
53	Can add test domino	14	add_testdomino
54	Can change test domino	14	change_testdomino
55	Can delete test domino	14	delete_testdomino
56	Can view test domino	14	view_testdomino
57	Can add Curso	15	add_curso
58	Can change Curso	15	change_curso
59	Can delete Curso	15	delete_curso
60	Can view Curso	15	view_curso
61	Puede ver todos los cursos	15	puede_ver_todos_cursos
62	Puede asignar instructores	15	puede_asignar_instructores
63	Can add inscripcion	16	add_inscripcion
64	Can change inscripcion	16	change_inscripcion
65	Can delete inscripcion	16	delete_inscripcion
66	Can view inscripcion	16	view_inscripcion
67	Can add Lección	17	add_leccion
68	Can change Lección	17	change_leccion
69	Can delete Lección	17	delete_leccion
70	Can view Lección	17	view_leccion
71	Can add Lección completada	18	add_leccioncompletada
72	Can change Lección completada	18	change_leccioncompletada
73	Can delete Lección completada	18	delete_leccioncompletada
74	Can view Lección completada	18	view_leccioncompletada
75	Can add recurso leccion	19	add_recursoleccion
76	Can change recurso leccion	19	change_recursoleccion
77	Can delete recurso leccion	19	delete_recursoleccion
78	Can view recurso leccion	19	view_recursoleccion
\.


--
-- Data for Name: courses_curso; Type: TABLE DATA; Schema: public; Owner: -
--

COPY public.courses_curso (id, titulo, slug, descripcion, imagen, publicado, creado_en, actualizado_en, instructor_id) FROM stdin;
2	Primer curso varios elementos	primer-curso-varios-elementos	<p><span style="color:#c0392b"><em><strong>Curso enfocado &uacute;nicamente para probar diferentes factores</strong></em></span></p>	cursos/portadas/album20240127232416_wc7Dpua.jpg	t	2026-06-09 01:50:55.823115-06	2026-06-09 01:50:55.823115-06	1
\.


--
-- Data for Name: courses_inscripcion; Type: TABLE DATA; Schema: public; Owner: -
--

COPY public.courses_inscripcion (id, inscrito_en, completado, certificado_generado, progreso, curso_id, estudiante_id) FROM stdin;
1	2026-06-09 02:32:41.203867-06	t	f	100	2	2
\.


--
-- Data for Name: courses_leccion; Type: TABLE DATA; Schema: public; Owner: -
--

COPY public.courses_leccion (id, titulo, orden, vista_previa_gratis, curso_id) FROM stdin;
3	Lección 1: Introducción	1	t	2
\.


--
-- Data for Name: courses_leccioncompletada; Type: TABLE DATA; Schema: public; Owner: -
--

COPY public.courses_leccioncompletada (id, completada_en, inscripcion_id, leccion_id) FROM stdin;
1	2026-06-09 03:01:01.023693-06	1	3
\.


--
-- Data for Name: courses_recursoleccion; Type: TABLE DATA; Schema: public; Owner: -
--

COPY public.courses_recursoleccion (id, tipo, orden, contenido_texto, video_url, archivo, leccion_id) FROM stdin;
1	texto	1	<p><span style="color:#2ecc71"><em>Este ser&iacute;a el inicio del curso, puede presentar alguna imagen como esta</em></span></p>\r\n\r\n<p><img src="data:image/jpeg;base64,/9j/4AAQSkZJRgABAQEAYABgAAD/4Tl2RXhpZgAATU0AKgAAAAgABgALAAIAAAAmAAAIYgESAAMAAAABAAEAAAExAAIAAAAmAAAIiAEyAAIAAAAUAAAIrodpAAQAAAABAAAIwuocAAcAAAgMAAAAVgAAEUYc6gAAAAgAAAAAAAAAAAAAAAAAAAAAAAAAAAAAAAAAAAAAAAAAAAAAAAAAAAAAAAAAAAAAAAAAAAAAAAAAAAAAAAAAAAAAAAAAAAAAAAAAAAAAAAAAAAAAAAAAAAAAAAAAAAAAAAAAAAAAAAAAAAAAAAAAAAAAAAAAAAAAAAAAAAAAAAAAAAAAAAAAAAAAAAAAAAAAAAAAAAAAAAAAAAAAAAAAAAAAAAAAAAAAAAAAAAAAAAAAAAAAAAAAAAAAAAAAAAAAAAAAAAAAAAAAAAAAAAAAAAAAAAAAAAAAAAAAAAAAAAAAAAAAAAAAAAAAAAAAAAAAAAAAAAAAAAAAAAAAAAAAAAAAAAAAAAAAAAAAAAAAAAAAAAAAAAAAAAAAAAAAAAAAAAAAAAAAAAAAAAAAAAAAAAAAAAAAAAAAAAAAAAAAAAAAAAAAAAAAAAAAAAAAAAAAAAAAAAAAAAAAAAAAAAAAAAAAAAAAAAAAAAAAAAAAAAAAAAAAAAAAAAAAAAAAAAAAAAAAAAAAAAAAAAAAAAAAAAAAAAAAAAAAAAAAAAAAAAAAAAAAAAAAAAAAAAAAAAAAAAAAAAAAAAAAAAAAAAAAAAAAAAAAAAAAAAAAAAAAAAAAAAAAAAAAAAAAAAAAAAAAAAAAAAAAAAAAAAAAAAAAAAAAAAAAAAAAAAAAAAAAAAAAAAAAAAAAAAAAAAAAAAAAAAAAAAAAAAAAAAAAAAAAAAAAAAAAAAAAAAAAAAAAAAAAAAAAAAAAAAAAAAAAAAAAAAAAAAAAAAAAAAAAAAAAAAAAAAAAAAAAAAAAAAAAAAAAAAAAAAAAAAAAAAAAAAAAAAAAAAAAAAAAAAAAAAAAAAAAAAAAAAAAAAAAAAAAAAAAAAAAAAAAAAAAAAAAAAAAAAAAAAAAAAAAAAAAAAAAAAAAAAAAAAAAAAAAAAAAAAAAAAAAAAAAAAAAAAAAAAAAAAAAAAAAAAAAAAAAAAAAAAAAAAAAAAAAAAAAAAAAAAAAAAAAAAAAAAAAAAAAAAAAAAAAAAAAAAAAAAAAAAAAAAAAAAAAAAAAAAAAAAAAAAAAAAAAAAAAAAAAAAAAAAAAAAAAAAAAAAAAAAAAAAAAAAAAAAAAAAAAAAAAAAAAAAAAAAAAAAAAAAAAAAAAAAAAAAAAAAAAAAAAAAAAAAAAAAAAAAAAAAAAAAAAAAAAAAAAAAAAAAAAAAAAAAAAAAAAAAAAAAAAAAAAAAAAAAAAAAAAAAAAAAAAAAAAAAAAAAAAAAAAAAAAAAAAAAAAAAAAAAAAAAAAAAAAAAAAAAAAAAAAAAAAAAAAAAAAAAAAAAAAAAAAAAAAAAAAAAAAAAAAAAAAAAAAAAAAAAAAAAAAAAAAAAAAAAAAAAAAAAAAAAAAAAAAAAAAAAAAAAAAAAAAAAAAAAAAAAAAAAAAAAAAAAAAAAAAAAAAAAAAAAAAAAAAAAAAAAAAAAAAAAAAAAAAAAAAAAAAAAAAAAAAAAAAAAAAAAAAAAAAAAAAAAAAAAAAAAAAAAAAAAAAAAAAAAAAAAAAAAAAAAAAAAAAAAAAAAAAAAAAAAAAAAAAAAAAAAAAAAAAAAAAAAAAAAAAAAAAAAAAAAAAAAAAAAAAAAAAAAAAAAAAAAAAAAAAAAAAAAAAAAAAAAAAAAAAAAAAAAAAAAAAAAAAAAAAAAAAAAAAAAAAAAAAAAAAAAAAAAAAAAAAAAAAAAAAAAAAAAAAAAAAAAAAAAAAAAAAAAAAAAAAAAAAAAAAAAAAAAAAAAAAAAAAAAAAAAAAAAAAAAAAAAAAAAAAAAAAAAAAAAAAAAAAAAAAAAAAAAAAAAAAAAAAAAAAAAAAAAAAAAAAAAAAAAAAAAAAAAAAAAAAAAAAAAAAAAAAAAAAAAAAAAAAAAAAAAAAAAAAAAAAAAAAAAAAAAAAAAAAAAAAAAAAAAAAAAAAAAAAAAAAAAAAAAAAAAAAAAAAAAAAAAAAAAAAAAAAAAAAAAAAAAAAAAAAAAAAAAAAAAAAAAAAAAAAAAAAAAAAAAAAAAAAAAAAAAAAAAAAAAAAAAAAAAAAAAAAAAAAAAAAAAAAAAAAAAAAAAAAAAAAAAAAAAAAAAAAAAAAAAAAAAAAAAAAAAAAAAAAAAAAAAAAAAAAAAAAAAAAAAAAAAAAAAAAAAAAAAAAAAAAAAAAAAAAAAAAAAAAAAAAAAAAAAAAAAAAAAAAAAAAAAAAAAAAAAAAAAAAAAAAAAAAAAAAAAAAAAAAAAAAAAAAAAAAAAAAAAAAAAAAAAAAAAAAAAAAAAAAAAAAAAAAAAAAAAAAAAAAAAAAAAAAAAAAAAAAAAAAAAAAAAAAAAAAAAAAAAAAAAAAAAAAAAAAAAAAAAAAAAAAAAAAAAAAAAAAAAAAAAAAAAAAAAAAAAAAAAAAAAAAAAAAAAAAAAAAAAAAAAAAAAAAAAAAAAAAAAAAAAAAAAAAAAAAAAAAAAAAAAAAAAAAAAAAAAAAAAAAAAAAAAAAAAAAAAAAAAAAAAAAAAAAAAAAAAAAAAAAAAAAAAAAAAAAAAAAAAAAAAAAAAAAAAAAAAAAAAAAAAAAAAAAAAAAAAAAAAAAAAAAAAAAAAAAAAAAAAAAAAAAAAAAAAAAAAAAAAAAAAAAAAAAAAAAAAAAAAAAAAAAAAAAAAAAAAAAAAAAAAAAAAAAAAAAAAAAAAAAAAAAAAAAAAAAAAAAAAAAAAAAAAAAAAAAAAAAAAAAAAAAAAAAAAAAAAAAAFdpbmRvd3MgUGhvdG8gRWRpdG9yIDEwLjAuMTAwMTEuMTYzODQAV2luZG93cyBQaG90byBFZGl0b3IgMTAuMC4xMDAxMS4xNjM4NAAyMDIyOjA1OjI2IDA4OjA2OjA2AAAGkAMAAgAAABQAABEckAQAAgAAABQAABEwkpEAAgAAAAMwMAAAkpIAAgAAAAMwMAAAoAEAAwAAAAEAAQAA6hwABwAACAwAAAkQAAAAABzqAAAACAAAAAAAAAAAAAAAAAAAAAAAAAAAAAAAAAAAAAAAAAAAAAAAAAAAAAAAAAAAAAAAAAAAAAAAAAAAAAAAAAAAAAAAAAAAAAAAAAAAAAAAAAAAAAAAAAAAAAAAAAAAAAAAAAAAAAAAAAAAAAAAAAAAAAAAAAAAAAAAAAAAAAAAAAAAAAAAAAAAAAAAAAAAAAAAAAAAAAAAAAAAAAAAAAAAAAAAAAAAAAAAAAAAAAAAAAAAAAAAAAAAAAAAAAAAAAAAAAAAAAAAAAAAAAAAAAAAAAAAAAAAAAAAAAAAAAAAAAAAAAAAAAAAAAAAAAAAAAAAAAAAAAAAAAAAAAAAAAAAAAAAAAAAAAAAAAAAAAAAAAAAAAAAAAAAAAAAAAAAAAAAAAAAAAAAAAAAAAAAAAAAAAAAAAAAAAAAAAAAAAAAAAAAAAAAAAAAAAAAAAAAAAAAAAAAAAAAAAAAAAAAAAAAAAAAAAAAAAAAAAAAAAAAAAAAAAAAAAAAAAAAAAAAAAAAAAAAAAAAAAAAAAAAAAAAAAAAAAAAAAAAAAAAAAAAAAAAAAAAAAAAAAAAAAAAAAAAAAAAAAAAAAAAAAAAAAAAAAAAAAAAAAAAAAAAAAAAAAAAAAAAAAAAAAAAAAAAAAAAAAAAAAAAAAAAAAAAAAAAAAAAAAAAAAAAAAAAAAAAAAAAAAAAAAAAAAAAAAAAAAAAAAAAAAAAAAAAAAAAAAAAAAAAAAAAAAAAAAAAAAAAAAAAAAAAAAAAAAAAAAAAAAAAAAAAAAAAAAAAAAAAAAAAAAAAAAAAAAAAAAAAAAAAAAAAAAAAAAAAAAAAAAAAAAAAAAAAAAAAAAAAAAAAAAAAAAAAAAAAAAAAAAAAAAAAAAAAAAAAAAAAAAAAAAAAAAAAAAAAAAAAAAAAAAAAAAAAAAAAAAAAAAAAAAAAAAAAAAAAAAAAAAAAAAAAAAAAAAAAAAAAAAAAAAAAAAAAAAAAAAAAAAAAAAAAAAAAAAAAAAAAAAAAAAAAAAAAAAAAAAAAAAAAAAAAAAAAAAAAAAAAAAAAAAAAAAAAAAAAAAAAAAAAAAAAAAAAAAAAAAAAAAAAAAAAAAAAAAAAAAAAAAAAAAAAAAAAAAAAAAAAAAAAAAAAAAAAAAAAAAAAAAAAAAAAAAAAAAAAAAAAAAAAAAAAAAAAAAAAAAAAAAAAAAAAAAAAAAAAAAAAAAAAAAAAAAAAAAAAAAAAAAAAAAAAAAAAAAAAAAAAAAAAAAAAAAAAAAAAAAAAAAAAAAAAAAAAAAAAAAAAAAAAAAAAAAAAAAAAAAAAAAAAAAAAAAAAAAAAAAAAAAAAAAAAAAAAAAAAAAAAAAAAAAAAAAAAAAAAAAAAAAAAAAAAAAAAAAAAAAAAAAAAAAAAAAAAAAAAAAAAAAAAAAAAAAAAAAAAAAAAAAAAAAAAAAAAAAAAAAAAAAAAAAAAAAAAAAAAAAAAAAAAAAAAAAAAAAAAAAAAAAAAAAAAAAAAAAAAAAAAAAAAAAAAAAAAAAAAAAAAAAAAAAAAAAAAAAAAAAAAAAAAAAAAAAAAAAAAAAAAAAAAAAAAAAAAAAAAAAAAAAAAAAAAAAAAAAAAAAAAAAAAAAAAAAAAAAAAAAAAAAAAAAAAAAAAAAAAAAAAAAAAAAAAAAAAAAAAAAAAAAAAAAAAAAAAAAAAAAAAAAAAAAAAAAAAAAAAAAAAAAAAAAAAAAAAAAAAAAAAAAAAAAAAAAAAAAAAAAAAAAAAAAAAAAAAAAAAAAAAAAAAAAAAAAAAAAAAAAAAAAAAAAAAAAAAAAAAAAAAAAAAAAAAAAAAAAAAAAAAAAAAAAAAAAAAAAAAAAAAAAAAAAAAAAAAAAAAAAAAAAAAAAAAAAAAAAAAAAAAAAAAAAAAAAAAAAAAAAAAAAAAAAAAAAAAAAAAAAAAAAAAAAAAAAAAAAAAAAAAAAAAAAAAAAAAAAAAAAAAAAAAAAAAAAAAAAAAAAAAAAAAAAAAAAAAAAAAAAAAAAAAAAAAAAAAAAAAAAAAAAAAAAAAAAAAAAAAAAAAAAAAAAAAAAAAAAAAAAAAAAAAAAAAAAAAAAAAAAAAAAAAAAAAAAAAAAAAAAAAAAAAAAAAAAAAAAAAAAAAAAAAAAAAAAAAAAAAAAAAAAAAAAAAAAAAAAAAAAAAAAAAAAAAAAAAAAAAAAAAAAAAAAAAAAAAAAAAAAAAAAAAAAAAAAAAAAAAAAAAAAAAAAAAAAAAAAAAAAAAAAAAAAAAAAAAAAAAAAAAAAAAAAAAAAAAAAAAAAAAAAAAAAAAAAAAAAAAAAAAAAAAAAAAAAAAAAAAAAAAAAAAAAAAAAAAAAAAAAAAAAAAAAAAAAAAAAAAAAAAAAAAAAAAAAAAAAAAAAAAAAAAAAAAAAAAAAAAAAAAAAAAAAAAAAAAAAAAAAAAAAAAAAAAAAAAAAAAAAAAAAAAAAAAAAAAAAAAAAAAAAAAAAAAAAAAAAAAAAAAAAAAAAAAAAAAAAAAAAAAAAAAAAAAAAAAAAAAAAAAAAAAAAAAAAAAAAAAAAAAAAAAAAAAAAAAAAAAAAAAAAAAAAAAAAAAAAAAAAAAAAAAAAAAAAAAAAAAAAAAAAAAAAAAAAAAAAAAAAAAAAAAAAAAAAAAAAAAAAAAAAAAAAAAAAAAAAAAAAAAAAAAAAAAAAAAAAAAAAAAAAAAAAAAAAAAAAAAAAAAAAAAAAAAAAAAAAAAAAAAAAAAAAAAAAAAAAAAMjAyMjowNToyNiAwODowNDoyOAAyMDIyOjA1OjI2IDA4OjA0OjI4AAAAAAYBAwADAAAAAQAGAAABGgAFAAAAAQAAEZQBGwAFAAAAAQAAEZwBKAADAAAAAQACAAACAQAEAAAAAQAAEaQCAgAEAAAAAQAAJ8oAAAAAAAAAYAAAAAEAAABgAAAAAf/Y/9sAQwAIBgYHBgUIBwcHCQkICgwUDQwLCwwZEhMPFB0aHx4dGhwcICQuJyAiLCMcHCg3KSwwMTQ0NB8nOT04MjwuMzQy/9sAQwEJCQkMCwwYDQ0YMiEcITIyMjIyMjIyMjIyMjIyMjIyMjIyMjIyMjIyMjIyMjIyMjIyMjIyMjIyMjIyMjIyMjIy/8AAEQgBAACSAwEhAAIRAQMRAf/EAB8AAAEFAQEBAQEBAAAAAAAAAAABAgMEBQYHCAkKC//EALUQAAIBAwMCBAMFBQQEAAABfQECAwAEEQUSITFBBhNRYQcicRQygZGhCCNCscEVUtHwJDNicoIJChYXGBkaJSYnKCkqNDU2Nzg5OkNERUZHSElKU1RVVldYWVpjZGVmZ2hpanN0dXZ3eHl6g4SFhoeIiYqSk5SVlpeYmZqio6Slpqeoqaqys7S1tre4ubrCw8TFxsfIycrS09TV1tfY2drh4uPk5ebn6Onq8fLz9PX29/j5+v/EAB8BAAMBAQEBAQEBAQEAAAAAAAABAgMEBQYHCAkKC//EALURAAIBAgQEAwQHBQQEAAECdwABAgMRBAUhMQYSQVEHYXETIjKBCBRCkaGxwQkjM1LwFWJy0QoWJDThJfEXGBkaJicoKSo1Njc4OTpDREVGR0hJSlNUVVZXWFlaY2RlZmdoaWpzdHV2d3h5eoKDhIWGh4iJipKTlJWWl5iZmqKjpKWmp6ipqrKztLW2t7i5usLDxMXGx8jJytLT1NXW19jZ2uLj5OXm5+jp6vLz9PX29/j5+v/aAAwDAQACEQMRAD8A7Dx34h1O58Rw+HdOu5NPjW0F1c3EWPMcMxVUQn7v3SSevSsnRNb1jw9r2mWs2r3epabqNyto8V4wkeJ2ztdGxnGRyPSrUfdueXUx0oYyNC2jPXc/Z/l+9nmjZt/fZ98fWoPUDH2jn7u2jzN37rHtmgAz9n4+9mjZj99n3xQAf8fPX5dtHmZ/dY/2c0AGfs/H3s0bf+W2ffFAB/x8f7O2jzP+WWP9nNAB/wAe/wDtbqNuf32ffFABn7Rx93FHmbf3WP8AZzQAfZh/f/SigDmPFvg2DxLLb3lpdyWGo2ylI7qBQ2UPJR1PDLnnHY1n6D8Pf7P1WLVNV1iTVLu3ybaMQiKKJiMFtoJy2M8k8ZNO7tY55YanKqqzXvIueKtB8T6ncQ3WheKDpUkSFTBLbrJHKc5yc9PToa5mTxB8VPDsZbU/DdjrltH1l0+QqzD129fyWkdBNpfxs0C+BS+stQ0mdOJlkhLqh9yvI/FRXf6brOla1ZC40u/trtSPvQSBiD746H60AXEwAfO69t1J83mZOfLz+GKAFk5x5P47aX5NnGPMx+OaAETjPnfhupPm8zPPl5/DFACvzjyfx20vybO3mY/HNACJxnzvw3UnzeZkZ8vP4YoAV8EDyevfbSjZs5x5mPxzQBHif/b/ADooAfn7Px97PPpR5ez97nPfFABj7R833ccetG/d+5xjtn6UAYfiDwjomvRBdSslklHMdxGfLmjP+y45H8q8v1zwDqnha5GqQC5v7RDkX2nnyb63X1cLxKB64P0oA1NF8f6xDaxz3JXxFprdLmzQJcxjvuj+6/8AwHB9q6//AIWX4ONikza/ZJG3y7WfEgI7GP7wPtigClL8SrJP+QTo2s6qG6SR2phjP/ApCv6CqyeNPEtxJvh8KQ24zkfa9RUfoitQATeI/GspBWy8PpjsZ5m/9lFOXxZ4vgi2zaFpN0Mf8u986H8nTH60AWbP4gm2Rn1jw5q+nxgfPcCMXEKfVoixH4gV0Wj63pHiCBrzSdTtrxF5YQyBivsR1H40AaX/AB8f7O38aN2P3OPbNABj7Pz97P4UeXu/e5/2sUAH2n/Y/WigATGP33XtupBv3/Pny/fpQAr5z+56d9tKduz5ceZj8c0AZWr+ItI8PW/na3fRW4P+rVzl39lUcsfoK5Gfxv4g1YEaDowtLcni61Ylcj2iX5vzIoAwbfwah1SfVL/UJ5Ly45mFoBaxMfXanOfckn3rbttJ06zkMlvZQJIesgQbz9W6n8aALtFABRQA+OR4m3Ruyt6g4qteaTomryebqGniO6H3b6yYwXCn13LjP0NAFiBPFekKH0q/h8R2CDm3uiIbtR6CQfK5/wB4D61r6J4w0vWZjYkTWOsKMvY3sZjmHuAeGHupNAG+mefO6dt1Id+/jPl5/DFAEn7j/ZooAZj7Rz93HHrR5m/91jHbNAEF5fW2j2klzeTxw26Dc8srBVUfU15nqnj7VddkaPwxGbGxbOdTuY/3jf8AXKM9v9pvyoAxbXSbe3ujeStJd37ffvLp/Mlb8T0HsMCuoutUtLODzppVCgZPPSgL2Mg6zqN981tElpbkZDzITI30Xjb+PPtUIhmbme/vZm9fOMf6JtH6VrGHc+bxmbz53GjsuoojuonDW+o3UeP4XfzVP135P5EVcg1yS3bbqUarGSAtzEDtGf7y9V+vI9cUSh1Rpgc2lKap1uvU3AQQCCCDyCKWsj6AKKAHJI8Th42KsOhBxUvjcRGw8M3UqKb9dWtFglxhlLN84B9CgbIoA7HP2jj7uPxo8zb+5x/s5zQAfZf9v9KKAB85Hk9O+2q2qahbaTo93qM5wlrC0z7euFGTQB41cS6h4suItU8QOWjyJLXTQf3VuOxYfxv7npzitCgCG6uo7OBppc4HAUdWJ6Ae9ZemW0+pzjVNQ+4Dm1twcog/vn1Y9j6dOtXBXZ5ma4h0sO0t3obtFbnyAUdRg0ALpdwdNuo7I/8AHlMcQ+kLf3P909vQ8dxjoq55KzPtcvr+3w6k91oFFSdoqKWdVHUnFWPFsRu/F/grTgMxpdy3knsIoiAfzcD8aAOvfGB5PXvtpRs2c48zH45oAj/f/wC3RQA/P2fj72eaxPGOnNfeC9bgQ5aaylVQB3KHFAHmGk3QvtIs7of8tYUf8SBVygDntQP9o6ktvndF5n2dAPXGZGz/ALoKj0OfWujVQqhVACgYAHatqa0Pmc8qXqRh2QtFaHhhRQBFcwC5t3iYkbhww6qexHuDzW5pd59v0yC4Iw7LiQf3XHDD8CCKyqI+iyKppOHzLlIzKilmYKqjJJOABWR9AUbXxTosF/bF7l5QW3J5MLyb8c8EDBHTnNZuoeN7yfx+dR03Q5bm3t9NNqn2qdYQjvIGZuNx6InGM0AQXHjnxxPefZrJNFtc8yEJJMYh7sSAT7Yqa08aeIdBv7e5168t9R0uSVY53jthFJbliAH4OCoPXvzVKLtc86pmMIYlULbnrX2oEZC/rRUnogmCP33XtupPmLbXBMR656YoA8Q0qFdOn1PRVGBpl7JAgP8AzzJ3p/46wH4Vos21GY9hmgDD0eMC4szjkwSSN/vMVJP5k/nXQVvT+E+Rzh3xT9EFFWeWFFABVzQTi3ukHAS5bH4gMf1Y1nU2PayN/v5Ly/U1WdURndgqqMkk4AFc7erJqUDX1ywTToxvihb/AJaDszDHJPZfp36Yn1BX/s25tLWS/uArXcuFSEHO3JwsY/E8n6noKdNp0mj6UW85JLqRsDdn95K39P5Ae1CInNQi5PoFpbLaQCMHcxO53PV2PUmoNZhW50S/hcZV7dx/46a6baWPh1Uc63tHu3c9M8L6pHd+EdFuZ8NNNYQSOc9WMak/rRXMfdm7j7RyPlxxR5m8eVjHbNAHlHjG0XSPiMrquI9Xst5PrLCdp/8AHGX/AL5qrKu+F1/vKRQBjaW4FzYEnG+2ZR7n5D/IGt+t6ex8jnCtim/JBRVnlhRQAVc0DDWtxKOj3L4/4DhT+qms6mx7WRr99J+X6l2YRT31jZ3BxbTS7p+M5jUZI+hO0H2JrqLmCx1LWrGzitreS2iU3kzBQRkHEan6tub/ALZ1ifUEs9jbXfiW3hMMXlWcJuGQIOXclEJ+gEn5j0rkvGMsM3iOK0ht41jsYtxdVAzK/b6hR/4/VQWpwZnU5MLJ99DGqhrc4ttB1CY/wW0h/HacVu9j5Ckr1IrzR6l4c0QWXhjSbSTG+CyhjbjuqAH+VFcx98bD5BHk9O+3mlITZlceZ7daAOC+KduU8N2ms7czaXexykkc+U/7tx9MMD/wGud6jIoA5t0NpLJGu55bObz4lHUxtngfgWX8K6WKRJokljYMjqGVh3BrWm9D5vPKdpxn30HUVqeCFFAEN1MYLdnVS8hwsaDqzHgD8TW/p9othp8Fqpz5aAE/3j3P4nJrKoz6PI6dozn8iteSpDrVi0jbVMMwz75j/wDr1NY3TJrV3LbzEMIohlG7Zf8AxrI940NE8QTrrOsS3CCUiWOHcODtWNWH6ua5l746ne3uoEEC4uZCoP8AcU7F/wDHVFaU9zx86lagl3YVmavaPq02m6JEfn1C8jjYd/LU75D+CqfzrSWx4OBjz4mC8z2secAAA+B7UVzn248H7PwfmzzR5ew+bnPfFAFLWNNj17Rr6wlAEdzA8LA8/eBGf1rxvw/PNPotuLkEXMIME4PUSISrZ/EUAUNV1vRPOKHVraC9tyVG5uh7q3tVfQvE+nmd7RbqMxbjgB8+We/PdD1B7dDiqg7M8/MsP7eg0t1qdbRXQfGhTXdIo2kkYKijLMTgAUDSbdkT6VZPdXK39wjJGmfs8bZBJ6F2HbjoPQk9+N2ueTuz7bA0PYUIw6mP4gicW8N4i7hbPmQDr5ZGCR9OD9AaxFm8vVkZDmO5g+V1PGVOf1DE/wDATUnWTadeXFvqGpoHzumSTDc8GNV/9lNJpRzpFme5hQn64FaU9zws8/hw9S5V34f6b/bHia98RuD9l05TZWZI4d+srj6YVfzqqj0OHJqfNiObsj0/7SP7v60VifViJhh++69s8UgLl9rZ8v3HFACvlT+56d8c149qlq2lePtasiMRXmzUYf8AgY2yf+Prn8fegDxDx/ZCy8YXm0YWfbMP+BDn9c1zQYqcqSCO4oA6vQfiBq2ixrbyEXlsvRJT8yj0Df45rs7f4q6PIgM9pdxP3ACsPzyK0jO254WMyj2k+ek7X6E0PxHtNR1C20/SrCea7upVhi85hGm5jgZPPH4V6Hb/AA11u88u51PX1t7lDlIbW1WSBPc7+XPvxjtRKd9EXgcqVGXtKjuy7ceFPGNt/wAemt6TfD0ns3iP5q5/lVc2Pji3H73Q9Mu/+vbUCh/J1/rWZ7RXn1TWLIf6d4R1qP1MCRzj/wAcY/yrmr680RpFlEmpaNKr+ZtuNPlEWeeoK4GQSDgjrQBSt9e36nczpaXF1ZxRrHNe2UTzQhvvLkgZHDNnjir2gapY3MMlpb3kMzQO20K3OwnK8e2cfhV03qeTnNJzoJroyyn2rxJqP9h6HIDI3F3eLylpH3Oehc9l/GvXtI0u30PS7XSrBCllbII0HXI7kn1PJJ96Ju7HlOGdGjzS3kaOyD/Z/OioPVGEfaORxjjmjzA48oDB6ZoAAfs/ynnPPFeefE3T3guNE8QR/diuDa3H/XOboT7Bwn50AeN/FfTgYbHUlX5lYwOfUHlf/ZvzrzCgAooA634YWn234maBD/09B/8AvkFv6V9leYCPKxz93NACA/Z+Dzn0o28+dnjrigAP+kdONvrS+YMeVjn7uaAGqBbdRnd6Vh6t4L8Oa7ObzUtFsriQ8mRogHP1YcmgDR03StP06yWy0uygsrdDkRxIFGT347+9XfMCjysc/dzQA37M394UUAK+UI8rp3xzSkKE3Ljf7daABMOCZevbPFYnivR28QeGNT0ndt8+FhEx6K45Q/gwFAHiurRDxJ4DlIXdM8G8L3WVeo+uQRXhtABRQB3nwaGfitovqDMR9fKevrvCbNwx5mM9ec0AInz583t0zxSZbzNv/LPP4YoAV/kx5Xfrjmlwmzdx5mM9ec0AInz583t0zxSZbzNo/wBXn8MUAK+EA8rqeuOaUBNm448zGevOaAI983+1+VFADwfs/B5zzxR5ZQ+bnI64oACPtHzDjHHNG/cPJxz0z9KAPGJrJdD8Xa5ooyEEwvYPTy5uSB7Bw4/KvCPFOmHSfEl7abdqCQvH6bW5H86AMeigDt/hU76d8V9D85GjcTsjKwwRuRh/WvrDWdUs9A0m41i/lCW8C7yO7Hso9STgAepoG007HAp8ZLJ7qOPUdB1GwiBHmzMUdYlboxAOSvqQOOfSvS0mSWJVjYMrAbXByCD3pJ3LqUp03aSHD/R+vO70o8s583PH3sUzMD/pHTjHrRuwPJxz0zQAAfZ+Tzn0o8ssfNzx97FAC/aR/dNFACJhxmbqOmeKQM5fa2fL+lACuShxD0PXHNKQoTev+sxn8aAPNfiVbNaaromvbPvSHT7lsfwP80ZP0cY/4FXjvxW0s7rLVUHBBgk/mv8AWgDzSnRqWkVR1JAoGtz0uPVbe58aRSxwxJrOlXQa2y21btUP+rY9mwODXbeKfFl34uv7IR6fdRWkLqllp06Ye5uyPvMP7ievTqazT0serOClW9vbRXv6r/MrN4fu9F1n+xNclinuVj+0wTxLhZo3/wBZHj0DEjHptNdf8OdafTtRk8JXUhlVIjPpspbLCMEbom/3cjHt9KI6SsViUq2DjW6rc9NT95nzu3TPFJufft58vOOnatDxxX/d48nv1xzS4XZvP+s/r9KAETMmfO6DpnikLOH2jPl5x07UASeXD7f99UUAMYfaOV4xxzSlw6+UAc9M0AIp+zja3OeeKTaVbzj93rjvzQBkeLNGPijwvqGmRkLJLCREzfwyD5kP4MBXiepW58UeBpUdCLoxElccpMnUf99AigDw2rmkRefrNjF/fuEX82FDKh8SH6vKTr99KCQftLsCDz9419YeBvCGl6fHBra3l3qV5dW6+RcXZUmGNgDtUAAZPc9TSSNKlSScop6Nm14i8JaV4hW2/tJZ1mt2LQz20pjkQHhhuHY07QvB+heG3a50rToYJHGHmOXlcehdsk8+9Mz55cvLfQ22/wBI+7xt9aXzBt8rBz93NBIi/wCj/e5z6UbSW87+HrjvQAMftHC8Y9aXzAF8rBz93NADPszeoooAdJmMgRdD1xzSlVVN6/foAIwJATL1HTPFNBYybD/q84/CgBZP3ePK79cc14/rlgPD3ju7tApW01ZTfWx7CQYEyfnhv+BGgDw7xzob6N4imZY9trcsZYSBxz1H4H+lZ/hoZ8Tab7XKN+Rz/Sk9i6Xxr1KF4/mXs7/3pGP619M/DX4j+GrX4caXDq2sWtrf2qNA0Tv85Ck7TtHP3cU0KTvJnRy/EzSHi32en6xqv902ti6r/wB9PtH61seFPE8PizSBqFva3FtB5rwmOcDOVODggkEZ7g0Em5J+7x5Xfrjml2rs3/x4z170AJH+8z5vbpnikyfM2D/V5xQAsmIwDF1PXHNKFUpvP38Z696AI/Nl9T+VFAD1P2fhuc88UgQofNJ464oAUj7R8y8Y45o3hl8kdemfpQAL/o/Dc7vSub8a+FW8SaJiCVYb+2cXFnKf4ZB2P+yRwfY0AeXx3dnqRbTtUtY4b+I7Z7G5UFkb2z94ehHBFPt/DPh+K7SY6RaAqeqxgY/KgE7G9B4V8NoA8OiadzyG+zqf6VcMWl6TAZjHaWcS9X2rGB+NAFC3XUPHMhstF8220gnF1qrKV3r3SDP3iem7oPevTdPsrXS9Og0uyhWGCBBHGijgAUAWV/0f73O70pPLOfNyMfexQArf6R93jHrRuwvk9+maABR9n5bnPpSeWSfNyMfexQA77Sv900UAImJBmXqOmeKQMzNsb7n0oAVyYziLoeuOaUhQm9f9Z1/GgCre39pp+n3F/qc6QW1uhd5HOAorym5+MeqapqJtvDejQta9p79ypYeu1eVH1Ofamlcxr140Y80iO58V2WpPHF478Mae9rkKt/b5kERJ/iBG9B7g1S8Uab4b0bWNF/sLVw9teO8E9tHqjSCNtu5GA3kgcEenNDVgoV41oc0SHwfB4a1DRY7jW/iBd2V40kiyWw1KOIKBIwHBGeVAPXvXcaP4a+H9xeRvBc2WsTg/LJc332tvwBYgfgKRsdZq+uaR4btlkvtQtbKHHyiRwM47KOp+grFsfiX4M1CcRQa5Ctw33fPjeFWPsXUA/nQJyS0Z1cbCYZkIK4yp9aNz79n8GcdO1AxX/d48rv1xzS4Gzef9Z1oARMyZEvQdM8Um5g+wfczjp2oAf5UPt+dFADWH2g5TjHHNKXDr5Qzu6c9KAEU/ZxtfnPPFIFKt5x+71x35oA8X+Nuum81XTfD0ZYQxR/bLgZ4cklUB+mGP5Vh+F4FTTWmwN0jnJ9h/k1rH4Twszm3U5extOiyxtG6hkYEMp6EGszTY9KsomtntrdJLckNILcABckKWYDAyB3PJBqZlZTJ88om3GsJUNGEKnoVAxTW0jRtQkCahpdpNu4EhiAcf8CHNQe2Zus+B7q3mbUdIu5riZECLFdyeY6IP4Y3bJA9j+dcpHrNwGeC/QXEJJSWGZBkeox6/WtIWasePj6UlP2if/APS/hvrk1rqkXht52m025iabTXkYloivLw59AOR6YIr1jzBt8rB3Y2+1Q1Zno4ap7SkpMRf9H+/zn0pNpL+d/D1x3pG4rH7RwnGPWl8wBfKOd2Me1ADPsz+q0UAOkJiIEfAPWlZVVN6/f60AEYEoJk5I6U0MTJ5Z+5nFAHhPxn02Sz8b2Wo4/0a9shCjf8ATSNiSPyYH86y/C14jWz2jNiRW3KPUGtY/CeBmMWqrZ0LMEUsxAUDJJ7VV0e9bStXtNRkRljvt6SKRyVzuQEeu3JrOqrxsb5Kv3zkd1d+HtJu/wDSRELd8bvOt28vI9TjhvxBrgri5ne8kjsL7zLFSNly0QEj+u3sR/tYH06GuanN7H0s6MW9DS0DSI9U1bfeB7pIxvc3DmQE9hg8D6D0rqbnwh4duwfN0WyyerJCEb81waUpyT0ZTo05KzRnN4DsraW1uNIvrzTbq0dpLZ0cSBGIKnIcHIIJ4z3q9H4g8WaDGW1TT4degB/1+nDyrhfcxMdrf8BI+lVGrf4jB4WMI/uzGm+J3iDWgI9G0W3tNz7Fkv5N75zjHlp0OfVvwqeS78VadqmhQ3fiWS6vL++SL7HDaxpD5Q+aXPBbAQHnPXFW56pIXsbR5meoyfugDHxnrShVMfmH7+M/jWhgR+dL6/pRQA9T9n4bnPPFIEKN5pxjrigBWH2g7l4xxzSlgy+SPvdM/SgDC8U+FtP8T6JJpmpBgGYPDNH9+Fx0Zf8APIrxi9+FfjTSpt1pBb6jGpyk8FwsTY7Eq+MH6E1UZWOXE4ZVl5kulW19rPh+S7upV86A5azCYLFG+ZH9+CMADnGc1oampuNKaSBfMZAJowP4sc4H1HH40pO5eFoRoRshkuvT6jpcelIW+zoAZpM/6xTgqn07n2wO5quWC7RgkkhVVRksT0AA6n2rnSsexfS53PhrQdfs7aSVtNhjM2CFnudjgD1Cq3861XuJrW4SDULSS1aQ4jkJDRyH0DDv7HBPbNKdN7mca8W7Fmmu6RRtJIwVFBLMxwAB3rE3MG70O51edNV0nS5Y7qJg0dxIViS4x2ZSdxHHDEA+nHWLQbho/iLdN4jtZ9PvpYRbaTFNgxMnWQo4JBdj264UV0wg1qzjq1U1ZHo6j7Py3OfSk8slvNyNvXFanOP+0r6GigBqASjMnUdO1IGZm2N9zpQArkxHEfQ9e9KVCp5g+/1oARP32fM7dO1IGYt5Z+50oA8e8XadH4W8fmc3N1DpWsqZ9kPT7QuA68Dd8ww3BGTmq1jshaazSOaOOI7oVmUhvKb7vXnA5Xnn5aAMfTIVhsU25+cmTk+pyB+AwPwrufh5ZW8mr32p3LKBYQqI9xwqF925z9AuM+has1udlR2pnpNhf2eqWUd5YXMVzayjKSwuGVu3BFOu7SC/tJbW5jEkMq7WU9/8D71ocZx+lTPLZbZGLSQSyW7serGN2Qt+O3P41M0Ed7q2nWc67oXkaV1PRti5AP8AwLBx/s1yRXv2O+cv3dzsK4vxhe6Fr9lq3htdRgGt2dsbyJAcSW8ijcjg9iDjoc4PvXWcBteG7+TWvDemX9zxJcWscrduWUE1pb2D+WPuZx+FAD/Ji/yaKAGuPPOU7etKXDr5Qzu6UAIh8gbX788UgUq/nH7vX3oAV/8ASMFO3XNKXDL5Qzu6UAcz450B9b8K3FvCQL+BhdWbDtKnIH4jK/8AAq8ztr651XT7DWSYFiA8iWJQSyhjgZJ7hgBjHc80AUbMMkTwOMNBI0ZHsD8p/FcH8a3fDusx6Jqkj3cZl068i8i7jC7uOcNjuBlgR6MfSs9mdslzUz1fQLfSLXRbaHQlt101VzCLdgUwTnj8SaNW1q30qEBv313ICILVCN8re3oPUngVbdlc40m3Y5yzjWws1SaRBIzNJK2cAu7FmIz/ALRNLO8jmG5sZojc28nmRgnKvwQVPpkEjPbg9q5E3zcx6DSceU14vF2jbFF7dx6dNjJhvWERH0J4b6qSK4TX7bQ9e8TXVv4YshJruq2uy91UbhHb2pwjuueGYgbRt/OutNM4HFrc9KtbWG3sbeytV2w20axoD2UDA/lVjzAE8o53YxTJGfZ39R+dFADpD5BATjPWlZAieYPvdaACMCcEvyRxTQxaTyj93OKAFk/cYCcZ60pRVTzB97GaAEjHngl+cdK8b8QaO2keNr3SDcC20bW1e4j2qNwk/wCWiKx4XnD9O5xjFAGG0oMUeppIJIXHl3LKcqrKdu/6ZBBPpg9BVms5LU7aErxsMEaqxZC0bHq0bFCfxFdL4XS8ureRLcJbWqyEPdhQZZT3VSfQ9WOe4HqM5PQ05VfQ6SDRtOgXAtI3bvJMPMdvqzZJ/Oi503SVheS5tLNI0GWkeNV2j1z2+tZXZVlYqRwPBZpc6Pdtd2w+cQSTeasi+iOckH0ySO2B1CeAv+J1rWreKPmEFwVsLRGGD5URO5j6Zct/3zWtJXdznru0bHeyDyACnGetKEUx+YfvYzXQchH9ok9R+VFAD1PkDDc554pAhRvNP3etACsPPO5eMcc0pYMnkj73SgBF/wBHyH5z6UgQq3mn7vWgBWHn8rxj1rkfiTo0Gs+DLpigN5pqm8tmKbsPGCSMdwwBGPegDy+1v7yRE1Fo4HgvzGfssQ5UsoX5WJw2eCRgd+aZcbNO3NHujjXlrScFHX/cz1Ht09D2olEjCYnnu7dbEsNxFcx7onz2PGCp9CDyD9a7fwvfWd3oEGmo4guYIBFLEGw4IGC6+oPXPv61zTWh6tyv4V8H3Hhu+uZ31Z7qKVdqxbCvOc7m+Y5b346mtfxDosfiDRpdOlmeEOVYOozgqQRkdxkdKhy1uCjpYwLO5sPA+mposFxJqmqzyM0VnAv7yRz6KCdi8cknHU12vgvRrjQPDSWN66tfTyy3Nxs+4skjFio9hnH4VvTT1kcteS0ijoFH2fluc+lJ5ZLebxtzmtTnH/aU9DRQA1QJhmTgjpikDs7eW33elACsTCcJyDyc0pUKvmj7/WgBF/f8ycY6YpA7M3ln7vSgBWPk8R8565qO4kgtbSS8nkSOONC8jOcKoHUn2oA+fNV1Xwwdcsbjwvo19a3CyM8kDxFY57dwf3yAsQmCvHC53Vtarqi32m2yCGK5EzHypmYoYztPIIGQ3X9c+lJsqENVYxXiy9usjlL505mhGAdvXIPUc9D69q6Pw3p0d/qcYvI45fJQvkLjB6AjuDz61jJ6Hekdk2kR/wDLO6vov925c/8AoRNVNT0mUadI9pNczXMY3hJbiQrKB1QgMByOM+uKxTG4nPWVv4S18QC40e2t5+DDNCvlsD7OuGBrUS51jwfq2mAaxPqmm314lobe+IeWIvnDJIOWxjkNnjvW0JOLsY1acXHmR6Up8/iTjHTFJvYN5Y+7nFbnGP8AIj9T+dFADXHnkFO3XNKXDp5Y+90oARCIBh+p54pApV/NP3c5oAV/3+CnbrmlLqyeWPvYxQAiHyAQ/fpivO/Ht8dZ1e38JWz5hlAudTKn7sOflj9i5H5D3oA4bWtO1SXx/O2kaf8AbEt9Miaa3iwJNm9hlB3I9KyJb/TJXZF1FLKVZVeaGf8AdsGU91bBDcYz+eahp3udFOUXHlZds7iHUbs3lu4khjQxJIp4Ykgtj24HP1ruPBqjzrtu4VR/Osp7HVHXU62isSjzTxLa3en+KEstNsJbyXUt09vFGVUKw5kBJIwM/N/wI+ldx4f8JanLqVprvieeCW5tV/0Szt8mK2JGCxJ++5HGeg5xXTBXSZyVqn2Edq588AJ265pQ6hPLP3sYrU5iP7PJ7fnRQA9z5BATv1zSlAieYPvdaABAJwS/UccU0MWk8o/dzigBX/cYCd+uaUoFTzB97GaAKWpalbabpF5qd84WC0iaRz04Azj6npXmHhSK5niu9Z1BcX+pS+dL/sD+FPoq4H50Aa2hhrb4oeaOBcaOVHuUmGf/AEIV3l1pGm3g8+6sLaeQDOZYlf8AmKAPEdes/wDhGfF9/aXKLBaajcNdWMgGEbdjeg7Ahu3oRWr4f1JdO1EGQ4hlGxz6ehrGaO6jK8Ud+rBlDKQVIyCO9LXObHOKV1z4kaPBYkSjSBNNfSoeIt6bFjJ/vEnOPQV6JuIk8r+HOK66atE4KzTm7CuPIAKd+uaUIpTzT97GasyI/tEnqPyooAep8gYfv0xSBCjeYfu9aAFYGc5ToOOaUsGTyh97pQAi/uMh+c9MUgRlbzD93rQB558VL9bs6N4fXIS9nM9x2HlRYbB+rFfyNQaZfWjWgVZgpU4IkUx54B43AZGCORQBetpok8YeFLqJ1kS4hv4SyEEEDyz+hQ13hUqfNJAQfMee1AHg2qaqfGPiC51ubEliN1vp0TDhYQcF8erkZ+mBVV7CNFLQyzQYH/LOQ4/I5H6Vk3qd1ONoFPUte1/QtP0r+z9ZuBJeOqbHjjYAsvGBt6biM/WvWk0XcB9s1C+vMdpJAi/98xhQfxzUVUo7E0ZOd7kPgCFbHV/E+hwxRxxQXi3cQVQPlmQHH0DK1d7uATyv4+lbRd0jlmrSaEUeRy/OemKTYxbzB93Oaokf9oj9D+VFADVHn8vxj0pA5dvKIG3pmgBWJgOE5B55pSoVfNH3uuO1ACL+/wCX4x0xSbyzeUQNvTNAHI+NvCFxrNzYalpdzFFqNkrqi3ClopUbGVbHI5AwRn6GuQstFvtKnMut+D72UkYN1YzLeHbycKGYMo5PbvQB1Wj2txrnifT75dIutK0bSLWSK1jugElkkk2gnZk7VVVwM+tdkzb8wMAUPyn6UAeMar4E1zwpK0Wm2jarowJMPksPtEK5+6VP38diOfasRo9W1ZJNP0zRtT+2yqUUz2jxJETxudmAAAqHHU6o1ly2Z6XYfCvQF0eW1nFxLeyW6xNfPMzyIQQQU3cLhlBGB2qGTT/HGlMIIV0zXIl+VZXdrWY/7wwyn6jH0onBSMadRwZp+E9F1fT9R1PWtZW2ivNQEca20DmRYY4wcZbAySWJ6V1u0FfO/i647VSVlYmT5ncRT5/D8Y6YpPMIbygBt6Zpkj/s6erfnRQB/9n/4THkaHR0cDovL25zLmFkb2JlLmNvbS94YXAvMS4wLwA8P3hwYWNrZXQgYmVnaW49J++7vycgaWQ9J1c1TTBNcENlaGlIenJlU3pOVGN6a2M5ZCc/Pg0KPHg6eG1wbWV0YSB4bWxuczp4PSJhZG9iZTpuczptZXRhLyI+PHJkZjpSREYgeG1sbnM6cmRmPSJodHRwOi8vd3d3LnczLm9yZy8xOTk5LzAyLzIyLXJkZi1zeW50YXgtbnMjIj48cmRmOkRlc2NyaXB0aW9uIHJkZjphYm91dD0idXVpZDpmYWY1YmRkNS1iYTNkLTExZGEtYWQzMS1kMzNkNzUxODJmMWIiIHhtbG5zOnhtcD0iaHR0cDovL25zLmFkb2JlLmNvbS94YXAvMS4wLyI+PHhtcDpDcmVhdG9yVG9vbD5XaW5kb3dzIFBob3RvIEVkaXRvciAxMC4wLjEwMDExLjE2Mzg0PC94bXA6Q3JlYXRvclRvb2w+PHhtcDpDcmVhdGVEYXRlPjIwMjItMDUtMjZUMDg6MDQ6Mjg8L3htcDpDcmVhdGVEYXRlPjwvcmRmOkRlc2NyaXB0aW9uPjwvcmRmOlJERj48L3g6eG1wbWV0YT4NCiAgICAgICAgICAgICAgICAgICAgICAgICAgICAgICAgICAgICAgICAgICAgICAgICAgICAgICAgICAgICAgICAgICAgICAgICAgICAgICAgICAgICAgICAgICAgICAgICAgICAKICAgICAgICAgICAgICAgICAgICAgICAgICAgICAgICAgICAgICAgICAgICAgICAgICAgICAgICAgICAgICAgICAgICAgICAgICAgICAgICAgICAgICAgICAgICAgICAgICAgIAogICAgICAgICAgICAgICAgICAgICAgICAgICAgICAgICAgICAgICAgICAgICAgICAgICAgICAgICAgICAgICAgICAgICAgICAgICAgICAgICAgICAgICAgICAgICAgICAgICAgCiAgICAgICAgICAgICAgICAgICAgICAgICAgICAgICAgICAgICAgICAgICAgICAgICAgICAgICAgICAgICAgICAgICAgICAgICAgICAgICAgICAgICAgICAgICAgICAgICAgICAKICAgICAgICAgICAgICAgICAgICAgICAgICAgICAgICAgICAgICAgICAgICAgICAgICAgICAgICAgICAgICAgICAgICAgICAgICAgICAgICAgICAgICAgICAgICAgICAgICAgIAogICAgICAgICAgICAgICAgICAgICAgICAgICAgICAgICAgICAgICAgICAgICAgICAgICAgICAgICAgICAgICAgICAgICAgICAgICAgICAgICAgICAgICAgICAgICAgICAgICAgCiAgICAgICAgICAgICAgICAgICAgICAgICAgICAgICAgICAgICAgICAgICAgICAgICAgICAgICAgICAgICAgICAgICAgICAgICAgICAgICAgICAgICAgICAgICAgICAgICAgICAKICAgICAgICAgICAgICAgICAgICAgICAgICAgICAgICAgICAgICAgICAgICAgICAgICAgICAgICAgICAgICAgICAgICAgICAgICAgICAgICAgICAgICAgICAgICAgICAgICAgIAogICAgICAgICAgICAgICAgICAgICAgICAgICAgICAgICAgICAgICAgICAgICAgICAgICAgICAgICAgICAgICAgICAgICAgICAgICAgICAgICAgICAgICAgICAgICAgICAgICAgCiAgICAgICAgICAgICAgICAgICAgICAgICAgICAgICAgICAgICAgICAgICAgICAgICAgICAgICAgICAgICAgICAgICAgICAgICAgICAgICAgICAgICAgICAgICAgICAgICAgICAKICAgICAgICAgICAgICAgICAgICAgICAgICAgICAgICAgICAgICAgICAgICAgICAgICAgICAgICAgICAgICAgICAgICAgICAgICAgICAgICAgICAgICAgICAgICAgICAgICAgIAogICAgICAgICAgICAgICAgICAgICAgICAgICAgICAgICAgICAgICAgICAgICAgICAgICAgICAgICAgICAgICAgICAgICAgICAgICAgICAgICAgICAgICAgICAgICAgICAgICAgCiAgICAgICAgICAgICAgICAgICAgICAgICAgICAgICAgICAgICAgICAgICAgICAgICAgICAgICAgICAgICAgICAgICAgICAgICAgICAgICAgICAgICAgICAgICAgICAgICAgICAKICAgICAgICAgICAgICAgICAgICAgICAgICAgICAgICAgICAgICAgICAgICAgICAgICAgICAgICAgICAgICAgICAgICAgICAgICAgICAgICAgICAgICAgICAgICAgICAgICAgIAogICAgICAgICAgICAgICAgICAgICAgICAgICAgICAgICAgICAgICAgICAgICAgICAgICAgICAgICAgICAgICAgICAgICAgICAgICAgICAgICAgICAgICAgICAgICAgICAgICAgCiAgICAgICAgICAgICAgICAgICAgICAgICAgICAgICAgICAgICAgICAgICAgICAgICAgICAgICAgICAgICAgICAgICAgICAgICAgICAgICAgICAgICAgICAgICAgICAgICAgICAKICAgICAgICAgICAgICAgICAgICAgICAgICAgICAgICAgICAgICAgICAgICAgICAgICAgICAgICAgICAgICAgICAgICAgICAgICAgICAgICAgICAgICAgICAgICAgICAgICAgIAogICAgICAgICAgICAgICAgICAgICAgICAgICAgICAgICAgICAgICAgICAgICAgICAgICAgICAgICAgICAgICAgICAgICAgICAgICAgICAgICAgICAgICAgICAgICAgICAgICAgCiAgICAgICAgICAgICAgICAgICAgICAgICAgICAgICAgICAgICAgICAgICAgICAgICAgICAgICAgICAgICAgICAgICAgICAgICAgICAgICAgICAgICAgICAgICAgICAgICAgICAKICAgICAgICAgICAgICAgICAgICAgICAgICAgICAgICAgICAgICAgICAgICAgICAgICAgICAgICAgICAgICAgICAgICAgICAgICAgICAgICAgICAgICAgICAgICAgICAgICAgIAogICAgICAgICAgICAgICAgICAgICAgICAgICAgICAgICAgICAgICAgICAgICAgICAgICAgICAgICAgICAgICAgICAgICAgICAgICAgICAgICAgICAgICAgICAgICAgICAgICAgCiAgICAgICAgICAgICAgICAgICAgICAgICAgICAgICAgICAgICAgICAgICAgICAgICAgICAgICAgICAgICAgICAgICAgICAgICAgICAgICAgICAgICAgICAgICAgICAgICAgICAKICAgICAgICAgICAgICAgICAgICAgICAgICAgICAgICAgICAgICAgICAgICAgICAgICAgICAgICAgICAgICAgICAgICAgICAgICAgICAgICAgICAgICAgICAgICAgICAgICAgIAogICAgICAgICAgICAgICAgICAgICAgICAgICAgICAgICAgICAgICAgICAgICAgICAgICAgICAgICAgICAgICAgICAgICAgICAgICAgICAgICAgICAgICAgICAgICAgICAgICAgCiAgICAgICAgICAgICAgICAgICAgICAgICAgICAgICAgICAgICAgICAgICAgICAgICAgICAgICAgICAgICAgICAgICAgICAgICAgICAgICAgICAgICAgICAgICAgICAgICAgICAKICAgICAgICAgICAgICAgICAgICAgICAgICAgICAgICAgICAgICAgICAgICAgICAgICAgICAgICAgICAgICAgICAgICAgICAgICAgICAgICAgICAgICAgICAgICAgICAgICAgIAogICAgICAgICAgICAgICAgICAgICAgICAgICAgICAgICAgICAgICAgICAgICAgICAgICAgICAgICAgICAgICAgICAgICAgICAgICAgICAgICAgICAgICAgICAgICAgICAgICAgCiAgICAgICAgICAgICAgICAgICAgICAgICAgICAgICAgICAgICAgICAgICAgICAgICAgICAgICAgICAgICAgICAgICAgICAgICAgICAgICAgICAgICAgICAgICAgICAgICAgICAKICAgICAgICAgICAgICAgICAgICAgICAgICAgICAgICAgICAgICAgICAgICAgICAgICAgICAgICAgICAgICAgICAgICAgICAgICAgICAgICAgICAgICAgICAgICAgICAgICAgIAogICAgICAgICAgICAgICAgICAgICAgICAgICAgICAgICAgICAgICAgICAgICAgICAgICAgICAgICAgICAgICAgICAgICAgICAgICAgICAgICAgICAgICAgICAgICAgICAgICAgCiAgICAgICAgICAgICAgICAgICAgICAgICAgICAgICAgICAgICAgICAgICAgICAgICAgICAgICAgICAgICAgICAgICAgICAgICAgICAgICAgICAgICAgICAgICAgICAgICAgICAKICAgICAgICAgICAgICAgICAgICAgICAgICAgICAgICAgICAgICAgICAgICAgICAgICAgICAgICAgICAgICAgICAgICAgICAgICAgICAgICAgICAgICAgICAgICAgICAgICAgIAogICAgICAgICAgICAgICAgICAgICAgICAgICAgICAgICAgICAgICAgICAgICAgICAgICAgICAgICAgICAgICAgICAgICAgICAgICAgICAgICAgICAgICAgICAgICAgICAgICAgCiAgICAgICAgICAgICAgICAgICAgICAgICAgICAgICAgICAgICAgICAgICAgICAgICAgICAgICAgICAgICAgICAgICAgICAgICAgICAgICAgICAgICAgICAgICAgICAgICAgICAKICAgICAgICAgICAgICAgICAgICAgICAgICAgICAgICAgICAgICAgICAgICAgICAgICAgICAgICAgICAgICAgICAgICAgICAgICAgICAgICAgICAgICAgICAgICAgICAgICAgIAogICAgICAgICAgICAgICAgICAgICAgICAgICAgICAgICAgICAgICAgICAgICAgICAgICAgICAgICAgICAgICAgICAgICAgICAgICAgICAgICAgICAgICAgICAgICAgICAgICAgCiAgICAgICAgICAgICAgICAgICAgICAgICAgICAgICAgICAgICAgICAgICAgICAgICAgICAgICAgICAgICAgICAgICAgICAgICAgICAgICAgICAgICAgICAgICAgICAgICAgICAKICAgICAgICAgICAgICAgICAgICAgICAgICAgICAgICAgICAgICAgICAgICAgICAgICAgICAgICAgICAgICAgICAgICAgICAgICAgICAgICAgICAgICAgICAgICAgICAgICAgIAogICAgICAgICAgICAgICAgICAgICAgICAgICAgICAgICAgICAgICAgICAgICAgICAgICAgICAgICAgICAgICAgICAgICAgICAgICAgICAgICAgICAgICAgICAgICAgICAgICAgCiAgICAgICAgICAgICAgICAgICAgICAgICAgICAgICAgICAgICAgICAgICAgICAgICAgICAgICAgICAgICAgICAgICAgICAgICAgICAgICAgICAgICAgICAgICAgICAgICAgICAKICAgICAgICAgICAgICAgICAgICAgICAgICAgICAgICAgICAgICAgICAgICAgICAgICAgICAgICAgICAgICAgICAgICAgICAgICAgICAgICAgICAgICAgICAgICAgICAgICAgIAogICAgICAgICAgICAgICAgICAgICAgICAgICAgICAgICAgICAgICAgICAgICAgICAgICAgICAgICAgICAgICAgICAgICAgICAgICAgICAgICAgICAgICAgICAgICAgICAgICAgCiAgICAgICAgICAgICAgICAgICAgICAgICAgICAgICAgICAgICAgICAgICAgICAgICAgICAgICAgICAgICAgICAgICAgICAgICAgICAgICAgICAgICAgICAgICAgICAgICAgICAKICAgICAgICAgICAgICAgICAgICAgICAgICAgICAgICAgICAgICAgICAgICAgICAgICAgICAgICAgICAgICAgICAgICAgICAgICAgICAgICAgICAgICAgICAgICAgICAgICAgIAogICAgICAgICAgICAgICAgICAgICAgICAgICAgICAgICAgICAgICAgICAgICAgICAgICAgICAgICAgICAgICAgICAgICAgICAgICAgICAgICAgICAgICAgICAgICAgICAgICAgCiAgICAgICAgICAgICAgICAgICAgICAgICAgICAgICAgICAgICAgICAgICAgICAgICAgICAgICAgICAgICAgICAgICAgICAgICAgICAgICAgICAgICAgICAgICAgICAgICAgICAKICAgICAgICAgICAgICAgICAgICAgICAgICAgICAgICAgICAgICAgICAgICAgICAgICAgICAgICAgICAgICAgICAgICAgICAgICAgICAgICAgICAgICAgICAgICAgICAgICAgIAogICAgICAgICAgICAgICAgICAgICAgICAgICAgICAgICAgICAgICAgICAgICAgICAgICAgICAgICAgICAgICAgICAgICAgICAgICAgICAgICAgICAgICAgICAgICAgICAgICAgCiAgICAgICAgICAgICAgICAgICAgICAgICAgICAgICAgICAgICAgICAgICAgICAgICAgICAgICAgICAgICAgICAgICAgICAgICAgICAgICAgICAgICAgICAgICAgICAgICAgICAKICAgICAgICAgICAgICAgICAgICAgICAgICAgICAgICAgICAgICAgICAgICAgICAgICAgICAgICAgICAgICAgICAgICAgICAgICAgICAgICAgICAgICAgICAgICAgICAgICAgIAogICAgICAgICAgICAgICAgICAgICAgICAgICAgICAgICAgICAgICAgICAgICAgICAgICAgICAgICAgICAgICAgICAgICAgICAgICAgICAgICAgICAgICAgICAgICAgICAgICAgCiAgICAgICAgICAgICAgICAgICAgICAgICAgICAgICAgICAgICAgICAgICAgICAgICAgICAgICAgICAgICAgICAgICAgICAgICAgICAgICAgICAgICAgICAgICAgICAgICAgICAKICAgICAgICAgICAgICAgICAgICAgICAgICAgICAgICAgICAgICAgICAgICAgICAgICAgICAgICAgICAgICAgICAgICAgICAgICAgICAgICAgICAgICAgICAgICAgICAgICAgIAogICAgICAgICAgICAgICAgICAgICAgICAgICAgICAgICAgICAgICAgICAgICAgICAgICAgICAgICAgICAgICAgICAgICAgICAgICAgICAgICAgICAgICAgICAgICAgICAgICAgCiAgICAgICAgICAgICAgICAgICAgICAgICAgICAgICAgICAgICAgICAgICAgICAgICAgICAgICAgICAgICAgICAgICAgICAgICAgICAgICAgICAgICAgICAgICAgICAgICAgICAKICAgICAgICAgICAgICAgICAgICAgICAgICAgICAgICAgICAgICAgICAgICAgICAgICAgICAgICAgICAgICAgICAgICAgICAgICAgICAgICAgICAgICAgICAgICAgICAgICAgIAogICAgICAgICAgICAgICAgICAgICAgICAgICAgICAgICAgICAgICAgICAgICAgICAgICAgICAgICAgICAgICAgICAgICAgICAgICAgICAgICAgICAgICAgICAgICAgICAgICAgCiAgICAgICAgICAgICAgICAgICAgICAgICAgICAgICAgICAgICAgICAgICAgICAgICAgICAgICAgICAgICAgICAgICAgICAgICAgICAgICAgICAgICAgICAgICAgICAgICAgICAKICAgICAgICAgICAgICAgICAgICAgICAgICAgICAgICAgICAgICAgICAgICAgICAgICAgICAgICAgICAgICAgICAgICAgICAgICAgICAgICAgICAgICAgICAgICAgICAgICAgIAogICAgICAgICAgICAgICAgICAgICAgICAgICAgICAgICAgICAgICAgICAgICAgICAgICAgICAgICAgICAgICAgICAgICAgICAgICAgICAgICAgICAgICAgICAgICAgICAgICAgCiAgICAgICAgICAgICAgICAgICAgICAgICAgICAgICAgICAgICAgICAgICAgICAgICAgICAgICAgICAgICAgICAgICAgICAgICAgICAgICAgICAgICAgICAgICAgICAgICAgICAKICAgICAgICAgICAgICAgICAgICAgICAgICAgICAgICAgICAgICAgICAgICAgICAgICAgICAgICAgICAgICAgICAgICAgICAgICAgICAgICAgICAgICAgICAgICAgICAgICAgIAogICAgICAgICAgICAgICAgICAgICAgICAgICAgICAgICAgICAgICAgICAgICAgICAgICAgICAgICAgICAgICAgICAgICAgICAgICAgICAgICAgICAgICAgICAgICAgICAgICAgCiAgICAgICAgICAgICAgICAgICAgICAgICAgICAgICAgICAgICAgICAgICAgICAgICAgICAgICAgICAgICAgICAgICAgICAgICAgICAgICAgICAgICAgICAgICAgICAgICAgICAKICAgICAgICAgICAgICAgICAgICAgICAgICAgICAgICAgICAgICAgICAgICAgICAgICAgICAgICAgICAgICAgICAgICAgICAgICAgICAgICAgICAgICAgICAgICAgICAgICAgIAogICAgICAgICAgICAgICAgICAgICAgICAgICAgICAgICAgICAgICAgICAgICAgICAgICAgICAgICAgICAgICAgICAgICAgICAgICAgICAgICAgICAgICAgICAgICAgICAgICAgCiAgICAgICAgICAgICAgICAgICAgICAgICAgICAgICAgICAgICAgICAgICAgICAgICAgICAgICAgICAgICAgICAgICAgICAgICAgICAgICAgICAgICAgICAgICAgICAgICAgICAKICAgICAgICAgICAgICAgICAgICAgICAgICAgICAgICAgICAgICAgICAgICAgICAgICAgICAgICAgICAgICAgICAgICAgICAgICAgICAgICAgICAgICAgICAgICAgICAgICAgIAogICAgICAgICAgICAgICAgICAgICAgICAgICAgICAgICAgICAgICAgICAgICAgICAgICAgICAgICAgICAgICAgICAgICAgICAgICAgICAgICAgICAgICAgICAgICAgICAgICAgCiAgICAgICAgICAgICAgICAgICAgICAgICAgICAgICAgICAgICAgICAgICAgICAgICAgICAgICAgICAgICAgICAgICAgICAgICAgICAgICAgICAgICAgICAgICAgICAgICAgICAKICAgICAgICAgICAgICAgICAgICAgICAgICAgICAgICAgICAgICAgICAgICAgICAgICAgICAgICAgICAgICAgICAgICAgICAgICAgICAgICAgICAgICAgICAgICAgICAgICAgIAogICAgICAgICAgICAgICAgICAgICAgICAgICAgICAgICAgICAgICAgICAgICAgICAgICAgICAgICAgICAgICAgICAgICAgICAgICAgICAgICAgICAgICAgICAgICAgICAgICAgCiAgICAgICAgICAgICAgICAgICAgICAgICAgICAgICAgICAgICAgICAgICAgICAgICAgICAgICAgICAgICAgICAgICAgICAgICAgICAgICAgICAgICAgICAgICAgICAgICAgICAKICAgICAgICAgICAgICAgICAgICAgICAgICAgICAgICAgICAgICAgICAgICAgICAgICAgICAgICAgICAgICAgICAgICAgICAgICAgICAgICAgICAgICAgICAgICAgICAgICAgIAogICAgICAgICAgICAgICAgICAgICAgICAgICAgICAgICAgICAgICAgICAgICAgICAgICAgICAgICAgICAgICAgICAgICAgICAgICAgICAgICAgICAgICAgICAgICAgICAgICAgCiAgICAgICAgICAgICAgICAgICAgICAgICAgICAgICAgICAgICAgICAgICAgICAgICAgICAgICAgICAgICAgICAgICAgICAgICAgICAgICAgICAgICAgICAgICAgICAgICAgICAKICAgICAgICAgICAgICAgICAgICAgICAgICAgICAgICAgICAgICAgICAgICAgICAgICAgICAgICAgICAgICAgICAgICAgICAgICAgICAgICAgICAgICAgICAgICAgICAgICAgIAogICAgICAgICAgICAgICAgICAgICAgICAgICAgICAgICAgICAgICAgICAgICAgICAgICAgICAgICAgICAgICAgICAgICAgICAgICAgICAgICAgICAgICAgICAgICAgICAgICAgCiAgICAgICAgICAgICAgICAgICAgICAgICAgICAgICAgICAgICAgICAgICAgICAgICAgICAgICAgICAgICAgICAgICAgICAgICAgICAgICAgICAgICAgICAgICAgICAgICAgICAKICAgICAgICAgICAgICAgICAgICAgICAgICAgICAgICAgICAgICAgICAgICAgICAgICAgICAgICAgICAgICAgICAgICAgICAgICAgICAgICAgICAgICAgICAgICAgICAgICAgIAogICAgICAgICAgICAgICAgICAgICAgICAgICAgICAgICAgICAgICAgICAgICAgICAgICAgICAgICAgICAgICAgICAgICAgICAgICAgICAgICAgICAgICAgICAgICAgICAgICAgCiAgICAgICAgICAgICAgICAgICAgICAgICAgICAgICAgICAgICAgICAgICAgICAgICAgICAgICAgICAgICAgICAgICAgICAgICAgICAgICAgICAgICAgICAgICAgICAgICAgICAKICAgICAgICAgICAgICAgICAgICAgICAgICAgICAgICAgICAgICAgICAgICAgICAgICAgICAgICAgICAgICAgICAgICAgICAgICAgICAgICAgICAgICAgICAgICAgICAgICAgIAogICAgICAgICAgICAgICAgICAgICAgICAgICAgICAgICAgICAgICAgICAgICAgICAgICAgICAgICAgICAgICAgICAgICAgICAgICAgICAgICAgICAgICAgICAgICAgICAgICAgCiAgICAgICAgICAgICAgICAgICAgICAgICAgICAgICAgICAgICAgICAgICAgICAgICAgICAgICAgICAgICAgICAgICAgICAgICAgICAgICAgICAgICAgICAgICAgICAgICAgICAKICAgICAgICAgICAgICAgICAgICAgICAgICAgICAgICAgICAgICAgICAgICAgICAgICAgICAgICAgICAgICAgICAgICAgICAgICAgICAgICAgICAgICAgICAgICAgICAgICAgIAogICAgICAgICAgICAgICAgICAgICAgICAgICAgICAgICAgICAgICAgICAgICAgICAgICAgICAgICAgICAgICAgICAgICAgICAgICAgICAgICAgICAgICAgICAgICAgICAgICAgCiAgICAgICAgICAgICAgICAgICAgICAgICAgICAgICAgICAgICAgICAgICAgICAgICAgICAgICAgICAgICAgICAgICAgICAgICAgICAgICAgICAgICAgICAgICAgICAgICAgICAKICAgICAgICAgICAgICAgICAgICAgICAgICAgICAgICAgICAgICAgICAgICAgICAgICAgICAgICAgICAgICAgICAgICAgICAgICAgICAgICAgICAgICAgICAgICAgICAgICAgIAogICAgICAgICAgICAgICAgICAgICAgICAgICAgICAgICAgICAgICAgICAgICAgICAgICAgICAgICAgICAgICAgICAgICAgICAgICAgICAgICAgICAgICAgICAgICAgICAgICAgCiAgICAgICAgICAgICAgICAgICAgICAgICAgICAgICAgICAgICAgICAgICAgICAgICAgICAgICAgICAgICAgICAgICAgICAgICAgICAgICAgICAgICAgICAgICAgICAgICAgICAKICAgICAgICAgICAgICAgICAgICAgICAgICAgICAgICAgICAgICAgICAgICAgICAgICAgICAgICAgICAgICAgICAgICAgICAgICAgICAgICAgICAgICAgICAgICAgICAgICAgIAogICAgICAgICAgICAgICAgICAgICAgICAgICAgICAgICAgICAgICAgICAgICAgICAgICAgICAgICAgICAgICAgICAgICAgICAgICAgICAgICAgICAgICAgICAgICAgICAgICAgCiAgICAgICAgICAgICAgICAgICAgICAgICAgICAgICAgICAgICAgICAgICAgICAgICAgICAgICAgICAgICAgICAgICAgICAgICAgICAgICAgICAgICAgICAgICAgICAgICAgICAKICAgICAgICAgICAgICAgICAgICAgICAgICAgICAgICAgICAgICAgICAgICAgICAgICAgICAgICAgICAgICAgICAgICAgICAgICAgICAgICAgICAgICAgICAgICAgICAgICAgIAogICAgICAgICAgICAgICAgICAgICAgICAgICAgICAgICAgICAgICAgICAgICAgICAgICAgICAgICAgICAgICAgICAgICAgICAgICAgICAgICAgICAgICAgICAgICAgICAgICAgCiAgICAgICAgICAgICAgICAgICAgICAgICAgICAgICAgICAgICAgICAgICAgICAgICAgICAgICAgICAgICAgICAgICAgICAgICAgICAgICAgICAgICAgICAgICAgICAgICAgICAKICAgICAgICAgICAgICAgICAgICAgICAgICAgICAgICAgICAgICAgICAgICAgICAgICAgICAgICAgICAgICAgICAgICAgICAgICAgICAgICAgICAgICAgICAgICAgICAgICAgIAogICAgICAgICAgICAgICAgICAgICAgICAgICAgICAgICAgICAgICAgICAgICAgICAgICAgICAgICAgICAgICAgICAgICAgICAgICAgICAgICAgICAgICAgICAgICAgICAgICAgCiAgICAgICAgICAgICAgICAgICAgICAgICAgICAgICAgICAgICAgICAgICAgICAgICAgICAgICAgICAgICAgICAgICAgICAgICAgICAgICAgICAgICAgICAgICAgICAgICAgICAKICAgICAgICAgICAgICAgICAgICAgICAgICAgICAgICAgICAgICAgICAgICAgICAgICAgICAgICAgICAgICAgICAgICAgICAgICAgICAgICAgICAgICAgICAgICAgICAgICAgIAogICAgICAgICAgICAgICAgICAgICAgICAgICAgICAgICAgICAgICAgICAgICAgICAgICAgICAgICAgICAgICAgICAgICAgICAgICAgICAgICAgICAgICAgICAgICAgICAgICAgCiAgICAgICAgICAgICAgICAgICAgICAgICAgICAgICAgICAgICAgICAgICAgICAgICAgICAgICAgICAgICAgICAgICAgICAgICAgICAgICAgICAgICAgICAgICAgICAgICAgICAKICAgICAgICAgICAgICAgICAgICAgICAgICAgICAgICAgICAgICAgICAgICAgICAgICAgICAgICAgICAgICAgICAgICAgICAgICAgICAgICAgICAgICAgICAgICAgICAgICAgIAogICAgICAgICAgICAgICAgICAgICAgICAgICAgICAgICAgICAgICAgICAgICAgICAgICAgICAgICAgICAgICAgICAgICAgICAgICAgICAgICAgICAgICAgICAgICAgICAgICAgCiAgICAgICAgICAgICAgICAgICAgICAgICAgICAgICAgICAgICAgICAgICAgICAgICAgICAgICAgICAgICAgICAgICAgICAgICAgICAgICAgICAgICAgICAgICAgICAgICAgICAKICAgICAgICAgICAgICAgICAgICAgICAgICAgICAgICAgICAgICAgICAgICAgICAgICAgICAgICAgICAgICAgICAgICAgICAgICAgICAgICAgICAgICAgICAgICAgICAgICAgIAogICAgICAgICAgICAgICAgICAgICAgICAgICAgICAgICAgICAgICAgICAgICAgICAgICAgICAgICAgICAgICAgICAgICAgICAgICAgICAgICAgICAgICAgICAgICAgICAgICAgCiAgICAgICAgICAgICAgICAgICAgICAgICAgICAgICAgICAgICAgICAgICAgICAgICAgICAgICAgICAgICAgICAgICAgICAgICAgICAgICAgICAgICAgICAgICAgICAgICAgICAKICAgICAgICAgICAgICAgICAgICAgICAgICAgICAgICAgICAgICAgICAgICAgICAgICAgICAgICAgICAgICAgICAgICAgICAgICAgICAgICAgICAgICAgICAgICAgICAgICAgIAogICAgICAgICAgICAgICAgICAgICAgICAgICAgICAgICAgICAgICAgICAgICAgICAgICAgICAgICAgICAgICAgICAgICAgICAgICAgICAgICAgICAgICAgICAgICAgICAgICAgCiAgICAgICAgICAgICAgICAgICAgICAgICAgICAgICAgICAgICAgICAgICAgICAgICAgICAgICAgICAgICAgICAgICAgICAgICAgICAgICAgICAgICAgICAgICAgICAgICAgICAKICAgICAgICAgICAgICAgICAgICAgICAgICAgICAgICAgICAgICAgICAgICAgICAgICAgICAgICAgICAgICAgICAgICAgICAgICAgICAgICAgICAgICAgICAgICAgICAgICAgIAogICAgICAgICAgICAgICAgICAgICAgICAgICAgICAgICAgICAgICAgICAgICAgICAgICAgICAgICAgICAgICAgICAgICAgICAgICAgICAgICAgICAgICAgICAgICAgICAgICAgCiAgICAgICAgICAgICAgICAgICAgICAgICAgICAgICAgICAgICAgICAgICAgICAgICAgICAgICAgICAgICAgICAgICAgICAgICAgICAgICAgICAgICAgICAgICAgICAgICAgICAKICAgICAgICAgICAgICAgICAgICAgICAgICAgICAgICAgICAgICAgICAgICAgICAgICAgICAgICAgICAgICAgICAgICAgICAgICAgICAgICAgICAgICAgICAgICAgICAgICAgIAogICAgICAgICAgICAgICAgICAgICAgICAgICAgICAgICAgICAgICAgICAgICAgICAgICAgICAgICAgICAgICAgICAgICAgICAgICAgICAgICAgICAgICAgICAgICAgICAgICAgCiAgICAgICAgICAgICAgICAgICAgICAgICAgICAgICAgICAgICAgICAgICAgICAgICAgICAgICAgICAgICAgICAgICAgICAgICAgICAgICAgICAgICAgICAgICAgICAgICAgICAKICAgICAgICAgICAgICAgICAgICAgICAgICAgICAgICAgICAgICAgICAgICAgICAgICAgICAgICAgICAgICAgICAgICAgICAgICAgICAgICAgICAgICAgICAgICAgICAgICAgIAogICAgICAgICAgICAgICAgICAgICAgICAgICAgICAgICAgICAgICAgICAgICAgICAgICAgICAgICAgICAgICAgICAgICAgICAgICAgICAgICAgICAgICAgICAgICAgICAgICAgCiAgICAgICAgICAgICAgICAgICAgICAgICAgICAgICAgICAgICAgICAgICAgICAgICAgICAgICAgICAgICAgICAgICAgICAgICAgICAgICAgICAgICAgICAgICAgICAgICAgICAKICAgICAgICAgICAgICAgICAgICAgICAgICAgICAgICAgICAgICAgICAgICAgICAgICAgICAgICAgICAgICAgICAgIDw/eHBhY2tldCBlbmQ9J3cnPz7/2wBDAAMCAgMCAgMDAwMEAwMEBQgFBQQEBQoHBwYIDAoMDAsKCwsNDhIQDQ4RDgsLEBYQERMUFRUVDA8XGBYUGBIUFRT/2wBDAQMEBAUEBQkFBQkUDQsNFBQUFBQUFBQUFBQUFBQUFBQUFBQUFBQUFBQUFBQUFBQUFBQUFBQUFBQUFBQUFBQUFBT/wAARCAXeA1cDASIAAhEBAxEB/8QAHwAAAQUBAQEBAQEAAAAAAAAAAAECAwQFBgcICQoL/8QAtRAAAgEDAwIEAwUFBAQAAAF9AQIDAAQRBRIhMUEGE1FhByJxFDKBkaEII0KxwRVS0fAkM2JyggkKFhcYGRolJicoKSo0NTY3ODk6Q0RFRkdISUpTVFVWV1hZWmNkZWZnaGlqc3R1dnd4eXqDhIWGh4iJipKTlJWWl5iZmqKjpKWmp6ipqrKztLW2t7i5usLDxMXGx8jJytLT1NXW19jZ2uHi4+Tl5ufo6erx8vP09fb3+Pn6/8QAHwEAAwEBAQEBAQEBAQAAAAAAAAECAwQFBgcICQoL/8QAtREAAgECBAQDBAcFBAQAAQJ3AAECAxEEBSExBhJBUQdhcRMiMoEIFEKRobHBCSMzUvAVYnLRChYkNOEl8RcYGRomJygpKjU2Nzg5OkNERUZHSElKU1RVVldYWVpjZGVmZ2hpanN0dXZ3eHl6goOEhYaHiImKkpOUlZaXmJmaoqOkpaanqKmqsrO0tba3uLm6wsPExcbHyMnK0tPU1dbX2Nna4uPk5ebn6Onq8vP09fb3+Pn6/9oADAMBAAIRAxEAPwD9U6KKKAOf1T/j/l/D+QqpVrViBfSknA4/kK+Dv2vP+ClWhfCCafw14GFv4g8SKSk9wX/cWpx6jOW6cEUAfa2ueItL8M2L3urahb6baJ96a6kEaD8TXi/ir9uL4MeEWK3PjOxvCP8AnwlSf+TV+JHxO/aF+IHxi1aa+8R+I769km4MMUpii+mxSF/SsDQ/hf4t8Swq+m6De3qH+KOLIp2b2MalanRV6kkvV2P3W0//AIKVfAfULpYE8USRMxxumg2L+JLV7F4G/aA+HXxKkSLw54w0nVLhhkW8F2jS/wDfIOa/nbvPgP8AEDT4/Nm8K6iidSxgrnLe81/wTqRkt577R7xDy0ErwuD9VIoaa3RFPE0KztTmn6NM/qJor8S/2Wf+Cpnjb4V3llo3jeX/AISfwyNsRklwLi3X+8DjL/8AAjX7AfCX4v8Ahb42eDrTxN4S1SLU9NuB96NgWjbujDsw6GkdJevP+Pqb/fb+dRVLd/8AH1N/vt/OoqACpbT/AI+of99f51FUtn/x9Q/76/zoA6aiiigAooooA5SiiigAq3pf/H/F+P8AI1Uq3pf/AB/xfj/I0AdBRRRQAVDd/wDHrN/uN/Kpqhu/+PWb/cb+VAHNUUUUAFaGif8AH0/+4f5is+tDRP8Aj6f/AHD/ADFAG3RRRQAVU1T/AI8Jfw/mKt1U1T/jwl/D+YoA5+iiigArV0L/AJb/APAf61lVq6D/AMt/+A/1oA1qKKKACs/W/wDj1T/fH8jWhWfrf/Hqn++P5GgDEooooAK29E/49X/3z/IViVt6J/x6v/vn+QoA0KKKKACsrXf+WP8AwL+latZWu/8ALH/gX9KAMmiiigAroNK/48Y/x/ma5+ug0r/jxj/H+ZoAt0UUUAFYmt/8fSf7n9TW3WJrf/H0n+5/U0AZ9FFFABXS2f8Ax6w/7g/lXNV0tn/x6w/7g/lQBNRRRQAVz+q/8f0n4fyFdBXP6r/x/Sfh/IUAVKKKKACuqrla6qgBaKKKACuavP8Aj7m/32/nXS1zV5/x9zf77fzoAhooooAltf8Aj6h/31/nXTVzNr/x9Q/76/zrpqACiiigArlDXV1yhoAKKKKALWl/8f0X4/yNdDXPaX/x/Rfj/I10NABRRRQBFdf8es3+438q5mumuv8Aj1m/3G/lXM0AFFFFAGhov/H23+4f5itusTRf+Ppv9w/zFbdABRRRQBU1T/jxl/D+Yrn66DVP+PGX8P5iufoAKKKKANXQv+W3/Af61rVk6F/y2/4D/WtagAooooAz9a/49V/3x/I1iVt61/x6r/vj+RrEoAKKKKAOg/tS1/56/wDjp/wo/tS1/wCev/jp/wAK5+qGv6xD4f0PUNTuDiCzt5LiQ/7KqWP6CgD4h/4KfftlP8LdPb4f+Fbll1/Vod91eQtg2sW0Dbz/ABMGBHHavyc8E+Cdd+LHiyLT9PikvLy5ky8rc4yeWY1sfH34i6h8Vvi94m8Q6jdG7kuL6VInb/nijssS/guK+5P2RvhHb/Dz4eW+qTQj+19WTzZJCPmVM8L9OAa2pU/aSsfMcQZwsmwjqrWb0Xr/AMAd8H/2SvCnw4tYbjU7ePXdYwC00wOxD/sjj9a9vt7O3s4wkEEUKL0VEAH8qmor1YxjFWSP5xxmYYrHVHUxE22xGUNwVUj3UGuU8afCvwt4+sZLbWdGtrncMCULtdfcYxXWUU2k9zmpYirQkp0pNPyPzo/aK/ZTv/hSW1nRmk1HQHblsZeD2bj6dKufsRftZ6x+zL8ULO4e8kfwtfSLBqVi5Jj2k480DsVBJ4/Wv0A1bSrbXNMutPvIlmtbmMxyIwyCCMV+WPx4+G5+F3xK1PR1Ui0D+ZAcf8s2JKj8q82tSUNVsfu/CfEM8zi8LiX+8js+6P6M9FvY/Fuk2mtaay3FhfxLcwSKwwyOAwP5EVe/su6/55f+PD/GvkH/AIJM/GCb4jfs7y6Je3ElzfeG7n7M8krZYo5ZkH0CgCvt6uU/Rzn/AOy7r/nl/wCPD/GnR2NxbyLK8fyRkMcMOg59a3qhu/8Aj1m/3G/lQBF/alr/AM9f/HT/AIUf2pa/89f/AB0/4Vz9FAHQf2pa/wDPX/x0/wCFH9qWv/PX/wAdP+Fc/RQBb/su6/55f+PD/Gj+y7r/AJ5f+PD/ABroKKAOf/su6/55f+PD/GpLa1lsZ0nmTbGvU5Bxnj+tblVNU/48Jfw/mKAD+1LX/nr/AOOn/Cj+1LX/AJ6/+On/AArn6KAOg/tS1/56/wDjp/wpk2oQTxPGkm53UqoweSeBWFUtp/x9Q/76/wA6AJv7Luv+eX/jw/xo/su6/wCeX/jw/wAa6CigDn/7Luv+eX/jw/xqezjfTZvMuF2Iw27sg89e30rZrP1v/j1T/fH8jQBL/alr/wA9f/HT/hR/alr/AM9f/HT/AIVz9FAHQf2pa/8APX/x0/4VFdXUV7btDC2+VsYXBHQ571iVb0v/AI/4vx/kaAD+y7r/AJ5f+PD/ABo/su6/55f+PD/GugooA5/+y7r/AJ5f+PD/ABq1Y/8AEtZxcjyxJ909en0+ta1ZOu/8sP8AgX9KALf9qWv/AD1/8dP+FH9qWv8Az1/8dP8AhXP0UAdB/alr/wA9f/HT/hVe+mXUYhHbnzHDbiMY46d/rWPWhov/AB9P/uH+YoAi/su6/wCeX/jw/wAaP7Luv+eX/jw/xroKKAOf/su6/wCeX/jw/wAauWMy6dG0Vx+7cncO+R07fStSsTW/+PpP9wfzNAGh/alr/wA9f/HT/hR/alr/AM9f/HT/AIVz9FAHQf2pa/8APX/x0/4VVvv+Jls+zfvNmd3bGenX6Vk1q6F/y2/4D/WgCr/Zd1/zy/8AHh/jR/Zd1/zy/wDHh/jXQUUAc/8A2Xdf88v/AB4f41ftLqKzhEMxMcidRjPXnt9a0a5/Vf8Aj+k/D+QoA1f7Utf+ev8A46f8KP7Utf8Anr/46f8ACufooA6D+1LX/nr/AOOn/CqV9E2pSiS3HmIq7SenP4/WsytrRP8Aj1f/AH/6CgCh/Zd1/wA8v/Hh/jR/Zd1/zy/8eH+NdBRQBz/9l3X/ADy/8eH+NaUGoQQwpHI2x0G1lIJ5HHar1c1ef8fc3++f50AbX9qWv/PX/wAdP+FH9qWv/PX/AMdP+Fc/RQB0H9qWv/PX/wAdP+FZ91ay307TQrvibGGyB0GO9Z9dBpX/AB4x/j/M0AZX9l3X/PL/AMeH+NH9l3X/ADy/8eH+NdBRQBz/APZd1/zy/wDHh/jWouq220ZkwfQqauVynegDoP7Utf8Anr/46f8ACj+1LX/nr/46f8K5+igDoP7Utf8Anr/46f8ACs2awnuJnljj3I5LKcjkGqNdLZ/8esP+4P5UAYv9l3X/ADy/8eH+NH9l3X/PL/x4f410FFAGDHYXFvIsrxfIhDH5h0HPrWn/AGpa/wDPX/x0/wCFTXX/AB6zf7jfyrmaAOg/tS1/56/+On/Cj+1LX/nr/wCOn/CufooA6D+1LX/nr/46f8Kyv7Luv+eX/jw/xqpXVUAYH9l3X/PL/wAeH+NH9l3X/PL/AMeH+NdBRQBh21rLYzLNNHtjXqcg4zx6+9aP9qWv/PX/AMdP+FGqf8eMv4fzFc/QB0H9qWv/AD1/8dP+FH9qWv8Az1/8dP8AhXP0UAbs2oW80TxpJudwVUbTyT0rN/su6/55f+PD/GobX/j6h/31/nXTUAc//Zd1/wA8v/Hh/jR/Zd1/zy/8eH+NdBRQBjWcb6bN5lwuxGG3dkHnr2+lXv7Utf8Anr/46f8ACota/wCPRf8AfH8jWJQB0H9qWv8Az1/8dP8AhR/alr/z1/8AHT/hXP0UAbd1dRXtu0MLb5G6LgjvnvWf/Zd1/wA8v/Hh/jSaX/x/Rfj/ACNdDQBz/wDZd1/zy/8AHh/jR/Zd1/zy/wDHh/jXQUUAZNjnTWf7SDH5n3T16fT61b/tS1/56/8Ajp/wqrrvSH/gX9KyaAOg/tS1/wCev/jp/wAKP7Utf+ev/jp/wrn6KANi9mTUYRFbnzHB3EYxx+P1ql/Zd1/zy/8AHh/jUui/8fTf7h/mK26AOf8A7Luv+eX/AI8P8aK6CigDlK4H4/SNF8EPHrqcMuhXpB/7YPXfVy/xR0GTxR8NvFOkRDMt9plzbIP9p4mUfzoA/nA0CFb/AF6zjm5WScBs+55r9fNCgS10PToYxiNLaMAD/dFfkPrunTeE/FWoWLfJcafeywN7MkhU/wAq/VT4P+MLbxz8N9D1W2kEm+3VJMH7rL8uD+Vd2Fau0fkfiBSqOnQqr4U2vmdlRRRXefiwUUUUAFfC3/BQayih8X6FdKoE0tuVc9+AuP51901+c37avjqHxb8V5LK1dZYNNjWDK/3xw36iubEP3D77gmlUnmqnHZJ3Ps//AIIp3sqf8J9ag4heWCRh7iMgfzr9Uq/Nn/gi34JutP8Ahz408R3UJSK/voUtXx95VRlb9RX6TV5Z/Q4VDd/8es3+438qmqG7/wCPWb/cb+VAHNUUUUAFFFFAHV0UUUAFVNU/48Jfw/mKt1U1T/jwl/D+YoA5+iiigAqW0/4+of8AfX+dRVLaf8fUP++v86AOmooooAKz9b/49U/3x/I1oVn63/x6p/vj+RoAxKKKKACrel/8f8X4/wAjVSrel/8AH/F+P8jQB0FFFFABWTr3/LD/AIF/StasnXv+WH/Av6UAZVFFFABWhov/AB9P/uH+YrPrQ0X/AI+n/wBw/wAxQBt0UUUAFYmtf8fSf7g/ma26xNa/4+k/3B/M0AZ9FFFABWroX/Lb/gP9ayq1dC/5b/8AAf60Aa1FFFABXP6r/wAf0n4fyFdBXP6r/wAf0n4fyFAFSiiigAra0T/j1f8A3/6CsWtrRP8Aj1f/AH/6CgDRooooAK5q8/4+5v8Afb+ddLXNXn/H3N/vt/OgCGiiigAroNK/48Y/x/ma5+ug0r/jxj/H+ZoAt0UUUAFcoa6uuUPegAooooAK6Wz/AOPWH/cH8q5quls/+PWH/cH8qAJqKKKAIrr/AI9Zv9xv5VzNdNdf8es3+438q5mgAooooAK6quVrqqAFooooAqap/wAeMv4fzFc/XQap/wAeMv4fzFc/QAUUUUAS2v8Ax9Q/76/zrpq5m1/4+of99f5101ABRRRQBn61/wAeq/74/kaxK29a/wCPVf8AfH8jWJQAUUUUAWtL/wCP6L8f5GuhrntL/wCP6L8f5GuhoAKKKKAMrXf+WP8AwL+lZNa2u/8ALH/gX9KyaACiiigDQ0X/AI+m/wBw/wAxW3WJov8Ax9N/uH+YrboAKKKKAMn+wv8Apv8A+Of/AF6P7B/6b/8Ajn/161qKAPw9/wCCoH7Ldz8KPixP4t0ax/4pnWv3kkkKnbDccFt3u5LH8K8h/ZV/aMPwp1dtG1hmk0C8cbj/AM8G4+Ye3+Nfun8Z/hf4f+MXhjVfCviaz+2aVeKAyjAZG24DqSDhhk4NfiB+1l+w74x/Zz1ye7jtpdZ8LTSE2+oWsRfYnYSAZ246ZOP1qoycXdHn47A0cxoSw9dXiz730nWrHXrGK9066jvLWUbklibII/pV2vyo+Gvx48Y/CiQLo+pOLTOWtJSWiP4Zr6N8N/8ABQaJYUTXPDjSy4+aS1lCA/hg16McRFrXQ/Dcw4Kx+Hm3hvfj+J9lUmcc9K+UL7/goL4ejhY2vhq8eXHG+4GP/Qa8e+In7bXjPxZHLa6R5eh2kg2n7OD5uP8AeB/pVSrwXU48LwfmuIklOHIu7PpX9pL9pTS/hlodzpelXEd54iuEaMLG2RbgjBYn1618CeFPDOt/Fjx1ZaTYJJf6xq10sa8FiXdsbj7Anml8MeD/ABP8VvFEVhpFhea5q15IBthjaRsscZcgcD3NftB+wH/wT+tf2dbGLxX4tSG98cXEeFC4K2SsOUU85POCQecV59So6juz9qyTJKGS0eSnrJ7vue8fs1/DKz/Z/wDg7oHg20tgHs4d9w27rM3zSdv7xavUP7d/6Yf+P/8A1qz7z/j6m/32/nUVZH0hq/27/wBMP/H/AP61DauLgGIx7BJ8u7d0zxnpWVXjn7XXjTWPAP7Pvi7WNCaSLUorR1jmhzviyrfOCOhGM5oA7jVfjF8OtF1k6Ve+NdLgvwcGEyA4PoSDiun0nWPD+uKG0/xDp95u6CGdGP5Bq/mR1G+nvr6e5uXM9xO7Syyycs7MclifUkmtnwb8RvEvw/ujc+HdbvtGnJz5llMYzn8KAP6bhoYYZE+R/u//AF6G0M4OJsntlf8A69fgj8P/APgpN8ePAKqqeMH1tV6Lravc/wDswr6g+G3/AAWk1OxtYo/G3g1dVmOA0+mTLbqPfaQxoA/U7+3f+mH/AI//APWo/t3/AKYf+P8A/wBavjPwD/wU7+C/jSS3t7nUbvRL2bH7m6tpCin0Mm0LX0T4b+LngrxfGjaR4q0e+ZxkRw30TP8A98hs0Aeh/wBu/wDTD/x//wCtR9u/tP8A0bZ5e/8AiznGOen4VkqwZQykMD3FXNL/AOP+L8f5GgC1/YX/AE3/APHP/r0f2F/03/8AHP8A69a1FAGT/YX/AE3/APHP/r0HSTa/vhLvMfz7duM4561rVDd/8es3+438qAM/+3f+mH/j/wD9aj+3f+mH/j//ANasqigDV/t3/ph/4/8A/Wo+0f2x+52+Tt+fdnd7Y7etZVaGif8AH0/+4f5igCX+wv8Apv8A+Of/AF6P7C/6b/8Ajn/161qKAMn+wv8Apv8A+Of/AF6DYnTcXIfzdnVcbevH9a1qqap/x4S/h/MUAVP7d/6Yf+P/AP1qP7d/6Yf+P/8A1qyqKANX+3f+mH/j/wD9aj/kNf8ATHy/+BZz+XpWVWroX/Lf/gP9aAD+wv8Apv8A+Of/AF6P7C/6b/8Ajn/161qKAMn+wv8Apv8A+Of/AF6PIOjnzs+cG+TH3cd/f0rWrP1v/j1T/fH8jQBD/b3/AEw/8f8A/rUf27/0w/8AH/8A61ZVFAGr/bv/AEw/8f8A/rUeR/bH77d5O35NuN3vnt61lVt6J/x6v/vn+QoAh/sL/pv/AOOf/Xo/sL/pv/45/wDXrWooAyf7C/6b/wDjn/16OdFY9JhIP93GPz9a1qytd6Q/8C/pQAn9u/8ATD/x/wD+tR/bv/TD/wAf/wDrVlUUAav9u/8ATD/x/wD+tR9h/tP/AEnf5e/+HGcY46/hWVXQaV/x4x/j/M0AVP7C/wCm/wD45/8AXo/sL/pv/wCOf/XrWooAyf7C/wCm/wD45/8AXo886PmEr5ob5w2ce39K1qxNb/4+k/3P6mgCX+3f+mH/AI//APWo/t3/AKYf+P8A/wBasqigDV/t3/ph/wCP/wD1qP7J+1fvvN2+Z8+3bnGecdayq6Wz/wCPWH/cH8qAM/8AsL/pv/45/wDXo/sL/pv/AOOf/XrWooAyf7C/6b/+Of8A16BfHTf9GMfmbD97djOefT3rWrn9V/4/pPw/kKALX9u/9MP/AB//AOtR/bv/AEw/8f8A/rVlUUAav9u/9MP/AB//AOtR/Yffz/8Axz/69ZVdVQBlf2F/03/8c/8Ar0f2F/03/wDHP/r1rUUAZP8AYX/Tf/xz/wCvQurG1UQmLcY/kJDdccela1c1ef8AH3N/vt/OgC//AG7/ANMP/H//AK1H9u/9MP8Ax/8A+tWVRQBq/wBrfav3PlbfM+TduzjPGelH9hf9N/8Axz/69Z9r/wAfUP8Avr/OumoAyf7C/wCm/wD45/8AXo/sL/pv/wCOf/XrWooAyW0M7TibJ7ZX/wCvR/bn/TD/AMf/APrVrVyvrQBqf27/ANMP/H//AK1H9u/9MP8Ax/8A+tWVRQBq/b/7S/0bZ5e/+LOcY56fhR/YX/Tf/wAc/wDr1U0v/j+i/H+RroaAMn+wv+m//jn/ANej+wv+m/8A45/9etaigDJOkm1/fCXeY/n27cZxz1o/t3/ph/4//wDWrRuv+PWb/cb+VczQBq/27/0w/wDH/wD61H9u/wDTD/x//wCtWVRQBq/aP7Y/c7fJ2/Puzu9sfrR/YX/Tf/xz/wCvUWi/8fTf7h/mK26AMn+wv+m//jn/ANej+wv+m/8A45/9etaigDJ+wnTcXAfzdnVcbevHv60f27/0w/8AH/8A61W9U/48Zfw/mK5+gDV/t3/ph/4//wDWo/t3/ph/4/8A/WrKooA1f+Q1/wBMfL/4FnP5elH9hf8ATf8A8c/+vRoX/Lb/AID/AFrWoAyf7C/6b/8Ajn/16P7C/wCm/wD45/8AXrWooAyfIOjt52fODfJj7vv7+lH9u/8ATD/x/wD+tU2tf8eq/wC+P5GsSgDV/t3/AKYf+P8A/wBaisqigDq6KKKAOf1T/j+l/D+QrI1bR7HXtPmsNSs4b6ymXbJb3EYdHHoVPBrX1T/j/l/D+QqpQB8VfG7/AIJZ/Db4mXV1qPh6efwjqk7F3NuPMgz6LFuCqPpXyP43/wCCRnxV029K+Gr/AEnWLQdJLq5FuxH+6Aa/Y2igD8WLX/gkb8friYK9noMSZwWbVP8A7CvfvhX/AMEX2aa1uvHfiwxohBl0/T4gQ47jzAwI/Kv1UooA8q+CP7Mfw8/Z90mOy8IaBBayqMG+mUSXLexlI3Ee2a9VoooA5m8/4+pv99v51FUt3/x9Tf77fzqKgAqhr3hnTvGej3eh6tAtzp1/GbeeJv4kYYI/I1fqW0/4+of99f50Aflx8fv+COviCPVLq/8Ahlq9tf2s0hkXT9ScQ+SDztD/ADFvyr5N8f8A7Anxv+H7H7X4IvdQRfvSaUj3Kj3yFr+h+msiyKVdQynqCMigD+W7XPC+qeG9QlsdVsptNu4zhobpDG4/A1meW68gHHqK/py8XfBnwP46tZYNb8L6XerKCHZrVFc5/wBoDP618wfEz/glD8GPG8Mv9jWt14SunJJmsnaXn6OxFAH4WGRmxlicetaGj+JNU8PXX2jTNQutOn/56WkzRN+amv0E+JH/AAR88V6fIZPB3iaz1W3XnZqWY5D7AIpFfLnxD/Yr+MHw3e5k1TwXqD2MPJvrdN0RHqDnP6UAP+HP7bHxg+GTFtM8Y3l3zkLqjNdj/wAfJr6a+HP/AAWI8deH2g/4Sfw1p/iFhw0sMotj0xnaqGvz3utPubNts8EkTZxtdCP51AylTgjBoA/b/wCHf/BXX4QeJlt4NfTUvD9/Jwym23wqf98kcfhX0z4F/aZ+F/xJZI/D3jbR9RuWGfs0d2hlH1UGv5p9x7nNXNP1m/0mbzrK8uLOX+/bytGfzUigD+plXEihlO5T0IqO7/49Zv8Acb+Vfzk/Db9sr4v/AAqjWPw/411CKMNnZckXAPtmQNX1l8Nv+CyXjbSYYbHxb4bsNbgK7Zb2KRlnPGMhRhaAP1for4++Gn/BUP4O+OWEWqXtx4UmGNzaqqqhPsVJr6c8I/Erwt490+O+8P67ZarayDKyW8oII/GgDpa0NE/4+n/3D/MVnZzyK0dE/wCPp/8AcP8AMUAbdFFFABVTVP8Ajwl/D+Yq3VTVP+PCX8P5igDn6KKKACtXQv8Alv8A8B/rWVWroX/Lf/gP9aANaiiigArP1v8A49U/3x/I1oVn63/x6p/vj+RoAxKKKKACtvRP+PV/98/yFYlbeif8er/75/kKANCiiigArK13/lj/AMC/pWrWVrv/ACx/4F/SgDJooooAK6DSv+PGP8f5mufroNL/AOPGP8f5mgC3RRRQAVia3/x9J/uf1NbdYmt/8fSf7n9TQBn0UUUAFdLZ/wDHrD/uD+Vc1XS2f/HrD/uD+VAE1FFFABXP6r/x/Sfh/IV0Fc/qv/H/ACfh/IUAVKKKKACuqrla6qgBaKKKACuavP8Aj7m/32/nXS1zV5/x9zf77fzoAhooooAltf8Aj6h/31/nXTVzNr/x9Q/76/zrpqACiiigArlK6uuUPegAooooAtaX/wAf0X4/yNdDXPaX/wAf8X4/yNdDQAUUUUARXX/HrN/uN/KuZrprr/j1m/3G/lXM0AFFFFAGhov/AB9N/uH+YrbrE0X/AI+2/wBw/wAxW3QAUUUUAVNU/wCPGX8P5iufroNU/wCPGX8P5iufoAKKKKANXQv+W/8AwH+ta1ZOhf8ALf8A4D/WtagAooooAz9a/wCPVf8AfH8jWJW3rX/Hqv8Avj+RrEoAKKKKANv+24P7kn5D/Gj+24P7kn5D/GsSigDTlsZNRkNxGVVH6Bjzxx/Smf2JP/fj/M/4VoaX/wAeEX4/zNW6AMT+xJ/78f5n/Cj+xJ/78f5n/CtuigDOXW4cDKSA98AH+tL/AG3B/ck/If41iUUAbf8AbcH9yT8h/jR/bcH9yT8h/jWJRQBovpct0zTKyBZDvAYnODz6Un9iT/34/wAz/hWraf8AHrD/ALi/yqagDE/sSf8Avx/mf8KVdLmtWExMbCP5yATzjn0raqG7/wCPWb/cb+VAFX+2oP7kn5D/ABo/tuD+5J+Q/wAaxKKANv8AtuD+5J+Q/wAaP7bg/uSfkP8AGsSigDQ/sSf+/H+Z/wAKZN4de4XbKIZFPZhkfyreooA8Y+In7KPw7+K0ZXxP4S0nU3/hkdCGU+oxivj/AOLn/BHLwtq0F3e+DfEM2iXTnK29189umT0AVN3f1r9J6qap/wAeEv4fzFAH4BfGH/gnf8XPhPJcTjRG8QaVApJ1DTsbT/wAnd+lfNuoaHqGkztDe2c9nKvWO4jMbfkwFf0315V8VP2Xvhp8Zo5j4n8LWV3eSLt+3JGq3C/R8HFAH8+Oi6hpkJ8rVLBpoT/y0hOJB9M8V6LoXwh8OfEBUHhzxZbWl8w407UwRIT6bwAv619vfG7/AIJByhri++GmuholXMel6mdzsf8ArqSAPyr4J+Kn7Pvj74M6pNZ+KPDt5Y+TgNdLE0lv+EoG39aAJPFn7P8A4/8ABMbSXuhXD2vVbi1KzIw9coTXL6H4s8S+B9ThudN1C+0m8hOUZGZGU/Q/4V3/AMLv2qPiF8K9lvY6xJe6UDhtPvSZYSvoFzgV9I+G/jl8Bvjosdl448IQ6Brc3ym8t0VVZvXdtwv50AcP8K/+Cm3xi+He2LUdUj8WW+4DbqwLMq+gKla+1/gr/wAFdvh/rt1Fb+MtKu/DEpTEl4xEkOeOirlq+YvF3/BP7wv4qg+2/D/xXHHE/wAyRXTCVT7B8gV86fEb9kn4k/DXzZLrRpNQtF6T6d+/BHrhM4oA/fnwH+0F4C+Jmnw3nhzxDaalDMMoqyKrn/gDEH9K7T+24P7sn5D/ABr+YfQfEniH4d60t5pd5e6FqkPSWEtDKv8AWvrH4K/8FRPin8O5bW08Qzx+LdIj/wBYLoH7U3/bVif5UAfuR/bcH92T8h/jTJb5NRjNvGGV36Fhxxz/AEr40+B//BSj4VfF6S3sb26fwrrMgybbUTiFf+2xCrX1p4Z1Wy1qS3u9Pu4L21kBKzW8iyI3B6EHBoAv/wBiT/34/wAz/hR/Yk/9+P8AM/4Vt0UAYn9iT/34/wAz/hUsGdHY+d8wk6eWc4x9frWtWTrv/LD/AIF/SgCb+2oP7kn5D/Gj+24P7kn5D/GsSigDb/tuD+5J+Q/xqOaZdWUQwgqyneS/Ax07fWsitDRP+Pp/9w/zFAB/Yk/9+P8AM/4Uf2JP/fj/ADP+FbdFAGJ/Yk/9+P8AM/4VNBONJUwzDcW+cGPn2749K1axNb/4+k/3B/M0AW/7bg/uSfkP8aP7bg/uSfkP8axKKANv+24P7kn5D/Gobj/icY8n5fL6+Zx1+mfSsqtXQv8Alt/wH+tAEX9iT/34/wAz/hR/Yk/9+P8AM/4Vt0UAYn9iz/34/wAz/hU8N8mnJ9nlVi6d05Bzz/WtSuf1X/j+k/D+QoA0P7ag/uSfkP8AGj+24P7kn5D/ABrEooA2/wC2oP7kn5D/ABqCeFtWYSwkKqjad/Bz17fWsutrRP8Aj1f/AH/6CgCr/Yk/9+P8z/hR/Yk/9+P8z/hW3RQBif2LP/fj/M/4VZj1SO1jEMitvj+Q7cEccVpVzV5/x9zf75/nQBq/23B/ck/If40f23B/ck/If41iUUAbf9twf3JPyH+NV5bJ9SkNxEVVH6BuvHH9KzK6DSv+PGP8f5mgDP8A7En/AL8f5n/Cj+xJ/wC/H+Z/wrbooAxP7Fn/AL8f5n/CrS61DtGUkB74wf61o1ynrQBt/wBtwf3JPyH+NH9twf3JPyH+NYlFAG3/AG3B/ck/If41VfS5bpmmRkCyHeAxOcHn0rOrpbP/AI9Yf9wfyoAyv7En/vx/mf8ACj+xJ/78f5n/AArbooAxRpc1qfOLRsI/nIBPOOfSrX9tQf3JPyH+NW7r/j1m/wBxv5VzNAG3/bcH9yT8h/jR/bcH9yT8h/jWJRQBt/23B/ck/If41U/sWf8Avx/mf8Kz66qgDF/sSf8Avx/mf8KP7En/AL8f5n/CtuigDGjsZdOYXDlWROoUnPPHp71Z/tqD+7J+Q/xqXVP+PGX8P5iufoA2/wC24P7kn5D/ABo/tuD+5J+Q/wAaxKKANl9UiuFMKq4aQbBkDGTx61W/sSf+/H+Z/wAKqWv/AB9Q/wC+v866agDE/sSf+/H+Z/wo/sSf+/H+Z/wrbooAx4YH0l/Ol2ujfJ8h5Hf+lWP7ag/uSfkP8aNa/wCPVf8AfH8jWJQBt/21B/ck/If40f23B/ck/If41iUUAbEt9HqEZt4wyu/QsOOOf6VX/sSf+/H+Z/wqHS/+P6L8f5GuhoAxP7En/vx/mf8ACj+xJ/78f5n/AArbooAyYM6Ox875xJ02HOMfX61N/bUH9yT8h/jUWu9If+Bf0rJoA2/7bg/uSfkP8aP7bg/uSfkP8axKKANeaddWTyYQVYHfl+Bjp2+tQf2LP/fj/M/4UaL/AMfbf7h/mK26AMT+xJ/78f5n/CituigDlKKKKAOg0v8A48Ivx/mat1U0v/jwi/H+Zq3QAUUUUAcpRRRQAUUUUAdLaf8AHrD/ALi/yqaobT/j1h/3F/lU1ABUN3/x6zf7jfyqaobv/j1m/wBxv5UAc1RRRQAUUUUAdXRRRQAVU1T/AI8Jfw/mKt1U1T/jwl/D+YoA5+iiigArP1jwro3i+FLHW9Ls9Vs3YBobyBZV6+jAitCpbT/j6h/31/nQB8S/tCf8Ej/Anj03ereBLybwtq75kNqcy28zegBbEY+gr8w/jp+yF8Tv2e7yYeKPD0yafGcDVLUNJatzjiTAGa/o8rO1zw7pnibT5bHVrC31C0kUq0VxGHUg/WgD+bL4afHrxf8ACu6jfTr+Sa0zza3LF4yPQZzj8K+1vg3+2hoPjSOKy1O6Giam2FMF0+6CQ+xb+WK+gf2mP+CS/hL4gfatZ+HVyvhfV2yxsHybWVu5JO5h+Fflf8Zv2dvH3wB8QNp3ivQ7rTX3N5NyFPlzKDjcjDt06460Afo/4x+Gfw++KdmF8QeG7TMoyL3T1ELn3ygGfzr50+In/BO2K6jlu/AGvLd91sL75GHsGySa8H+Ef7Unir4YzR2tzK2raTnDW1w2So9j1/Wvt34T/Hzw18ULSOTSr8WuogZeylbEi/0/WgD88/H3wX8bfCu5ePxDoV1ZIhwJ2jJiP0Yius+Cf7XfxP8AgNqUd34b8SXJhX5fsl8xuIAPQI5IX8BX6eLrFpq1sbLXLGDUrVhg+dGGP61458Tv2E/AHxKilvvDkp8O37/N+5+aIn3znH4CgD0/9nv/AIK/eE/F3kab8SdObw1fsRGt9anzYHOOWcnaEHX1r708D/EPw38SNHj1XwxrVnrmnyfduLOUSJ+Yr+e/4tfsf/EH4SySTvpzarpi5IvbMbkA984/lXF/DX44ePfgzrCX3hjxBf6NcxH7isSn02Nlf0oA/pmrJ17/AJYf8C/pX5gfs9f8FjGjjtdK+KGitLjbH/a+n4LMeheQEgAd+B61+hPgz4z+DfjJoNnq/hHXrTWLSQHJhflTx8pB7jn8qAOhooooAK0NE/4+n/3D/MVn1oaJ/wAfT/7h/mKANuiiigArE1r/AI+k/wBwfzNbdYmtf8fSf7g/maAM+iiigArV0L/lt/wH+tZVauhf8tv+A/1oA1qKKKACuf1X/j+k/D+QroK5/Vf+P6T8P5CgCpRRRQAVtaJ/x6v/AL/9BWLW1on/AB6v/v8A9BQBo0UUmcdaAFrmrz/j7m/32/nXRGZF6uo/GuYvLqEXc2Zox87fxD1oASioDf2y9biIf8DFJ/aFr/z8w/8AfwUAWK6DSv8Ajxj/AB/ma5oXcDdJoz9GFdFpMqNYx4dT16H3NAF6iiigArlD3rq65Q96ACiiigArpbP/AI9Yf9wfyrmq6Wz/AOPWH/cH8qAJqKKKAIrr/j1m/wBxv5VzNdNdf8es3+438q5mgAooooAK6quVrqqAFooooAqap/x4y/h/MVz9dBqn/HjL+H8xXP0AFFFFAEtr/wAfUP8Avr/OumrmbX/j6h/31/nXTUAFFFFAGfrX/Hqv++P5GsStvWv+PVf98fyNYlABRRRQBa0v/j+i/H+Rroa57S/+P6L8f5GuhoAKKKKAMrXf+WP/AAL+lZNa2u/8sf8AgX9KyaACiiigDQ0X/j7b/cP8xW3WJov/AB9N/uH+YrboAKKKKAM/+xIP78n5j/Cj+xIP70n5j/CtCigDGkvZNNc26BWROhYHPPPr703+25/7kf5H/GotU/4/5fw/kKqUAaH9tz/3I/yP+NH9tz/3I/yP+NZ9FAG3/YkH9+T8x/hR/YkH9+T8x/hWhRQBn/2JB/fk/Mf4Uf2JB/fk/Mf4VoUUAYrapNasYQI2EfyAkHnHHrSf23P/AHI/yP8AjVS8/wCPqb/fb+dRUAaH9tz/ANyP8j/jSrqkt0ywsqBZDsOAc4PHrWdUtp/x9Q/76/zoA1v7Eg/vyfmP8KP7Eg/vyfmP8K0KKAM/+xIP78n5j/CkbQ4cHDyA9skf4Vo0UAYn9tz/ANyP8j/jR/bc/wDcj/I/41n0UAaH9tz/ANyP8j/jT4r6TUZBbyBVR+pUc8c/0rMq3pf/AB/xfj/I0AaH9iQf35PzH+FH9iQf35PzH+FaFFAGf/YkH9+T8x/hTZNLjtkMyO2+P5xuwRxzWlUN3/x6zf7jfyoAyv7bn/uR/kf8aP7bn/uR/kf8az6KAND+25/7kf5H/GsPxd4H8P8Axc0e40LxVpFrq2lzL+8gmTIbtj6cmrlaGif8fT/7h/mKAPzD/ao/4JFPBHea/wDCa5MygGRtBuSNxPpE2AAMepr82Nd8O+KPhT4me11G0vdC1a0kxiRCjBh6HoR7iv6fq8b/AGgv2Ufh9+0hostr4q0eNr/YVh1O3AS4iPUYfGcZ7e5oA/HP4L/tqXOnmDSvGqtdwcKuoL99f971/AV9leEvGlnrllDqWh6jHdW7gMGibP4Edq+O/wBrD/gnP49/Z5mudW063k8TeFA2UvbOMtLGvo8YyQAOrHivnv4b/GDxP8J9SW40e8eKLd+8tZMmJ/quetAH7E6X4ugvk8i9RULcEkZVq8y+Lf7H/wAPfi1DNdfYE0jVZBkX1jgbj/tcH9K8q+DP7Ufhv4oRRWd3Kuka1gBoJ2ARz/sscD8K9/0vxFdaWwCv5kX9xuR+FAj87vjL+xF45+FzTXtjD/b+kKSRcWg+ZR7qeT+VeReCviX4w+EfiBNQ8ParfaBqkHG+IlGHPIIP09K/Z/S/FFpqQ2FvJkYYKtwD+NeVfGD9kXwD8XIZribT10rV3GVvrIBMn1YAfN+dAHHfs1/8FaLeaS10b4racyAkRjWrHhVGPvSKcsTn0Hev0h+Hvjrwb8VNFg1Xwtr0GrWkyB1MMq7wD6oRuH4ivwc+NP7Ffjr4SmW9trc67pAJK3Nku5wP9pBkivN/hb8bPHHwP8QDUPCmtXeiXSMPNijZlSTB6SKCMj2NAz+lf+xIP78n5j/Cop4BpKiaE7i3yESc+/bHpX5u/sz/APBX7TdYW10b4r2JsbxiEGsWMZMTE8DMYB2/Umv0K0nxxoPxA8N22q+HdWtNXsJSrCa0mWQDIPB2k4PtQBpf23P/AHI/yP8AjR/bc/8Acj/I/wCNZ9FAGh/bc/8Acj/I/wCNTwwrqymaYlWU7AE4GOvf61kVt6L/AMer/wC+f5CgA/sSD+/J+Y/wo/sSD+/J+Y/wq9JIsSlnYIo5LMcAVw/ij45fD/wWsn9s+MdEsJIxkwzX8Syf98ls0AdV/YsH9+T8x/hUM+dHYGE7xJ18wZ6fT618reOP+Cp3wK8G3E1qms3uq3aZwtnZu6Mf98AivnP4hf8ABZ7TLiVrfw34GuJAudl1c3YUH/gBT+tAH6Yf23P/AHI/yP8AjTZPEEkK7n8lF9WyB/OvxJ8V/wDBVz40a3czJp0mk6XZt91Vst0i/wDAgwrxTxR+2R8Y/Ft1I95481iFH6w2t08Sf985oA/oF1L4saDpGftuvaPaleqy3aKfyLV5v4u/bE+C/hNWl13xzZwTfxLb7pRxx/CDX8+2qeJNf8ZX3m395eaxcE9Z2aVjV/Tfhn4v16RUsfC+pT7ujR2MmPzxQB+0Pib/AIKgfAbRYmbT9ZvNbYdFt4XQn/vpK8l13/gsh4Ft5Hj0zwLrl1j7szXUIU/gQDX5+aB+x38WfESqbbw3NCG/5+m8r/0IV6Lof/BNv4nakqtevp1gD13XCMR+G6gD3LxN/wAFjddkV/7C8HW9v/d+3Nv/AD2sK4S4/wCCwHxjmjeODTvD9mrHIMcEuR/4/S6P/wAEudZZlOpeLrWEd1ig3fyeu40n/gmN4XhUf2l4jurk9/JQp/U0AeK65/wVE+OurbvK8Rpp+f8An1Vlx+ZNcNfft+ftA3zkn4oa3Ep/hjlUD/0Gvs/Tf+CcHwrtMG4bVLo/9fW3/wBlrprH9g34P2WP+JJdTY/56XIP/stAH57Tftq/HG6OZ/iZr0h/67L/APE1kXH7VHxWunZpfHmtOzHJJmX/AAr9Orf9jP4P2/Twmj/77Kf/AGWrqfsk/CSPp4Msj/vRof8A2WgD8qLj9or4kXT75fGWrO3q0o/wqEftAfERT/yN+qZ/66//AFq/WL/hlH4Tf9CVp/8A35T/AAqOT9kv4SSdfBliP92NB/7LQB+Wlv8AtQfFS2K+V451hNvTEw/wratP21vjjpygWvxM12ED0mX/AOJr9Jbj9jf4QXGc+Eok/wCuZUf+y1iah+wf8H74Ef2JdQZ/55XIH/stAHw74f8A+Ci/x+0WUNJ8QtS1FR/BdsGH6AV6bov/AAV3+NWjIolTRdTx3uoZCT+TivatU/4Ju/C67JNrLqlme2bkt/SuK1z/AIJg6PPuOleKpLf0E8Jf/wBmFAG94P8A+C0/iWJE/wCEk8G2d0f4v7OzHn6bnNet+Df+CvHwt16ZYtZ8PazoHYyzSxyL9cICa+Ur/wD4JZ+Kzu/svxTpt2/8KTqsX6l64LxN/wAE3/jb4Zjkni0S11W3Xndp14kxP/AVzQB+sngj9uj4DePbhLbT/HEaXLf8sriN48fiyAV7boviXwl4iVW0zxFY327osF5E5/IGv5w/E3wT+IHg24kTWPB2sWm3rJNYS7Pz24rH8O+OvE3gLUGm0XVr7QrpeptJWhYH8KAP6cl0W3YAh5CPqP8ACqzanNakwgRsI/kBIPOOPWvwR+Hf/BR347fDuILb+LG1hF6DWUa6/Dlq+mfhz/wWNuo/Ji8beEhdyyH97e2EojVfU+XtJ/WgD9VP7bn/ALkf5H/Gj+25/wC5H+R/xr5X+GH/AAUO+DHxPnW1t/EJ0m8wCyapGbZB7b3wDX0NofiXSfE1qLrSNTtNTtm6S2cyyr+ak0AdGuqS3DCJlQLIdhwDnB49atf2JB/fk/Mf4Vk2v/H1D/vr/OumoAz/AOxIP78n5j/Cj+xIP78n5j/CtCigDObRIdpw8gPbOD/Sqv8AbU/9yP8AI/41t1ync0AaH9tz/wByP8j/AI0f23P/AHI/yP8AjWfRQBpxX0moSC3kCqj9So545/pVj+xIP78n5j/Cs7S/+P6L8f5GuhoAz/7Eg/vyfmP8KP7Eg/vyfmP8K0KKAM2TSo7dDKjtvj+cbsEcc1W/tqf+5H+R/wAa1rr/AI9Zv9xv5VzNAGh/bc/9yP8AI/40f23P/cj/ACP+NZ9FAGpDO2rMYZgFUDflODnp3+tT/wBiQf35PzH+FVNF/wCPpv8AcP8AMVt0AZ/9iQf35PzH+FH9iwf35PzH+FaFFAGXNYpp8f2iJmLp2fkHPHb61B/bU/8Acj/I/wCNaGqf8eMv4fzFc/QBof23P/cj/I/40f23P/cj/I/41n0UAasH/E43ed8vl9PL46/XPpU39iQf35PzH+FQ6F/y2/4D/WtagDP/ALEg/vyfmP8ACj+xIP78n5j/AArQooAyp7caSomhO4n5CJOfft9Kh/tqf+5H+R/xq3rX/Hqv++P5GsSgDQ/tuf8AuR/kf8aKz6KAOrooooA5/VP+P+X8P5CqlW9U/wCP+X8P5CqlABRRRQB1dFFFABRRRQBzN3/x9Tf77fzqKpbv/j6m/wB9v51FQAVLaf8AH1D/AL6/zqKpbP8A4+of99f50AdNRRRQAUUUUAcpRRRQAVb0v/j/AIvx/kaqVb0v/j/i/H+RoA6CiiigAqG7/wCPWb/cb+VTVDd/8es3+438qAOaooooAK0NE/4+n/3D/MVn1oaJ/wAfT/7h/mKANuiiigCC8s7fULWS2uoI7m3kUq8MyB0YHqCDwRX59/tjf8EtfD/xGhvvFPw38rQvEbDL6Y3yWlwx6HPSP/gK96/Quqmqf8eMv4fzFAH8yvxD+GPi34L+KDpXiTS7rQtUiJZBIGQsAcbkPBI969r+B/7Y2p+FPs2keKt2paUuFW66zR/X+9+Jr9nPjF8BfBfxy8OzaV4q0a3vQwPl3G3EsTeoYYP4HivyS/as/wCCcPi/4HtPrPhoTeKfC4YkzRqPPt17GQAAY+maAPqjwp4v0nxtpMep6JfR31o44kjYZU+hx0NdjpPim700qrHzofRjz+dfkh8Pfip4l+FGtLdaVdywbG/eW0mdjjuCD0r7s+C37UHh34qRRWd06aRrmADbSNhZD6qc/wA6APrXT9YstaiKKVbcMPDIAQfw714l8a/2L/A3xcWa8gg/4R/WiCVuLNAqMfdAQPxrpIpmiZXjYq3UMprr9B8XhtlvenB6CX1+tAj8q/jL+yn46+DM0txe6e17o6k7dQtQXjx23HGAay/gn+0x49+AetRX3hfW54YlPzWMzmS2YZyf3ZyoPvjNfsbdWdtqdq0NxDHdW8gwUkUMrD8a+SP2iv2LfAHiCO51fStVs/B2p4LlJJP3Eje/3iPwFAXPoP8AZl/4KWeBfi9aW+meLpofCPiUqAVncC2lPTCOcZPtivdvGn7Vnwn+H4ddb8c6PaTqM/Zzcr5h+i5r+fXxFo8vhPxFc6el3HdvbybRcWrHa/up61Z0/wAP+JfGF4sdnYX2pXB4HDOfzagZ+uXxC/4K1fC/QYLiPw1Zanrt7HkL5sAjgY+zhjx+FfNHjb/gsV8UNVtJYPDGi6Z4YJY4l3C6Pp0dK8E8D/sO/FfxoFdtCfSYW/5bXvA/QmvefCH/AAS9dljfxN4rEZ6tFYLk/T5loA+bfiR+2P8AF34oTCXWfGupRnuunytaL+UZAry6S81zxhqH724vtYu27zStO5/Fia/Vnwb+wb8KfCvlvPpcmtTp/wAtLxiOfopFeyaF8M/CnhmJU0rw/YWQXpthDH8zmgD8gfCv7MHxR8Zsp0/whqAjbpLJCyJ+YFeweE/+CbvxH1ZlfWJ9P0mI9d05Zx+BUV+oMcSwrhFVB6IoUfpT/wBaAPiHwr/wTB8O2oV9d8U3d038UdvAAPzDCvWPC/7Bvwj8Mssn9k3Goyj+K5uHwfwya+hqKAON0L4N+B/DaKNP8K6VFt6M9rG7fmVrq7fT7SzXFvZ2tuPSGBU/kKnooANzf3m/OjH40UUAGB6UUUUAFFFFABRRRQAUUUUAFFFFABRRRQAm0dwD+FWLXULuxbdb3U0J9EkIH5ZqCigDqYfHklxGsOsabY6zbjgrdQI5x+INZPiL4J/Av4txmLXfB+nWM8gwzW8CWx/76QA1mUUAeR+PP+CPXwr8UQzXHhbW9Q0BmBZACbhM/wDAnr5R+J3/AASH+K3hdpJ/DFxYeI7NMkDzSkxH+4FP86/R7SfE2paLIGtbqRB/dJyP1r0HQ/jIj7ItUttvbzYun1NAH8+3xC/Z8+I/wpllXxR4S1PSEQ4864t2CH6Eis3wR8Z/G3w8vLa40HxNqlj5DblhS7k8r8Y920/lX9Jhj8O+NbUiWGy1OFhgxzRK/wDMV4T8Wv8Agnp8GfixHLLP4ah0jUHz/pthuDDPfbnb+lAH5yfCj/grh8S/CLwReKNNsPFdujKNxxbOqj/cQ5P1r7x+EX/BUr4MfEdYLbVdVl8KakwHmDVEWKDd6K5bn8q+Uvi5/wAEZda0tJ7rwF4pj1KJcsLXUl2yH2GxcfrXxR8Uv2WPil8G7qVfEfhPULSBDxcKgZG9xgk0Af0aeG/FGk+MNLh1LRNRt9UsJhujuLZw6MPUGtWv5m/Afx1+IHwl1ZLvw14k1LRrmMYCiQsv02PkfpX3B8FP+CyHivw4trYeP9Bh8QWaL+91C1JF03/AcqlAH7CVyhryP4Kft4fCH43x20OmeJbfTtXmGf7Lvm2zL9cfL+tesQXEV1GJIJUmjPRo2DA/iKAJKKKKALWl/wDH9F+P8jXQ1z2l/wDH9F+P8jXQ0AFFFFAEV1/x6zf7jfyrma6a6/49Zv8Acb+VczQAUUUUAaGi/wDH03+4f5itusTRf+Ptv9w/zFbdABRRRQBU1T/jxl/D+Yrn66DVP+PGX8P5iufoAKKKKANXQv8Alt/wH+ta1ZOh9Z/+A/1rWoAKKKKAM/Wv+PVf98fyNYlbetf8eq/74/kaxKACiiigDV/t3/ph/wCP/wD1qP7d/wCmH/j/AP8AWrKooA1fsP8AaX+k7/L3/wAOM4xx1/Cj+wv+m/8A45/9erel/wDHhF+P8zVugDJ/sL/pv/45/wDXo/sL/pv/AOOf/XrWooAyV104GYcnv83/ANaj+3f+mH/j/wD9asqigDV/t3/ph/4//wDWo/t3/ph/4/8A/WrKooA1f7J+1fvvN2+Z8+3bnGecdaP7C/6b/wDjn/160LT/AI9Yf9xf5VNQBk/2F/03/wDHP/r0NpJtQZhNuMfzgFOuOfWtaobv/j1m/wBxv5UAZ/8Abv8A0w/8f/8ArUf27/0w/wDH/wD61ZVFAGr/AG7/ANMP/H//AK1H9u/9MP8Ax/8A+tWVRQBq/wBhf9N//HP/AK9H9hf9N/8Axz/69a1FAGT/AGF/03/8c/8Ar0GwOm/6SJPM2fw7cZzx6+9a1VNU/wCPCX8P5igCp/b3/TD/AMf/APrUf27/ANMP/H//AK1ZVFAGr/bv/TD/AMf/APrUf2t9q/c+Vt8z5N27OM8Z6VlVLaf8fUP++v8AOgDQ/sL/AKb/APjn/wBej+wv+m//AI5/9etaigDJ/sL/AKb/APjn/wBeg250fEwbzQ3yFcY9/wCla1Z+t/8AHqn++P5GgCH+3f8Aph/4/wD/AFqP7d/6Yf8Aj/8A9asqigDV/t3/AKYf+P8A/wBaj7d/af8Ao2zy9/8AFnOMc9PwrKrkPGHxw8DfCljc+J/Eun6WY1LmCW4QSsMH7qE5NAHon9hf9N//ABz/AOvUV14fhe3dbiZDCR8/mINuPfJr4C+Mn/BZHwP4dElt4D0S78ST8p9puQbZEPPIDKdw/GvhH4wf8FGPjP8AF6SSKfxHJoenljtt9H3Wx2nszKfmoA+vf2/v2TfgpNpOq+KtA8XaN4Y8UKGnlsoJFkjunHJBRCSHY9zxk1+U8c0mn3QeCUrJG3yuhweO9bNvp/iDx7qsj21pfa3fTN8zqjTSMT6kCvdfhz+wL8TvHXlTXNjFodk/JkvXCuB/uHBoA0vgf+2ZfeHVg0nxj5mo2CjZHeD/AFkY9/UfQV6Z4k/ba0nzGt/C2gX2uT9FkVCy/wDfOM13/wAPP+CZ/hHRRFN4o1a41m4XkxW+YUz6dTmvo/wb8CvAvw/jRdE8NWFs6/8ALZ4VaT/vrFAHxVpXjb9pj4v24tdB0+bw/pknAlUeSVB/3mro9F/4J9eL/GVwt58QvHUk7Ny0MRYv+fIr7uGQgTPyDovajgdBQB8++Cf2F/hT4PETy6MdbuU583UCH59eAK9t0Lwro3hi3WDSNLtdOiXgLbpitWigAPzdeaKKKACiiigAooooAKKKKACiiigAooooAKKKKACiiigAooooAKKKKACiiigAooooAKKKKACiiigAooooAmtLyexmEtvK0Mg/iQ4ru/D/AMXr6x2x6jH9ri/vr96vPqKAPozQ/GGl+IYwbe4UP3jc4IrSvtMtNUt5ILqCO5gkXaySKCCK+ZIZngkEkbMjjoynBrs/DvxU1PSSsd1/pkH+194fjQByPxk/4J0/Br4vLPPJ4ej0HU5ASb3SwI3Ldicg96+CvjZ/wR/8deFftF94I1S38S2iglLN/kmA9CzEA1+uXh/x7pPiBVEU4hm7xy/Kf1610XDc9aAP5kfG3wt8afC3VJbXxBoWoaVPCcGSSFggx6OBj9a9O+DH7c3xY+CrQQab4hm1HSoQFXTNQJkgA9gCD+tfv341+Gvhn4jae1j4l0Wy1m1YbfLvIVkx9MiviT46/wDBIjwD42Fxf+Cb2bwtqLZbyX/ewE+gUbQtAGD8C/8AgrJ4G8Xm30/x7ZT+Fr4hQ9+i+Zbux7BVywGfX1r7p8GeKvDPxC02K+8PeIbLVYJVDj7PIrMARkZUNkfjX4UfHD/gn/8AF34HyTTXegyaxpinK3elgzjb6sqg7fxryT4f/F7xt8GNXNx4a1rUNAu45AZIoJWjViOzoCM/Q0Af0qmwOm/6SJPMKfw7cZzx6+9H9u/9MP8Ax/8A+tX5QfAv/gsRrFnbw6T8TdHTUomKq2q2C+W0ajuYwCWP4198fCH9pn4dfHDT4Lnwt4jtbiWUZFlO6x3I+sZO4flQB7P/AG7/ANMP/H//AK1H9u/9MP8Ax/8A+tWVRQBq/wBrfav3PlbfM+TduzjPGelH9hf9N/8Axz/69Z9r/wAfUP8Avr/OumoAyf7C/wCm/wD45/8AXo/sL/pv/wCOf/XrWooAyTbnR8ThvNydhXGPfrn2o/t3/ph/4/8A/WqbWv8Aj1X/AHx/I1iUAav9u/8ATD/x/wD+tR/bv/TD/wAf/wDrVlUUAav2/wDtL/Rtnl7/AOLOcY56fhR/YX/Tf/xz/wCvVTS/+P6L8f5GuhoAyf7C/wCm/wD45/8AXo/sH/pv/wCOf/XrWooAyedFIOfOEnbG3GP/ANdH9u/9MP8Ax/8A+tS670h/4F/SsmgDV/t3/ph/4/8A/Wo/t3/ph/4//wDWrKooA1ftH9sfudvk7fn3Z3e2P1o/sL/pv/45/wDXqLRf+Ppv9w/zFbdAGT/YX/Tf/wAc/wDr0VrUUAcpRRRQB0Gl/wDHhF+P8zVuqml/8eEX4/zNW6ACiiigDlKKKKACiiigDpbT/j1h/wBxf5VNUNp/x6w/7i/yqagAqG7/AOPWb/cb+VTVDd/8es3+438qAOaooooAKKKKAOrooooAKqap/wAeEv4fzFW6qap/x4S/h/MUAc/RRRQAVLaf8fUP++v86iqW0/4+of8AfX+dAHTUUUnvQAtZ+t/8eqf74/ka4L4t/tIfDv4I6W954t8UWOm8HZCzlndv7oCg4P1r86vj9/wWOn1FJ9L+HHhsW8OWX+0tTPzgjIDRhWIx35HpQB+kviDxHpnhXS5tS1e+h06xhXdJcXDbUUepNfIfxo/4KjfC34ex3Fp4ZuG8Yaqi/uzZ4a1J9DIDkflX5MfEj4++P/jBqRuvEniTUdWmbIEZfYoBPQKgGfxq98NP2a/iF8WLiIaPoFybVjg3cy7Y1HqcnP6UAe1/Fz/gp58W/iWtxa6dcW/hXTJkKm1sQJHH0kKhhXzDcat4l+IerIlxd6jr+oSE7RPM87nPYbia+8/hd/wTL03T/IvPGuuteyjlrGyHyfQllB/I19Y+Bfgz4M+G9mlvoHh6zstgx5uze598tmgD8yvhr+wf8T/HhguLvTBoGnvyZdQJjbHqBjmvrH4cf8E3/AvhpYrjxHfXPiC8X5jGMxRg/VW5/KvrkKFGBwPQdKWgDm/Cnw38L+CLVLfRNBsLFVGA6wIX/wC+sZrpOe5J+tFFABRRRQAUUUUAFFFFABRRRQAUUUUAFFFFABRRRQAUUUUAFFFFABRRRQAUUUUAFFFFABRRRQAUUUUAFFFFABRRRQAUUUUAFFFFABRRRQAUUUUAKrNG25WKsOjKcGuv8O/E3VdD2xyN9st+6yH5vzrj6KAPoDw78QtJ8QBUWYQXB/5ZScHPtXUda+WFdkYFSVPYg4rrfDnxK1TQdqSOby3H8EnUfSgD3S4tYrqFopo0miYYaORQyke4PFfO/wAc/wBgf4S/HSGSTUdCj0jU2HyX2mL5JU+pRNob8a9m8O/EPSvECqolFtcH/llIea6dWDDIOR7UAfir8fP+CSvxC8AyXF94HlHi7SUywiUFbrHpsUHP518YXtt4s+EviJ7e4XUvDWtW5wyq728qkHodpBr+nllDDkV5p8WP2c/h/wDGjS5bLxT4asdQDAgT7NkiH1BUjJ+tAH4+fAv/AIKkfEr4Zi107xEkPi3R4wsYW5IjmjXoTvCkucep7V+jfwL/AG8vhV8chbWllraaRrkuEGmaltildz12DJyM/wAxXyb+0B/wR1v9PF1qvwy1v7dEMuNKvhiT12oVXH5mvz78dfCvxx8G9cez8RaJqGg3sJOGcFeh6hlP9aAP6RrNg1xAQcgspB/Gunr+f79n7/gob8TvgVcWtu1+fEuiw4A03UzlVGc/Ky4bP1Pev1A/Z4/4KbfC342GDT9Uuv8AhENekIRbXUD8srf7BXdx9SKAPsGioLO+t9QgWe1njuIW5EkTBlP4ip6AM/Wv+PVf98fyNYlbetf8ei/74/kaxKACiiigC1pf/H9F+P8AI10Nc9pf/H9F+P8AI10NABRRRQBla7/yx/4F/SsmtbXf+WP/AAL+lZNABRRRQBoaL/x9N/uH+YrbrE0X/j7b/cP8xW3QAUUUUAVP7Ltf+eX/AI8f8aP7Ltf+eX/jx/xq3RQBh3N1LYztBC+2NegwDjPP9aj/ALUuv+ev/jo/wo1T/j/l/D+QqpQBb/tS6/56/wDjo/wo/tS6/wCev/jo/wAKqUUAdB/Zdr/zy/8AHj/jR/Zdr/zy/wDHj/jVuigCp/Zdr/zy/wDHj/jR/Zdr/wA8v/Hj/jVuigDBkv7i3kaJJfkjJVcqOg49Kb/al1/z1/8AHR/hUN3/AMfU3++386ioAt/2pdf89f8Ax0f4U6HUJ55UjeTcjsFYYHIJ5qlUtp/x9Q/76/zoA2/7Ltf+eX/jx/xo/su1/wCeX/jx/wAat0UAVP7Ltf8Anl/48f8AGkbSbYqQI8H1DGrlFAHP/wBqXX/PX/x0f4Uf2pdf89f/AB0f4VUooAt/2pdf89f/AB0f4VLa3Ut9cLDM2+Js5XAHQZ7fSs+rel/8f8X4/wAjQBq/2Xa/88v/AB4/40f2Xa/88v8Ax4/41bpCQASeBQBV/su1/wCeX/jx/wAajuNPt4IXlRdjoN4bJ4I5714b8f8A9uD4W/s92cy61rsV/q67lXTNPYTTBx0Dqpyoz3I9a/Lr9ov/AIKofEf4tNd6b4Yk/wCEN0CTKhbViblu2fNG0rn096AP1A+Nn7Znw++BNk0niHxJbyXhBEdlabZpGb+6QoO3p3r82/2gf+Ctnj/x4bjTvAqN4S0pxtFxkG769Q64AGPaviSG18RfEfXHeNL3W9TnbLyHdLIx9SetfRXwt/YX1jWfJvfFl0ul2p+b7NGd0jD0PIIoA+ddY1zxH8SNflvb6e+13Vrp90kz7pZHYnqcV9CfB/8A4J/+PPiJHBfauI/DulvhvMufmkZT6KDkflX138OPgn4Q+HP2aLR9IhWcMoNzMoeU8/3sZr6Yh/1MQPOEUDP0oA8C+FP7Efw1+GawXEmmLr2qR4P2m/AcBvVRgYr3y3t47S3SCCNYYEGFjjGFH0qSigAooooAKKKKACiiigAooooAKKKKACiiigAopMj1paACijB9KKACijNFABRRRQAUUUUAFFFFABRRRQAUUUUAFFFFABRRRQAUUUUAFFFFABRRRQAUUUUAFFFFABRRRQAUUUUAFFFFABRRRQAqsVII4I5BrrPDvxK1XQ9sckhvLYf8s5Dkge1clRQB9AeG/iFpXiBQqy/Z5+8chx+tdQGDcg5HtXywrFWDKSrDoR1rrvDnxM1TQyscr/a7b+7IcsPxoA95rk/iF8K/CvxU0aTSvFWiWetWMgwYrqMMB9Kn8O+P9K8QKqpMIJz1ikOPy9a6X6UAfmV+0V/wR90nVvtGq/C/Uv7MuOXOl3nzRsf7qEYC/jX5t/Fj9n/x98DtZlsPFXh+709ojjz1QvCfo6/L+tf0s1znjb4e+HviJo8ul+ItItdYsZAQYruJXAz3GRwaAPwQ/Z7/AG9vin+z9cWttp2ty6noEZCnSb8mSJV77BkYOO9frN+y/wDt7eEP2krKK1t7r+xPEoXEml3bLuJ9UbADZ9Bk818w/tXf8EkoJre88RfCeUxSqGlk0W4fIbudjZ/JQK/M2WPxN8I/GRjf7b4e8QabNww3RTQuD1B4NAH9M1jM+pTGO4PmRgbgMY5/D61e/su1/wCeX/jx/wAa+Pv+CdH7XaftH+DZNM1mSNfGGjQBLvaQPtCZXEoHb7wHfkV9mUAVP7Ltf+eX/jx/xo/su1/55f8Ajx/xq3RQBnXVnFZwmaEeXInIOc+3f61Q/tS6/wCev/jo/wAK1dU/48Zfw/mK5+gC3/al1/z1/wDHR/hR/al1/wA9f/HR/hVSigDVsf8AiZb/ALT+82Y29sZ69PpVv+y7X/nl/wCPH/Gqmhf8tv8AgP8AWtagCp/Zdr/zy/8AHj/jR/Zdr/zy/wDHj/jVuigDMvoV0+NZbf8AduTtPfI/H6VS/tS6/wCev/jo/wAK0Na/49V/3x/I1iUAW/7Uuv8Anr/46P8ACiqlFAHV0UUUAc/qn/H/AC/h/IVUq3qn/H/L+H8hVSgAooooA6uiiigAooooA5m7/wCPqb/fb+dRVLd/8fU3++386ioAKltP+PqH/fX+dRVLaf8AH1D/AL6/zoA6aiiigAooooA5SiiigAq1pf8Ax/xfj/I1wvxJ+LnhL4R6DPq/irXLXSLSIZ/fN8zHsAoyeT7V+Zf7SX/BV/W/En2zRfhjbvoFmGZP7Ymwbh8ZGYxkrtPXkZ6UAfpR8fP2uPhv+znp7y+KtciTUPLLxaXbkNcygf3VJGfzr8qf2l/+Cqfj/wCLEl5o/hADwn4dcmPdD81xOnqSRlD/ALp7V8a6nq/iH4ia49xdz3mtalcOSWkJd2Yn8hX0J8If2I9Z8TRwaj4rmOi2RwwtRzM4/IigD55srHxB8QdcEcCXmtanOeS7tLK/uWJzX038J/2Fr/UDFfeNLk6fAcN9ih5kI9GzjFfWPgT4W+Gvhzp6Wuh6XDakDDTFcyP7kn+ldbQBy/gn4Z+G/h5Ypa6HpcFqFGPNKhpG99x5/WuooooAmsf+Py3/AOui/wA69eX7if7o/lXkFm227gP/AE0X+devRtujQ/7I/lQA6iiigAooooAKKKKACioprqG3UmWVYx7msS98aafa5EbNO3olAHQUV4749/aM0DwJZvcarqFrpygZCO252+gGa+X/ABl+354g8RXT6b4E0O5vpWO1LmVcg+4wf50ESnGmuabsj9AJpEgjMkjCNB1ZjgCvOPGX7Rnw48Bbl1nxbYQTL/ywjkDSfTBr4ej+F3x3+Nsn2jxP4gn0Swk58qZ9uB7bAT+ddv4X/Yb8L6c6Ta/ql5r03VlZvkz+IBreNGcuh8pjOKcrwTcZVOZ9lqd74q/4KP8Aw/0lni0ax1DWJB0YxBUP4hq8+vP+ChnjrXZCnhj4frIp+67O7H8sGvYvDvwS8DeF41Ww8NWUbL/GwZj+prr7fTbOzULBaQQqOgSJR/St1hX1Z8hiOP6a0oUb+rPmNv2mP2lPEAzY+EntAem20Vv5rULfEf8AauvvmFq0APY2SD/2WvqscdAB9ABRuPrV/Vo9zxp8fY1v3aUV958pDx5+1dB83lM/t9jQ/wDstTR/Hf8Aai0X5rrw/Jdqv/Tkgz+S19T7j60ZP1p/Vo9yY8e45PWnF/efL0f7dXxg8OMP7f8Ah+ska/eZg0f8lrrPDv8AwUs8PtIsXiHw1eac/RmtgXx+ZFe4yW8Uy4kijcf7Uan+lYGsfDnwv4gjZNR0Cxug3XcmD+mKh4Xsz1aHiB/z/ofczT8H/tkfCfxi0ccHiiGwuH4EN+VjOfTgmvYtK1ay1y1W40+6hvoGGRJA25TXxr4s/Y1+H/iLe9lbTaJO3Ie0bgH/AIETXnF1+yz8SvhrMb7wF41nlKfMIDId5x2wV21hKhOJ9Zg+MMrxVlKfI/M/Ryivz78P/tqfFb4RXCWHxE8Ky6tbJwbnb+9wO4IIWvpv4TftbfDz4sxxxWmrppmpsObC+O18+mQMfrWFmtz7GlWp1o81KSa8j2mimxssiBkZXU8hlII/MU6kbBRRRQAUUUUAFFFFABRRRQAUUUUAFFFFABRRRQAUUUUAFFFFABRRRQAUUUUAFFFFABRRRQAUUUUAFFFFACqzRsGVirDoVODXbeFfihf6KyQ3hN3adDn7y/T1riKKAPpvSNXttasY7q1kEkbj8varteTfBS+kNzf2pY+Vt3gehyBXrNAB1r86f+CsX7Lmj+IvhvL8TtJs0t9c0g4vDCm0SwYJZmx1I2qPxr9Fq8W/bN0+HUf2XPiVFOAU/seY8/7tAH4pfsCfFm5+Ev7THhK7W5MGnX1x9jvlHR4ipIB/4EFr+hhW3KCOhGa/mD+HrNb/ABH0AxEqy6jFgjt84r+nayz9jhz12D+VAE9FFFAFTVP+PGX8P5iufroNU/48Zfw/mK5+gAooooA1dC/5b/8AAf61rVk6F/y2/wCA/wBa1qACiiigDP1r/j1X/fH8jWJW3rX/AB6r/vj+RrEoAKKKKAND+25/7kf5H/Gj+25/7kf5H/Gs+igDYisU1GMXEhZXfqFPHHH9Kf8A2JB/fk/Mf4VLpf8Ax4Rfj/M1boAz/wCxIP78n5j/AAo/sWD+/J+Y/wAK0KKAMNdanAAKxn3IPP60v9tz/wByP8j/AI1n0UAaH9tz/wByP8j/AI0f23P/AHI/yP8AjWfRQBsppcV0qzMzhpBvIBGMnn0p39iQf35PzH+FWrT/AI9Yf9xf5VNQBn/2JB/fk/Mf4U2TSoreNpUeTfGCy5I6jn0rSqG7/wCPWb/cb+VAGV/bU/8Acj/I/wCNH9tz/wByP8j/AI1n0UAaH9tz/wByP8j/AI0f23P/AHI/yP8AjWfXk3x7/ab8Dfs76C994n1WNLwr+406IhriU9sJnOOnPbNAHtmoWunaVZy3V7di0tYl3STTyKiKPUk8CvgH9rL/AIKfeEvhp9v8O/Dn/iofEcZMT3782tu35Dfx3U9/aviP9rD/AIKGePP2iry5021uZPDvhTcVj0+zlKtIvT944xuB67SP5V4B8OfhH4m+K2qLbaLYSTpu/eXDAiJPctjFAE/xW+M/jD43eJJNW8U6vc6veO37tXYlYweixr2HPSu3+Dv7J/in4mPFe3cTaPpGctPcLh2HsvB/HFfUXwZ/ZD8N/DtYr7WEXW9ZAyfNUGKM+ynIP1r3+ONY41RFVEUYVVGAB7CgDzr4XfAXwl8KbaP+y7BZL/Hz302GkJ9jgYr0f3oooAKKKKACiiigBVbayt6EGvXNPl86xt5Ac5Rf5V5FXovgq9F1o4Qn54mwRQB0FFFI7rGpZiFUdSaAFpGZUGWYKPUnFc5q3ja2s8pbDz5PX+EVx+peIL3UmPmykJ/dU4FAHc6l4usdPyofzpP7qf41zGoeOL26ysGLdPbrXNM6xozsQqqMsx6Aepr53+M37WuneE7h9C8JRjXfEDnyw0Q3RxseOMZ3GgTairs9t8efErR/BWmyaj4h1WO3jUZ2u2Xb6L1r5Y8VftReM/inqjaJ8MtInhhkOz7cyHcfcNwF/GjwL+zN4t+MOpp4l+Juo3ENvIfMSx3HcQecbc/IK+r/AAj4H0PwHpsdjoenQ2MKAAtGgDt7s2Oa66eHctZaI/Os44yw2BvSwvvz/Bf5nzN4H/Ytu9cvl1n4j6vNqN5J87W0T5b6M3INfSfg/wCHnh3wDarBoOlW+noBjdGoDn6mujorujTjDZH47mGd47MpXr1HbstEBJJyeTRRRWh4QUUUUAFFFFABRRRQAUUUUAFFFFAFXVNLtNas3tb+2jvLZxhopl3KR9K8C+JH7GPhPxTvvPD+7w9qf3l8vHlbv90D+tfQ9FTKEZbo9PB5ni8vlz4eo4/kfHuj/FL43fsrXkVprKyeKPC6NgbwZQE/2SD8v419cfBP9qzwR8ardI7K+XS9XA/eafeOFYH0DHAP4VJeWcGoWr29zDHcW7jDRSqGU/ga+cPiz+x7p+sXT674HuX8P66hMixRNsjZuvykEba4amHa1ifrWT8b06zVLMFyv+ZbfM+8qK+BPhL+2R4s+DesQ+D/AIuWE72kZ8uPVNhMiqOAenzjHfNfcvhfxVpXjLRbfVdFvodQsJ13JNCwYfQ46GuPbRn6pTqQrRU6buma1FFFI0CiiigAooooAKKKKACiiigAooooAKKKKACiiigAooooAKKKKACiiigAooooAKKKKACiiigAooooA9O+CduftWozY4C7P5GvWq87+C9r5eh3UxHMkvH5f/Wr0SgArwP9u7WP7F/ZO+JM2cM2lSovuSpr3yvkP/gqTr39h/sl+IF3bTezpa49dyP/AIUAfij8F7FtY+LXha3CbzJqMfy/jn+lf0n2+szrbxjZHwo7H0+tfzyfsX6SmuftQfDyxZdyy6lyCPSJz/Sv6DVG1QKANH+25/7kf5H/ABo/tuf+5H+R/wAaz6KANOK+k1CQW8gVUfqVHPHP9Ksf2JB/fk/Mf4VnaX/x/Rfj/I10NAGf/YkH9+T8x/hR/YkH9+T8x/hWhRQBk3A/scqYTuEmdwfnp9PrUX9tT/3I/wAj/jU2u9If+Bf0rJoA0P7bn/uR/kf8aP7bn/uR/kf8az6KANSGdtWYwzAKoG/KcHPTv9an/sSD+/J+Y/wqpov/AB9N/uH+YrboAz/7Eg/vyfmP8KK0KKAOUooooA6DS/8Ajwi/H+Zq3VTS/wDjwi/H+Zq3QAUUUUAcpRRRQAUUUUAdLaf8esP+4v8AKpqhtP8Aj1h/3F/lU1ABUN3/AMes3+438qmqG7/49Zv9xv5UAc1UF5eQafay3NzKsEESl3kc4CgdSa4D41fHzwd8BvC8+s+KdVhtQg/dWobMszYyFUD6dTxX4/ftX/8ABQXxl+0Bd3WlaVLL4c8JZKJYwNiS4XPWU5POf7pHQUAfYP7WX/BULRPBK3Ph34ZSQ65q+GSXVsg28PYbDzuYehHpX5a+LfGvij4ueKJL/WL671vVruQnMjFiWY9FXoo9hWt8LPgr4l+LurpBplpILbIMt5IP3aD1z3/Cvvj4M/s1+GfhHapKIE1PWcfPfTDO09wvTj6igD55+B/7FN5rHkat42EljZnDpYL/AKyQf7XTA+hr7O8N+F9K8I6bFYaRZQ2NtGNoWJQCfqep/GtSloAKKKKACiiigAooooAKKKKACtnwrq/9l6ku9sQSfK3t71jUUAelat4ss9NTCuJpSOFWuJ1XxFeasx3uUj7IvArL/WigBKxfF3jTRvAujy6prd9HY2cY5Zzyx9B71578bP2jvD/wfsHjaRNR1thiKxibO0+rH0/GvkjQdJ8d/tceOvMvLmWPSlb55TkQW6Z6D1OPr0ppOTsjmxGJpYSk61aVoo7fxt8cvGn7RfiBvCvgK0ms9KZtsk8eQ7r/AHmP8I+hr3j4H/sw6D8K7eO+vlXV/EDjMlzMNyof9nPX64rvPhj8K9B+FWgRabo9qiPtHnXJHzyt6k12NelSoqOr3PwTP+K6+ZSdDDPlp/iwooorqPz4KKKKACiiigAooooAKKKKACiiigAooooAKKKKACiiigAooooA5P4ifC/w98T9Hk0/XLJJgwwlwq/vIz6g9fwzXyxCvxG/Yr8TnUdJlm1zwVNJ88UhLJt9D/dPHavtOqupaXaazYzWd9bx3VrMu14pBkMKxqUlUXmfWZJxFisnmknzU+q/yOh+Cvx18M/HLw3HqehXa/aFUfabFj+8gb0I9K9Gr82viR8IPE/7OPioePfhtcTDTFk33NjHzsXPKkd15x619hfs5/tJaH8fPDaTQMljr0C4u9OY4ZT3ZfY89+1eXKLg7M/oXLsyw+Z0FXw8rr8V6nsdFFFQeoFFFFABRRRQAUUUUAFFFFABRRRQAUUUUAFFFFABRRRQAUUUUAFFFFABRRRQAUUUUAFHTmigqWBA6nigD3/4a2f2TwjZ8YMgLH8zXU1m+Hbb7HodlFjG2If41pUAFfnX/wAFl/FH2X4M+HtBV9rXmoJcFe5Cbx/7NX6KH7pr8hv+C0/i83XxA8EaDG3yW9lNJIv+0WQj9DQB4P8A8EzfB7+Iv2ovD18q7l0kG7Y+gIZP/Zq/cmvyT/4I5+HJLr4qeMdXdM29vpawK2OjmVGx+Rr9bKACiiigC1pf/H9F+P8AI10Nc9pf/H9F+P8AI10NABRRRQBla7/yx/4F/SsmtbXekP8AwL+lZNABRRRQBoaL/wAfTf7h/mK26xNF/wCPpv8AcP8AMVt0AFFFFAEP2SD/AJ4x/wDfAo+yQf8APGP/AL4FTUUAYN9I9vdSRxO0aDGFViAMjNV/tc//AD2k/wC+jU2qf8f8v4fyFVKAJftc/wDz2k/76NH2uf8A57Sf99GoqKAOl+yQf88Y/wDvgUfZIP8AnjH/AN8CpqKAIfskH/PGP/vgUfZIP+eMf/fAqaigDnZ7iWGaRElkVFYqAGPABqP7XP8A89pP++jRef8AH1N/vt/Oq1xPHawSTSuscUalmdjgAAZJNAFk3k4GTPIB/vmvkT9rv/god4d+ANrd6HoNyniDxiUISGOXfBbsR1kI4OD1XIPGK+f/ANtr/gpZ9jn1LwT8L7lH2boLvXUIYE9CIsdR6MD39q/NvQ9A8QfEzxJ9nso7jVtVu5Nzu5Z3Yk8s7cnvyTQBtfFf4weLvjr4ufWvE+ozatqUhIiXkrGCfuRrzgdOPavZ/gH+xzf+Kzb614uV7DSWw6WfSWUe/wDdH1Fe1/AP9krSPh3Hb6v4gjj1TXsBhG4DRQH0weCa+iAAoAAwAMAUAZvhvw1pnhHR4dL0ezjsLCEYSGJcD6n3rToooAKKKKACiiigAooooAKKKKACiiigAooqtqGo22k2U15eTpbWsK7pJpGwqD1JoAnkkWJGd2VEUZZmOAB6k18q/tEftgQeHFutA8GyrcakMpNqC8pH6hcdT7g965f4xftBa78YtYn8H+ARJDpSki6v1JXco6ksPur+NeNeFPhUfiJ43t/CnhvdexxPm91IjIP9457Dj1600m3ZGFetTw9OVWq7RW434P8Awj8Q/tA+NWknlle33+Ze6hNk8ZyRnuTzX6ReBPAukfDrw3b6LotsttaRAbsDmRscsfcnP51X+G/w70n4Y+F7XRdJhVI4l/eTYw0rd2NdTXq0qSprzP5z4i4gq5xW5IO1JbLv5sKKKK3PjQooooAKKKKACiiigAooooAKKKKACiiigAooooAKKKKACiiigAooooAKKKKAGTQpcQyRSKHjkUo6MOGUjBBr5A+Mnwh1z4FeLo/iV8OGktoopN9zZwg/IM5YYHVDzx2FfYVR3FvFeW8kE8azQSKUeNxkMp4IIrOpTVRWZ72T5xXyfEKrSenVd0Tfs5/tB6P8e/B0d/bMttq9uAl7ZMwDK+OWA9CQT7Zr1uvzU+Jfg/X/ANlH4lW3xE8EiR9AkkzdWmTsGTkow6YODX3v8I/ipo/xg8FWPiHR5lkjmQCaLPzQyd1I7eteTKLi7M/pbL8fRzLDxxFB3T/DyO0oooqD0QooooAKKKKACiiigAooooAKKKKACiiigAooooAKKKKACiiigAooooAKKKKACrmj25vNVtIQM+ZKq1Tro/h5a/a/GGnrjIVt5/AigD6Bt18u3jX+6oH6VJRRQAhr8I/+CqvjBfE37VurWsT7oNPtoYV56ExoT+or92Z5EhiaRztRBuJ9hX83P7Uni4+NPj/4z1Nn8wf2lLCGz2R2UfyoA/R3/giv4dH/AAr/AMc6rPBzLqSxIXHDL5UZyPxzX6VfZIP+eMf/AHwK+Rf+CX/hOPw3+y94XvETZJqsD3UnGCSJGT+SivsCgCH7JB/zxj/74FH2SD/njH/3wKmooAo6hBHDavJGixuuCGQYPXHasf7XP/z2k/76Nbeqf8eMv4fzFc/QBL9rn/57Sf8AfRo+1z/89pP++jUVFAGrpP8ApXm+d++24x5nzY6+taH2SD/njH/3wKz9C/5bf8B/rWtQBD9kg/54x/8AfAo+yQf88Y/++BU1FAGbqka20KyRL5T7sbo/l4/D6Vl/a5/+e0n/AH2a1ta/49V/3x/I1iUAS/a5/wDntJ/30aKiooA6uiiigDn9U/4/5fw/kKqVb1T/AI/5fw/kKqUAFFFFAHV0UUUAFFFFAHM3n/H1N/vt/OvzQ/4KaftpSaItx8LfBupeXdMNms3Nu2Hj7+UD2P3Dx2Nfcv7THxYi+Cfwl8W+LmCvPp8Ej28LHHmyckL+PNfz26lfar8TfHc1xO8l5qmrXZZmY5ZmY/0H8qANH4W/CvW/i94mj03S4mYZDT3DZ2xL3JP51+j3wf8AgnoHwg0OO106BZr5gPPvpFBdz3x6Dr0o+CHwlsPhD4JtNLhhQ6g6h7y4A+Z37j6cV6HQAUUUUAFFFFABRRRQAUUUUAFFFFABRRRQAUUVDeXkOn2stzcSLDBEpd5GOAoHU0ARarqtpoen3F9fzpbWkCF5JXOAABmvij4lfFDxH+034vPhXwkJLTwxC+2a4XgSYOCzH064HvUvxc+Jet/tI+N18F+E2ki8OW8n7+4XhZMHlifTjIrvdem0L9mX4UyLpqR/2i67I2P35piD830B/nQB5R8Q1svh/Y2fwz8Dx/adc1AqmoXkYzIxP8Oe3Y8elfVv7P3wXsvg94OhtvLV9YuFD3lxjJ3cfKD6cV5N+yB8HriSS4+IniWPztSvmL2azDJUE/f/AEIr6rr0cPT5VzM/CuMc+eKqvAYd+5Hfzf8AwAooorsPy8KKKKACiiigAooooAKKKKACiiigAooooAKKKKACiiigAooooAKKKKACiiigAooooAKKKKAM/wAQaDYeKNHutL1OBbmxuUKSRsM8H096+RPAHijWf2Lfjg2m3zST+B9Zkxlj8oUn7w9wRivsuvO/jn8JrL4ueBrrTZkVdQhUyWc+OUcf0xmuetT9ovM+z4ZzyWU4lRm/3ct/LzPpjTdRttWsbe9s5luLW4QSRSochlPcVZr4o/YT+OF5YXV58KPFjtBqemkixac8kDrH+ABP419r15R/SEZKcVKLumFFFFBQUUUUAFFFFABRRRQAUUUUAFFFFABRRRQAUUUUAFFFFABRRRQAUUUUAFd78HbPzfEkk5HEUR/XFcFXrXwUsx9jv7o9WdVH5GgD06iiigDj/jBry+Gfhb4s1UuI/sel3EwY+qxsR/Kv5ovEV+dZ8Uaren5jdXc0313SE/1r9+f+ChvjL/hCv2V/F115nltdItkOcZ8wMv8AWvw1/Z78Ip48+NXgzw+67l1HU4YGBHYmgD+gj9mrwtH4L+EvhPRolCR22mphQMfeO7/2avWa5rwfaCwtrW2AwIbZY/yCiuloAKKKKAKmqf8AHjL+H8xXP10Gqf8AHjL+H8xXP0AFFFFAGroX/Lb/AID/AFrWrJ0L/lt/wH+ta1ABRRRQBn61/wAeq/74/kaxK29a/wCPRf8AfH8jWJQAUUUUAW/7Uuv+ev8A46P8KP7Uuv8Anr/46P8ACqlFAG3a2sV7brNMu+Vs5bJHQ47VL/Zdr/zy/wDHj/jRpf8Ax4Rfj/M1boAqf2Xa/wDPL/x4/wCNH9l2v/PL/wAeP+NW6KAOeXVLpVAEvA45AP8ASl/tS6/56/8Ajo/wqpRQBb/tS6/56/8Ajo/wo/tS6/56/wDjo/wqpRQB8M/8FhvFSab8C9B0ONzHcalqEVxIVY/OoVwwx6Zavzi/Yz8Jw+JvjJaTzJvTTkNzyOM8r/Wvsz/gtTeSJf8Aw0tgxETWMzlc8ZDrj+dfM/8AwT9jVvHPiFz95bEY/wC/i0AfdWS3J60UUUAFFFFABRRRQAUUUUAFFFFABRRRQAUUUUAJXyJ+0/8AGTUfGPiGL4a+DpGkllcR31xCchueVyOwwDXqP7UHxrT4V+D2s7GQHX9SUx2yDqinjf8AmMfjXnv7NPwhbwrpLeJtZVpde1IeZmblo1P179aAO1+Efwt034R+E1tlCfbSnmXt3x8xAyefQc14etrP+1B8fIbFQx8L6Q5WXj5dqkB/xOCRXo/7UHxGfwf4LGl2D/8AE11U+Sir94IcA/mDXoX7K/woHwz+G8El1GP7W1QLczuw+YKQSoz9GrejDnkfH8TZt/ZWBbi/fnov8/kewWFjDpljb2dsgjt4EEcaL0AAxU9FFesfzXKTk3J7hRRRQIKKKKACiiigAooooAKKKKACiiigAooooAKKKKACiiigAooooAKKKKACiiigAooooAKKKKACiiigD5M/a08A3ngzxJpXxT8Nq0N7azq155IwTgj5uPXOK+1Pgh8VLP4xfDfSvElo6mSaMJcxg5KTADeD+JrjPEmgWnijQb7Sr2NZbe7iaNgwzjI4P4GvmX9krxldfAH47az8M9alaPSNQkP2RpDwGydhH+9kV52Ip8r5l1P3jgrOHisO8FVfvQ29P+AfoTRRRXGfpoUUUUAFFFFABRRRQAUUUUAFFFFABRRRQAUUUUAFFFFABRRRQAUUUUAFe7fCix+yeE4mIw0rsx/M14UqmRgo6scfnX0n4ZsxYaFZQjjESk/iAaANSiikPSgD89f+Cyfi86X8D9D0ASbTql8JSueojZT/AFr4c/4Jg+B4vGv7WXh3zV3rpcT6l9DG6D/2avav+CzvjI6j8TvC/hvzONOtTcFM/wDPRV/+JrU/4It+AY77xr4v8Xlcvp8K2Ab081Q3/slAH6v30CafEstuPLfdjOSeMH1qn/al1/z1/wDHR/hWhrX/AB6r/vj+RrEoAt/2pdf89f8Ax0f4Uf2pdf8APX/x0f4VUooA0LW6lvZ1hmbfE3VcAds9q0P7Ltf+eX/jx/xrJ0v/AI/ovx/ka6GgCp/Zdr/zy/8AHj/jR/Zdr/zy/wDHj/jVuigDJvl/s0xm2/dl8huc56etVf7Uuv8Anr/46P8ACreu/wDLH/gX9KyaALf9qXX/AD1/8dH+FH9qXX/PX/x0f4VUooA0rKZ9RmMVwfMQLuAxjn8PrV7+y7X/AJ5f+PH/ABrP0X/j6b/cP8xW3QBU/su1/wCeX/jx/wAaKt0UAcpRRRQB0Gl/8eEX4/zNW6qaX/x4Rfj/ADNW6ACiiigDlKKKKACiiigD83P+C0Xh+S4034e6uAfLghe3PplmB/pXyL+wPfi3+Juq2xOPPsto/wC+wf6V+hv/AAV/8OPf/szaRqsURkks9UtwxA+6hSQk/oK/L79kPXhofxu0VGO1bpjC3/fJP9KAP0rHSloxt470UAFFFFABRRRQAUUUUAFFFFABRRRQAVn69rln4Z0a81S/kEVnaRmWVj6AZrQr5S/bO+I11eSab8OtEcve6g6tceX1GcbVP1DfpQBwXgGwvP2jPjNf+LdXDPoWnS/uYm+6cYAUfUc19XMyW0LMcJHGpY+gUDP8hXKfCvwJbfDzwXYaVAgEioHmfuznnn6ZxWF+0L44/wCEH+G1/LG+28ux9nhHfJxn9CaCTyPwnp7/ALQ37S0txJmTQtFfcO64Qkr+eK+51VY1VEG1FAVVHYDoK8B/Yz+HI8H/AAwj1a4jxqOrt5rMRz5fBX+Zr3+vVoQ5Yep/OPFuZPH5hKEX7sNF+oUUUV0HxQUUUUAFFFFABRRRQAUUUUAFFFFABRRRQAUUUUAFFFFABRRRQAUUUUAFFFFABRRRQAUUUUAFFFFABRRRQAV8tftp+Bbi1ttI+IOjqY9S0qZPNaMckAjYT9MGvqWsfxf4bt/GHhnUtGulDxXkDxc9mIIB/DNZ1I88Wj2cnx8stxtPER2T19Op2fwD+Jlt8WvhXofiCBw8jwrDcAHpIg2nP1INehV8HfsDeNLjwL8QPFPwu1Nym6Zp7RX7FWwAPruzX3jXjH9UU6kasFOOzCiiig0CiiigAooooAKKKKACiiigAooooAKKKKACiiigAooooAKKKKANHw7Zm/1yxgxndKpP0BFfSsUYjjRB0VQo/AV4f8JdN+2+JxMwykCE59yOP5V7lQAUjdKWs/xBqA0rQtRvScC2tpZif91Cf6UAfgl/wUn8YHxn+1l4mkEu+OxWOxAzwPLLKa/Qb/gjn4IXw/8As96rroXB1y/37vXyi6V+R/xx8SHxj8YPGOstJ5gvNTuJlb2Lkj+dfvX+w74Gt/hb+zB4M0pmSFXtvthLsB/rT5n/ALNQB7frX/Hqv++P5GsSofFnxE8LaTagXniPSrdlflZLyMHoe2a8Y8X/ALaHwb8DMU1bxtZROO0KvL/6ADQB7bRXxt4v/wCCqPwb8PRM2mXF14hYdFtUaPP/AH2orx3xJ/wWS0toXGg+Bb5JRwrXs8bKfwUg0Afprpf/AB/Rfj/I10BIXqcV+Juuf8FfvipeXDjTdG0TTo+dj+XIXH478V5F4u/4KKfHrxRcFk8fahpkLdYbFgq/qDQB/QHea1p+noWub23gUdfMlUf1rzXxd+1Z8JPAchj17x5pGnSD+GSUk/oDX88XjD4yeNfH1x52veJtS1STOd083+GKwLax1bXpgtvDdXrk4wgZ6CZSjFXk7H75a3/wUI+AUjRrH8RdKk25yVZsdvarnhf9s74LeMLxLTS/iDpNxdSHCw+YwYn8q/DOx+CHxAvrcSQaBelMcZUD+dYmvfD/AMV+F5N+oaTfWpH8flnA/EVXK+xyRxuGnLljUi36o/pIsdStdShWa0uIrmJhkNGwYfpVmv56vgj+1n8SPgHqUUvh/Xbg2Kvvk0y6Ytby89GHX1796/YP9kn9tbwv+0xo62xZNI8VQoPP02Vsb/Vk9RyOM55qTtPqLRf+Ppv9w/zFbdYmi/8AH03+4f5itugAooooAKKKKAOe1RQt9LgY6H9BVWreqf8AH/L+H8hVSgAooooA6uiiigAooooA+W/29vCY8V/sw/EO3SHzZrWyluII1H8aggY/Ovwn+G+sN4b+Imh35/dm3u1z7fw/1r+kLxpocHibR9X0q6Xfb3aSROp7g1/Nv420ufwv481aynj8mazv3Ur6YckfpigD9cI5luUWZDlJBuB9qdXFfBfxGPFnwt8Nanu3NLZoHP8AtY5rtaACiiigAooooAKKKKACiiigAooooAzfEeu2/hnQb/VbpwkNnC8xJPUhSQPxxXxh8AdJufix8Vtb+IWq5lhgmZbbeOM7jsx9AK9I/bd8eSab4R03wpYSY1DV51Dqp52grtH45NdX8G/BEXgH4faXpqJtmaMTzeu9huI/Ak0CO2r5a+P1xN8R/jP4a8E2h8yO3kVpVHI3ZO7/AMdFfT95dJZWk9xIdscSF2PsBXzp+yhpbfEL43eJ/GlyvmRWxZoWbkBiduB+BrSnHmkkeLnGMWBwNXEdUtPXofY+l6XDoem2un2yhILWNYUA9AMCrVFFeyfyvKTnJye7CiiigkKKKKACiiigAooooAKKKKACiiigAooooAKKKKACiiigAooooAKKKKACiiigAooooAKKKKACiiigAooooAKMkcjrRRQB8e/tAeZ8F/2jvCfxBsVMNrPIj3DL0O3AIP1xX6K6XqEWraZaX0DbobiJZUYd8j/Gvjr9sXwWvir4N310ke650xxcqQOdoDZ/mK9c/Yx+IX/CffAXQWlk33mmqbOfnJzksM/gRXlV48sz+j+EMc8ZlkIy3h7v+R7nRRRXOfbBRRRQAUUUUAFFFFABRRRQAUUUUAFFFFABRRRQAUUm4bWb+FeS3YVwvi746+APAm4a34q060kXrF56mT8s0Ad3RXyz4s/4KKfC/Qi0enG+1iUcDZCAh/ENXk3ij/gpxqdvH5mi+C4o4WOEmup25/AqaAP1j+Duk/ZNFmvWX5rhsD6D/wDXXoPmjOMN+Vfjd4e/b2/ag8caDGPCui21tpxysU8eno6/ns5rP1DxP+1v46YnUvEa6cj9fKc25H4KBQB+zV3qlnYLuubqC3X1lkCfzrxb9pr43eGPCHwV8YXEfiTSzemwkhjgjvYzIzOpXhQ2T1r8s5P2dfjB4nl8zXvidqse77yx6pMw/LcKW6/YwtYdPuLzxN481S7toIzLK0pLjAGTyXoA+HbiZ7iZpXbc7ncx9zXpv/DTnxXOn2+njx/ryWFvEsMdtHfOEVFAAUDPQAV0vwh+Bum/Fn4rXdnpYmbwhYuTJcsSGdQTgZzxuA9a+y9H/Zk+HOh7fJ0BZsf895C/86APzX1TWtc8XXpnvrm81W4J+/KWkY1PY+AfEurSKtroOoS56FLV8fniv1U034e+F9JUC08PabFjofssZP54rahs7a3GIbWCEf8ATKJU/kKAPzJ0b9mX4j64q+RocsQPe4by/wCdd7ov7CPjnUFVr24srAHrmRXI/ANX3/z/AHmx9TTJpo7eJ5ZXWONBuZ3OAB6k0AfHmi/sBQ2q+ZrPiZSijLiGEqAPru4ry/4neEfhz4U1BvDXg+2vvFHiJm8trhZN8SHpwNp3fUGvVvjJ8dNc+LviY/D/AOG6ySwSN5d1fQ5y/rgjovuD2r2f4E/s3aJ8I9PjuriNNS8Qyrma7mAYIfRM59+a2p0nUZ8tnnEGHyan73vTey/zPCPgv+w5Nfx2+qeNpjbQOA40+E/OR/tHt9CK+tPCXwz8L+BbdIdE0W1sgo/1ixjzD7lq6eivThTjDZH4HmWe47NJuVabt2WiH+dIOA7AfWqmpafbaxbPb39vHeQOMNHOu4H8KsUVoeFGcou6ep8oftB/sb6brNjc634Lt1sr+NS8mnrjZLxk7Bxg+3vXx74K8aeI/g744s9Z0m5m0vWdMn3IwyrKwPIPtX6418WftufAuK1C+N9GtvLRjtvo41wobHD8ewH51w1qKtzRP1zhPiapKosBjJXv8Lf5H6m/sm/tQaV+1F8H7LWoSsOvWbC31K0b70cu3JI9VIK89M17HX4OfsE/tFXXwF+NWni4uGXw/rDrZ38WcjBJ2MB67tvPpX7wwypNGskbB0YZDDoa4D9mHUUUUAdXRRRQBz+qf8f8v4fyFVKt6p/x/wAv4fyFVKACiiigDq6KKKACiiigDmbzm6n/AN9v51+Cf/BQjwBP4G/ag8XkweTZajOLy1GMApsVTj/gQNfvZd/8fU3++386/K3/AILIfD9odc8FeMY/kilhbTH46tmSTP5CgDm/2HfFX9sfCeTTHbMun3DAL6IQoH9a+jK+D/2CPFRsPHmqaLLJiO+twUU/3l3Mf5V930ALRRRQAUUUUAFFFFABRRRQAUjMEUsxwqgsfoOTS1x/xd8Vp4L+G+vas77DFblU/wB5vl/rQB8oXjH43ftWXbk+bpWjsVXuv7ssVP44r6m46DgdvYV87/sd+F3h8M6l4muhuu9SmKB26kKc5/8AHq+iaCTzz4+eJP8AhGPhXrlwjbZpYvJj9cnBp/7FXhMeH/hGmoOuJtUmMxb/AGcDH6ivM/2ytYZdA0HRoz813ciRl9RytfUvwz0FfDHw+0DTEXZ9ntFUj35NdmGjeTZ+Zcd4r2eChQX2n+R09FFFeifhIUUUUAFFFFABRRRQAUUUUAFFFFABRRRQAUUUUAFFFFABRRRQAUUUUAFFFFABRRRQAUUUUAFFFFABRRRQAUUUUAFFFFAGb4k0WLxJoGoaXMA0d5C0JB968D/4Jz68+heKvHvgm5fa8chuY429QyLx+FfR6ttYN6c18jeBbo/C39u7ys+VaazN5fsVKZ/mK4sTHRM/V+AcVy16uGb0auvkforRRjbkdxRXnn7cFFFFABRRRQAUUUUAFFFFABRRRQAUUVy3xG+JWgfCvw3ca34hvo7S0hUkKW+eQ46KOpoA6S4uobOGSaeVYYoxuaSQ4AHrXy58af29/CvgK8l0nwrB/wAJXrQOzMOTCje5BBrwLxt8YPiR+2H4gm0Xwuk2geDEfa78qrr6uc/N+FexfCb9mnwn8L7eOcWq6prGMvfXAyQf9n0/GgDx66vv2gf2jJjNeXsnhfRJeRH9xAp9CBu/Oug8N/sPaNHItx4m1+91ubq0e7KZ+pwa+mwoFNmmS3jeSV1jjUZZ2OAo9TQB5b/wp/4ZfC/QrnU59Ds4La1j3vPOWJ4+p618z6L4fvf2rvimZ4LFNI8F6Y/yiOMKCoPTgck9PxrY+LnjrWP2lfiNb+BfChddAtpcXNwM7Xx1Y+3OK+rvh18PtL+Gvha00TS4gkMK/PJjmRu7GgDY0TQ7Lw7pdtp2nwLbWdugjjjQYwBxV/8AP86KKACvlf8Aa3+Kl3qF5Z/Dfw2zS6lfSKLtoTyoJxt/DHNe3/GT4mWfwr8DX2sXDA3G0pbQ55kkPYfhn8q8I/ZL+GN54k1a9+JviZDPfXjk2glHOT1f8j+lAHt3wO+FNp8JfAtnpUSL9udRJdy45aQjkfQHNehUUUAFFFFAATgEk4Hqa+R/2hfjJqvxG8SR/DXwGXuJJn8u7uoD949CoPYc8/Suy/ao+OEvg/TV8J+HnM3iPUx5Z8k5aJG4/M5/Stz9mH4CxfDLw+NZ1VBP4m1BfMkmbkxK3O0e54zW1Om6jsfMZ9nVPJsM5vWb+Ff10Oj+BPwL0v4N+HUjRFudZuFDXV4w5J/uj26V6lRRXrRioqyP5sxWKq4ytKvWleTCiiimcgUUUUAFZHizw3a+MPDeo6NeIslveQtGwYdPeteijc0p1JU5qcXZo/IPxl4fuvAvjbUNMkLRXNjcYDDqCDkH+Vfuf+wP8Wj8Xf2bPDd7PM0+oaen9m3Tucs8karlj9c1+VX7dngoaH8SLbWYIwsOqQiRyB1kyc/oBX0d/wAEdfiPNF4k8XeDrm4zbS28d1aQk/x5cyH8lFeLOPLJo/qvKcYsfgqWI7r8ep+qNFFFQesS/a5/+e0n/fRo+1z/APPaT/vo1FRQBu6fCk9pG8iLI5zlmGSeT3qx9kg/54x/98CotL/48Ivx/mat0AQ/ZIP+eMf/AHwKPskH/PGP/vgVNRQBzK3UygASyADgAMaPtc//AD2k/wC+jUVFAEv2uf8A57Sf99Gj7XP/AM9pP++jUVFAHQ29vFJbxM0SMzKCWZQSTivkj/gqJ8Krbx5+y1repC1Elz4dYahAI0+bcSIz+jmvru0/49Yf9xf5Vz3xO8MweMvh74h0W5jEsN5ZSRlD0J25H6gUAfzgfAvxUfBvxW0HUQxRftAibns52/1r9VVkWUB0OUf5l+h6V+RPibQ7/wAB+MrzTL2PydQ0u68t19HRs1+o3wf8TL4u+Gfh/Uwwd3tY43Of4lUA/rQB2NFFFABRRRQAUUUUAFFFFABXzJ+3N4oay8E6PoELYk1S6AdR3Xt+or6ar4v/AGlLlvG37SXhnw6p3w2gUMvowLMf0oA9s+E/h0eFfh3oWmhdrx2ys/8AvEDP8q6w8Cl2LH8iDCrwPpQBuYD14oIPl347A+Kv2hvBugj50QhGX3J3V9wLGIkVFGAqgD8q+JvDa/8ACUftoIW+dLKVW+mEH+Nfbdejhl7rZ+G8e1ubGUqXaP5sKKKK7D8vCiiigAooooAKKKKACiiigAooooAKKKKACiiigAooooAKKKKACiiigAooooAKKKKACiiigAooooAKKKKACiiigAooooAK+Qv2rIz4T+PHw/8AE0fyEsoZvfew/lX17Xyz+3lYf8U/4S1JR81vfKhPt8xrCur02fZcI1nSzel53X4H39DcLdxJOhysqhx9DTq5f4W6t/bvw38M6hncbiwjkz9a6ivJP6TCiiigAooooAKKKKACiiigAoori/i38VtD+Dvg278Qa5crDHGpEEORumk7KooArfGT4zeH/gn4Rn1zXbhV4K29sp/eTP2AHXGSOa+CtP0jxp+2l42PiLxRLLp/g22kIhthlRszwqjucDlhS+GvD/ij9sj4hyeL/FrTWXhK3k/0e2Vj5ZwchFHAPYE9cGvsDSdIs9D063sLC3jtbSBQkccagAADHbv70AVPCvhPS/BejQaXo9olnZwqAEjAG4+p9TWvRRQAV8s/tUfGi+vLyP4b+DybnVr8iO6kgOSoPGwEfXn6V6R+0h8aoPhH4PcW7rJrt+DFaw55GRgv+Gcj6Vwv7KPwRn0uGTx54oRpvEGosZYFm5MaMc7ue54IoA9E/Z++Ctn8IfCccbKsmtXaiS8uOpyedoPp0/KvVKKKACkd1jUs7BEHJZjgAetLXz/+158XP+EG8F/2Bp0h/t3WFMaKh+ZY+jEe/IoA8l8bale/tTfHS18P2Bb/AIRjR5P3kgPy7R1Y++Tivs7R9JtdB0u20+xiENpbII4o16KBXk37L/wgT4Y+A47m6T/idaoPPumYcrnov5AGvZaACijNJuHrQAtcX8XPiVY/CvwVea1eOPMVSlvHnl5DwMD2JBrsZJkijZ3YKigsxPYDrXxZ4zv7z9qb47Q+HNNlZvC+kSZeRfusqk5Y/UDFNK7sjmxOIp4WjKvVdoxV2dD+y38Lb34ieKLv4oeLUaZ5ZWayjl/vZJzg9hxivsCqWi6NaeHtJtdNsIlhtLWNYo1UY4Axn61dr2KcFTjY/mDOc0qZti5V57dF2QUUUVoeEFFFFABRRRQAUUUUAfMf7enhr+1PhvpmqKuXsbkhm/2SuP5mvJ/+CaPi2Pwd+1l4YnnfFvdRXFqyN0YvGVXP4tX09+1Fo41r4I+I4yu5oo1kX671r89PgPqs+i/GrwLdQyGMprlkGYHHymdAR+VeZiFadz+gOBsQ6uWum/syf+Z/TH9kg/54x/8AfAopbWYXFvFKvR1DD8RRXKfopzNFS/ZJ/wDnjJ/3waPsk/8Azxk/74NAG3pf/HhF+P8AM1bqjp88cNmiPIqOuQVZgCOTVj7XB/z2j/76FAE1FQ/a4P8AntH/AN9Cj7XB/wA9o/8AvoUAc1RUv2Sf/njJ/wB8Gj7JP/zxk/74NAEVFS/ZJ/8AnjJ/3waPsk//ADxk/wC+DQB0Fp/x6w/7i/yqVlDKVIyCMGq1rdQrbRAyxghACCw9Kk+1wf8APaP/AL6FAH4D/wDBSr4b/wDCu/2rvFe0BYdYb+1Y1UYAEjMMf+O16n+wj4u/tb4dX2iySb5tPn3qD/dcn/CvX/8AgtD8N4JLHwd43s4lmuGkksrqVMHbGqgpn/gTmvjL9h/xf/YPxUbS5G2wajAynnguBhf50AfoTRR04/CigAooooAKKKKACiiigA718R+C2PjX9rfxFqL/ALyKylZlPoNuP619q30/2WxuJunlxs36V8W/snR/2r468aawwyzkqG/4GKAPqAfrT4v9amfWm0Z28+lBB82fs4R/2r+1N4nvG+YRIxB+jIK+06+M/wBj1ftPxs8bXHUhJBn/AIGtfZlerh/gP5540nzZrJdkgoooroPgwooooAKKKKACiiigAooooAKKKKACiiigAooooAKKKKACiiigAooooAKKKKACiiigAooooAKKKKACiiigAooooAKKKKACvnz9tyx+0fB9Z8c292Hz/wABx/WvoOvFP2wYBN8C9aY/8syG/UCs6nwM93IpcmZ0H/eR7d+ypqJ1T9nrwRcE5P2CNT+Ar1evDf2J7gz/ALNvhTP8Eez8lFe5V4x/VAUUUUAFFFFABRRRQAUUUjMqKWdlRFGSzHAA9TQBkeL/ABZpngfw7fa3rFytpp9nGZJJGOOnYe9fn1Z6f4p/b2+L015MZdM8B6TJ8in7m0Hp3yxz+RrY/aC+Iet/tXfF6z+F/gx3Hh60m23lyudjsOC5PoMkV9q/C34Z6R8J/Blh4e0aBYoLdAHkA5lfux96BN2MXQfhDB4Z0m203TTDa2VuoSONBjAH4Vpf8K/m/wCfpf8AP4V21FBF2cWPh/J3ux/n8Kw/HVjp3w+8Kajr2rakIbOziMh3YG49lHHc4r1CvgX9qrx/qf7Qvxf0v4SeE5Wk061uAL6WLlHYZ3ZPoAB+IoGnc5v4D/DPUv2tfi3feOvESzQeF7CTNtG/3WIJKoPocZ+tfd8Pw7toY0jWdkRAFVVAAAHQVN8Mvh3pvwr8F6b4a0pFW2s4wrOB/rHwAzn64rqaA5jll8AWg6zyH8BT18B2I6yyH8q6aigV2cZ4g0XQ/C+h32rahK0dnZQtPIzHHCgnH44r4e+Afgub9qT9obU/G+rQs/hbR5iII25Vip/dqPqqnNel/t/fFa5Wx0n4ZaBIzavrMqfaFiOSqkjYp+uTXvv7O/wmtfg38LdJ0KFALlo1uLt8ctIw3EH6EkUD6HYR+DdLjUKIeAMAe1SL4T0wf8u+fxNbFFBNzKXwvpi/8uqn8TTx4d05f+XVPzNaVVtR1C20mwuL28lWG1t0MksjHAVR1NA9T5j/AG4PitZ/C74fpoOkxJ/wkGv/ALmLyz80UeT835rj8awf2V/hCnwz+H8F1dxY1rU1E1wzD5lU4wn4HP51494VF3+1V+0xqXijUA0nhzRZT5Ebfd2jACj8Tur7M+gwPQV34en9tn49xxm70y6k/OX6IKKKK7j8fCiiigAooooAKKKKACiiigDk/ixaC++GfiWAjO6zY/kc/wBK/K7wFefYfHWgXA4MOp2sn/fMyn+lfrF44jEngzXEPezk/wDQTX5F6eTDrlsehW5Q/kwrz8Vuj9s8P5fuK8fNfkz+nvwLef2h4K0C6PJmsIJPzjU0VjfB2+hf4SeCmM0eTotmT8w/54JRXEfrJ2tFFFAHP6p/x/S/h/IVUq3qn/H/AC/h/IVUoAKKKKAOrooooAKKKKAOZvP+Pqb/AH2/nUVS3f8Ax9Tf77fzqKgD56/by+GL/FP9mrxRp1uB9rto1vY3IztEbB2/MLX4X/DfxHJ4T8eaJqyybfs91G7kf3dwJFf0ja9pMWvaHqOmzDMN5bSW7j2dSp/nX85/xz8Fv8Pfi34r0HyWgjsdSnihDDH7sSEIfyFAH6o6bepqWnWl3GdyXEKSg/7yg/1qzXlP7MXjD/hNPg7o1yzbprdTbyeowSB+gr1agAooooAKKKKACiiigDE8b3BtfButzA4Mdo7V8n/sWwZ0bxNcY5a6Zc/ipr6k+J7Ffh14kI6/Yn/mK+Zv2MVx4O1xu5vW/ktAmfRFI33W+lLR149aCT51/Yt/5Kx45z12yf8Aoxa+yq+M/wBj1vs3xs8bW56skh/8fWvsyvVw/wACP504yVs2n6L8goooroPiAooooAKKKKACiiigAooooAKKKKACiiigAooooAKKKKACiiigAooooAKKKKACiiigAooooAKKKKACiiigAooooAKKKKACvHf2t8f8KH8Rf7i/+hLXsVeKfthTiH4F6yv/AD0Kr+oNRU+BntZKr5lQ/wAS/M9K/Ybz/wAM2+G8+rf+grXvdeG/sT25g/Zt8J543x7/AM1Fe5V4p/VYUUUUAFFFFABRRRQAV8tftxfH6X4f+FU8G6C7SeKNcXygsPLRxkYPTudwx9K+ivGniyx8D+FdT13UJVitbGBpSWPVgCVX8SMV8k/sR/BG/wD2vvjhrnxZ8VPINC064IsVddyuwY+WADx8u3BoA9N/Y+/Z7i+DPgRL/UEEnibV1E91MwyyBuQufcYJr6Cr2VfghpqgD7bN/wB8D/Gnf8KS0v8A5/Jv++f/AK9BFmeMUYr2j/hSelf8/U35f/Xpk3wZ0e3iZ5LyVEUZZj0A9etAuVnxd+1n8bo/gt8Lry4gkA1vUFNvYoOoY5+b6cEV55+wj8DZvCPhWbx1rsZfX9e/eRtKPnjiPOeec5zXHz+Fv+G3P23V8P2DzTeA/DUuJpFyR5akBz9d59a/USz+BmhWNrDbwPLFBEgRI1GAoHbrQVbQ8ax7UV7X/wAKV0b/AJ7Tfr/jS/8ACl9G/wCes36/40C5TxPmszxNr1t4W8P6jq944jtrOBpnZvYEgfia+gP+FMaL/wA9ZvzP+NfCv/BULXrHwD4N0LwD4fnlbXvElyscibjlYiRtPXuwIoDlPn/9lnw5c/tEftC+IPilrUbS6XYyt9jEg4yS2wDP90gV9+8nnFXf2U/2TdJ+F3wQ8O6TciWHU5YFub3AwfNdQWHXsQa9e/4Uto//AD3mH+frQNq54pRXtLfBPSu11MPw/wDr1E3wQ08/dv5l/wCAj/GgXKeN18qft/fGBvBvw3j8I6dIf7Y8QfIVQ/MIeQ36la++tX+DsWm2k1z/AGnshhQyO0igAKBkn8q/JdZpP2kv2vb/AFK4/wBI0Dw9M0a90xEwXH/AtuaqMeZpI4cbioYHDzxFTaKue3fs3/DCP4Y/DOwt3QDUb1Rc3bd9x6D8sV6nSKoVQqjCgYA9qWvaiuVWR/K2LxM8ZXnXqO7k7hRRRTOQKKKKACiiigAooooAKKKKAMbxk23whrR/6dJf/QTX5E2v7zW4cd7hf/QhX63fESb7P4D8QS/3bOT9Rivya8L2/wBt8VaXCRnzb6FOPeQCvPxW6P2rw/X7nEPzX6n9GvwfXb8J/BgPUaNZj/yClFXPhzbfY/h94Zt8EeVplsmD7RKKK4j9bPTaKKKAOf1T/j/l/D+QqpVvVP8Aj/l/D+QqpQAUUUUAdXRSKwZQQcg8giloAKKKKAOZu/8Aj6m/32/nUVS3f/H1N/vt/OoqACvxn/4KxfDF/Cnx7t/EkUYisdctECKowPMiUbz+Jav2Yr4Y/wCCs3wxTxR8CrPxPFbtPfaHdoi7RkrHIRvP0wooA+Of2AvGX7vXfDcsmScXMKn0Awf1avsivzF/ZZ8Xjwf8aNDldtkF1ILaX02sQefyr9OQQeR35/OgBaKKKACiiigAooooA5z4kRed8P8AxEn96yf+lfL37F8u7wr4gj/u3rfyWvrLxLa/bPDupwYz5luy/pXx/wDsZzGE+LLFuGjmL4/4EBQJn01Tov8AWpn+8KbQDtYH05oJPmv9nCT+y/2pfE9m3yiWNgB9WQ19qV8SeHH/AOEX/bQj3fIl7Kq/XKD/AAr7b6V6eH+A/AuOafLmSn3igooorqPzoKKKKACiiigAooooAKKKKACiiigAooooAKKKKACiiigAooooAKKKKACiiigAooooAKKKKACiiigAooooAKKKKACiiigAr57/AG3L4W3wfWDPNxdhAPX5c/0r6Er5Z/by1A/2D4T0xTzcXyuV9vmWsqztBn03DdL22a0I+d/uPqn9lXTjpf7Pfgi3IwfsCMfxFer1y/wt0n+wvhv4ZsMbfs9hHHj6V1FeOf0+FFFFABRRRQAUUVV1TUItJ027vZ2Cw28TSsxPTAJoA+OP29PHt54q1bwz8IvD7M+o6rdRG7WLqFd1CA/Qg1+lf7NfwasPgT8H9A8K2MKxPb26vdMBy07KC5/76zX5xfsB+E5P2j/2vvFvxQ1WH7RpOk7ntDIMrly4UD/dODX62r0oAWiiigAr5f8A+Ch/x2T4J/s665LbXAi1nVlNhaKpw43qwLj6HH519Pmvyn/bK1KX9qj9uTwb8KrGY3Oh6Q0ZvFXlNrFDKT9DmgD6H/4Jf/AM/DH4KnxTqkI/4SDxPIbyZ5B86JkjH0OAa+0qz/D+jweH9DsNNtkCW9pAkCKowMKoH9K0KACiiigCK6nW2t5JXO1EUsx9ABmvyg8H2r/tl/8ABRjUtWl3XfhXwpIfLzyhjXcU/wDHzX3l+2h8WF+D37O/i7XEl8q9Nq0NrzgmQkcD8M18/f8ABJT4St4X+DN94zvIyNS8SXBkWRhyYPlI/XNAH3kqhRwMD0paKKACiikPFAHzD/wUQ+N6/Bf9nPXJbebZqmrKdPt1U4bEgKMw+m4V8QfsefD1/CHwz/tO9j/4mesSfaJHYfNtycfmDmrn/BRnx1P8cP2pvDHwz0+Vp9L0YpJOqnK7mI8zP0217JpthFpWn2tlCoWK2iSFVHTCgD+lduGjduR+UceZj7OjDBQestX6LYs0UUV6B+IhRRRQAUUUUAFFFFABRRRQAUUUUAcR8br4ad8JfFExOMWmPzYCvzE+FsIuvid4Tg6+brNkn5zoK/RD9rTVP7L+Bev4OGnVYx/32pr4T/Zm8My+K/jx4Is4hll1W3uD9I5VY/yrzsT8SP3bgGny4KrPvL8kf0P6Lb/Y9HsYB0igRPyUCirigKAAOBRXGfp4UUUUAdBpf/HhF+P8zVuqml/8eEX4/wAzVugAooooA5SiiigAooooA6W0/wCPWH/cX+VTVDaf8esP+4v8qmoAK86/aG8Cr8Sfgp4x8O+WJJr3TJ44dwziQxsFP5mvRahvObSb/cb+VAH8u95Dc+EfFc8IfbdaddvCWHZkcqf5V+rvw98RR+LPA+iatGwcXVsrEj1HH9K+FP29vhmnwv8A2lPFFhbwNFY3Ui3cLYwG3qGfH/AmNe//ALD3jI+IvhfNpUj5l0qby1B67CAf5tQB9G0UUUAFFFFABRRRQAySMTRuh6MpB/I18T/s5t/YPxw8baK3yZJAX33A19t18Tamn/CC/tkXAPyQ6lKzZ7EFT/UUAfUAoPSlK7SR6cUUEHy58ds+FP2hvBuvD5I3IYt7g7a+4UkEqK6nKsoI/KvjX9srR2bw/oOsRr81pciNmHYfMa+pfhjry+J/h74f1NW3faLRWJ9+R/Su/CvdH49x/h3+4xC81+p09FFFdx+PBRRRQAUUUUAFFFFABRRRQAUUUUAFFFFABRRRQAUUUUAFFFFABRRRQAUUUUAFFFFABRRRQAUUUUAFFFFABRRRQAUUUUAFfIX7Vkh8WfHj4f8AhmP5yrKWT33sf5V9fKu5gvrxXyN4Ftz8Uv27jN/rbXRpvM9goTH8zXNiHaFj9C4Iw/tsz9p0gm/v0P0Qht1s4kgQYWNQg/CnUbi2Seporyz+gwooooAKKKKACvDf2zvH58BfAXXXik8u81BRaQ885ypOPwzXuVfD/wDwUb1qTVNX+H/hGBiWuLpbiSMdwSy/0oA+ov8Agltpuk/D39nvTY7yMWupaxM16Z343IyqVBP1B/OvuhXWRQykMp5BHSvjjwT4fj8J+EdG0eFdiWNqkAC8YwK9E8N/EXVfDpVBJ9pth1jkP8jQTzH0JRXHeHvihpGtbY5Zfslwf4JOAT7V16SLIoZSGU9CKCjnviL4rg8D+Bdf164kWOPT7Ge5yx/iWNmA/MV+cn/BLLwbN8Svit8RPjHqa+dJLeSw2csgz8sruSB9Nor3X/gqh8TJPAP7Md7ZWsnl3+tXMdrHg8lQ67x/3y1dl/wTz+Fq/Cv9mLwxZtD5d1fob+RiOWEnzr+jUAfS9FFFABRRSNzx68UAfmx/wV08aXOsXHw++Genyb7nVLtbuSFTyy5dMGvvL4L+BYPhr8LfDPhm3VUi02ySEBR+P9a/NvxLj9oL/gqVY2RzdaV4YnUnuAmwE/8AjzV+rEahEAHToKAHUUUUAFc78QvFVv4J8E63rlzIsUVjZyz7mPGQhIH54roq+Lv+CqfxWfwB+zrJo9rN5V/4iuBaRbT82FKsfzGaBbHw3+y6lx8VPjD42+J+ohpftVzKbd37eYzZA+nFfWFeVfsyeCl8D/B7Rbcpsnuk+1Scc/OARXqtexSjywSP5h4jxzx+ZVal9E7L0QUUUVqfMhRRRQAUUUUAFFFFABRRRQAUUUUAfM/7eWuf2f8ADHTrENhru7IK+oC5/pXlv/BL3w+PEn7XnhiF4y0UNvdTk44BWIkfqK0P+Cg3iBZNW8O6OGz5UPnsvoSWFeo/8EX/AAumq/GbxXrTLl9K06IK3p5vmKf5V5Vd3mz+kOD6Hscppv8Amu/xP2RooornPtTlKKt/2Xdf88v/AB4f40f2Xdf88v8Ax4f40Aaul/8AHhF+P8zVus6zvIrO3WGZtki5yu0+pqb+1LX/AJ6/+On/AAoAt0VU/tS1/wCev/jp/wAKP7Utf+ev/jp/woA5+irf9l3X/PL/AMeH+NH9l3X/ADy/8eH+NAFSirf9l3X/ADy/8eH+NH9l3X/PL/x4f40AbVp/x6w/7i/yqaqMGoW8MMcbvtdVClSp4IH0p/8Aalr/AM9f/HT/AIUAW6hu/wDj1m/3G/lUX9qWv/PX/wAdP+FMm1CCeF40k3O6lVGDySOKAPyo/wCCxPwueRfCXjqABIYg2nXGB95nO5SfoEr5U/YX8aDQfiTc6PNJth1SHy0XPG8Hd/Ja/WX9vz4SzfEb9l/xfB9iNzd6dbtf2qKQT5qAgY/76Nfhb8Odel8G/ELRtTGY5LW6XI9P4T/M0AfrYM9+tLUNnfRalaxXcLBoZ1EiEehqagAooooAKKKKACvjj9sjT28M/FHwb4piGPMZIWb33MT+lfY9eA/toeEzr3wlbUIk3XGlTCdcdcHC/wBaAO/srxNRs4buM7knQSKfY1PXnX7P/iQeJ/hPodyX3ywxi3k+qgf416LQSeefHzw2fE/wq1y2Rd00UXnR+u4YFP8A2KvFn9vfCNNPdszaXMYSO+3A/qa7q8tkvbWa3kGY5UKMPqK+dP2UdUb4e/G7xP4MuW8uK5ZliVuhYfNn8hXRQlyzR8Xxdg3i8rm0tYan2jRRRXqn84BRRRQAUUUUAFFFFABRRRQAUUUUAFFFFABRRRQAUUUUAFFFFABRRRQAUUUUAFFFFABRRRQAUUUUAFFFFABRRRQAUUUUAZviTWovDfh/UdUmbbHZwNMSfavAf+CdGgvrvirx541uULPJKbWORu5LI3H4Vu/tjeNF8K/By+tUk23OpuLdQOu0hs/yFeufsZ/D/wD4QH4D6Cksey81FTeT8c5yVH6AV5+JlqkfuPAWD9nhqmKa+J2+SPcaKKK4j9UCiiigAooooAD0r4E+PTHxz+3Z4R0b/WRWTCIr2GAz19+AbmAr4F8C/wDFU/8ABQ3W53+f7FcMR7fu8f1oA++ZiGmkI6bqbSLyoNLQZB+lbuh+NNW0Fh9numaL/nk/KmsKjuPrQB8hf8FIPilN8WPin8LPArR+WkV/DNcovKlZXRSce201+o3gFbGw8I6Np1nPHJFZWcNsoQ4xsQL0/Cvx91+E/ET/AIKHRWx/e2+mIRjsDFub+lfoDZ6hcabcGW0me3fcSGjOKC7n1LRXiWhfGDU7Eql+q3kQ/i6N+deh6H8SNG1zaqz/AGeU/wAEvH60DudVWfr2rxaDpN3qE5xDaxNK30FXo5ElUMjq6nupyK8f/a98VDwb+zb8QNU3bJI9KmWM/wC0UOP5UDPhv/gl5preO/2iPiv4/uk81lmltUkbsfMQj9BX6jdK+Cv+CQnhcab8D9e1x0/e61qZnDnuNuP5ivvWgAooooARuFNfkj/wUq8VSfFT9qzwf8PrRzLaaWI5ZVzkCTc2/wD8dAr9ZdTvBp+n3NyxCrDE0hJ9gTX4tfDHVG+NH7Ynj/x1OfPtobiSSBuwDZUAfnWlOPNJI8fOMV9SwFWv2X4n1La2ken2sNrEu2KBBEgHoBgVLRRXsn8pyk5NthRRRQIKKKKACiiigAooooAKKKKACiiq9/eJp9jcXUhxHDGzsT6AUFRi5SUV1Pze/bJ8TL4h+NWpxK25LHFuv4c/1r9Gv+CMvgGPTfhH4i8XBcSanetZZxyREQR/6HX5KePtcbxR441fUmyz3NyzfXsK/er/AIJ8eF7P4f8A7KPgi25ilv7VdRlUqch5EXPb2rxZPmk2f1jluH+q4OlR7RX5H0xRVT+1LX/nr/46f8KKg9It0UUUAc/qn/H/AC/h/IVUq3qn/H/L+H8hVSgAooooA6uiiigAooooA5m8/wCPqb/fb+dRVLd/8fU3++386ioAKltP+PqH/fX+dRVLaf8AH1D/AL6/zoA2tW06HV9LurK4jWWGeNkZGGQQRX81Hx+8CXHwt+NHi3w1M37/AE3UHT88OP8A0IV/THX4pf8ABX74VR+D/jxYeJLS222/iC086eYDgzhmGPrtQUAejfsveLh4v+C+gzvJ5lxap9klPfKqP8a9Xr4z/YB8aFpNc8MSthdouYVJ7kndj8Fr7LoAWiiigAooooAKw/G2gx+J/COsaXKu5bm2dce4GR+oFblJQB8Xfsh6xNo+oeI/Bd2xWeylLqp9cnd/6DX01Xy58SoJPgz+1Rb6wieTpesMCT0UmQkH8sivqFJFlVXQ5RgGU+oPIoJY6vlv4/283w4+M3hrxtaDy4p5FWVh03ZO7P8AwE19SV5p+0J4H/4Tj4bX8Mabry0H2iE45yMZ/QGmnZ3MatONanKnLZqx9AaVqkGuaba6jbMHt7qNZkI9GGRVuvn/APYz+Iw8XfDFNIuJM6hpDeWyk8+XwF/ka+gK9qMuaKZ/KmZYOWAxdTDy+ywoooqjzQooooAKKKKACiiigAooooAKKKKACiiigAooooAKKKKACiiigAooooAKKKKACiiigAooooAKKKKACiiigAo5PA60Vj+MPElv4P8AC+p6zcsEis4HlBPdgCQP0oNKdOVWahHdnyr8fvM+NP7SHhP4f2RM1pbyIlwF5A3bSSfpmv0S0vT49K020soVCQ28SxIo7YAFfDX7A3gu48cePvFPxR1NGfEzwWjvzksSQR9NuK+768WcuaTZ/VeU4NZfgqeHXRa+vUKKKKg9YKKKKACiiigBy/fX/PavgX9mdf7Q/bf+IFweShLD9BX3yv3h/ntXwN+yh8v7ZnxGDddp/wDQloEz71X7opaRfuiloMwpsjeXG7f3VZvyBNOqrqknk6Zev/dt5T/44aAPhj9ln/iqP21viHq7/OLZ7jax7BvMAr7wHQV8JfsAx/bPjR8TdRPLMRz9Wevu2gbFo9xwfWiigRt6L4y1fQmU2125Qf8ALOQlh+teNf8ABQz41S3H7Kev2FxCIrq8njt9yHhlZXBr0qvj/wD4KWaobf4PaXZK2DcXyOR6hSw/rQUj7N/4Jz6bY+H/ANlPwTaRzR/a5IHklj3DdnzHxx9MV9QV8QfAu3k0H4TeEYIXeFo7FT8hI6nP9a9l0L4qaxpO1JmW8hH8MnBoHzHvVFcToXxW0fVdqXD/AGKY9pOldjb3MV1GHidZEPRlOaCjyT9rbx4vw4/Z48ca75vlSW9gwjOf4iyj+Rr8xv2GfDbaf8OdQ1qVf32pXTYY9SoCkfrX1V/wV28cDw/8AdN0SKUibXNQFuyDum1j/Na8q+Avh0eF/hD4asNu1/sqyOP9o114eN5XPzfjrFeyy+NFPWb/ACO/ooor0j8CCiiigAooooAKKKKACiiigAooooAK8x/aS8V/8Ih8G/EN0r7JpoTbxc/xHn+lenV8h/8ABQDxkLXRtD8NxyYeZjcyKD6ZAz+dZ1JcsGz6Hh/CfXcyo0raXu/RanyV8MfDt14z+I+gaVawG4nvL+JdnXI3gt+gNf0eeGdBtvC/h+w0mzQR2tnCsMaqMAKBgCvxZ/4Je/C1vH37R9nqzfNbeHIjfSqRkNuDRgfmwr9uK8Y/qNaBRRRQM6uioftcH/PaP/voUfa4P+e0f/fQoAxdU/4/5fw/kKqVd1CGSe7d4kaRDjDKMg8DvVf7JP8A88ZP++DQBFRUv2Sf/njJ/wB8Gj7JP/zxk/74NAHTUVCt5AwBE0fPqwFH2uD/AJ7R/wDfQoAmoqH7XB/z2j/76FH2uD/ntH/30KAOfu/+Pqb/AH2/nUVWbi3lkuJWWJ2VmJDKpIIz1qP7JP8A88ZP++DQBFUtn/x9Q/76/wA6Psk//PGT/vg0+CCWGeOR4pFRWDMxQ8AGgDo6+FP+Cunwnbxx+z3B4jgG2bwzdfbJGAyWjYeXj83zX3L9rg/57R/99CuH+OHhLT/iR8JfFXhy7MU0F9YyKYywOSo3L+qigD+ez9mnxn/wg/xg0e6Mu2CaT7M/oQ/yj+dfqDkNkryvb6V+QN9p974N8Tm2u4Tb3+m3IEkZ6q6MDiv1U+FviZPGHw+0HVUbe01rGrnOfnCjd+tAHVUUUUAFFFFABRRRQB8+/tmfDuTxZ8OItYsYt2paPL5wZR82wkZP4BSaT9n3x8vj74c2Fw7Zu7RRbTKTz8vygn64r3vULGHVLC5s7hA8FxE0Min+6wIP6Gvh/wAIS3P7Ofx6vvDWoMY9C1aTdEx4QbjlD6cBqBH1hTJI1mjeNxlHUqwPoRg05WDKrKdysMgjuD0paBHyv4W1KT9nj9paSGTMeg60+0dlw5IX/vnNfcyOsiK6HcjAMrDoQeQa+Wf2oPhy/jLwSNTsU/4mulHzkZRyUGC35AV6B+yr8Vh8S/hvbxXUg/tfSwttOjH5ioBCnH0Wu/DT+yz8f46yq6jmFNeUv0Z7RRRRXcfjgUUUUAFFFFABRRRQAUUUUAFFFFABRRRQAUUUUAFFFFABRRRQAUUUUAFFFFABRRRQAUUUUAFFFFABRRRQAV8s/tpeO7i8h0f4e6O5fUtVmTzVj6jJGwH65NfSniTxBa+FdBvtWvZFitrSJpGZjjkDgfia+ZP2SPB918e/jtrPxN1qFpNK0+Q/ZBIOC2TsA/3SBXLiJ8sbdz9E4Lyr65jPrU17lP8APofY3wG+Gdt8JfhboegQIEkSFZrgjvI43HP0JIr0GlznmkrzD+gQooooAKKKKACiiigByf6xf89q+A/2dZF0r9ujx5bOQnmOUGTjsDX31naQa/Ou5U+F/wBvnV0z5f2u4OD0z+7/APrUAfogjAqP6U6vL7PxJqNlgJcMyj+F+a27Tx9IuBcQB/dTigjlO1qhr/8AyAdT9fssv/oBqha+NNPuMBi0R/2hVy+ure/0m9WKaN91tKPvDP3DQKzPir/gnZj/AITf4jE/e3J/6G9fc1fCf/BP2T7L8YPiZp54ZCvH0Z6+7OwoBi0UUUCCviD/AIKVTfaLPwTpoP8ArpJCR/wMf419vV8Lf8FEJPO+IHw4tD0Yucf8DSgaPtDwXB9l8H6HCBgJZRD/AMcFbVUdDTy9F05P7trEP/HBV6gQVo6b4i1LRmDWl5JDj+EHis6kI3DHrQB8Tf8ABSLx3qPxF+KXw58JXMol8sCUqvdt7DJ98Gve7G0XT7O3tkGEhQIB9BXyl8WLj/hOv28LG0+/Hpkqoe4A2A/1r60Y7mJr0MKtGz8U4+r82Io0b7K/3hRRRXaflQUUUUAFFFFABRRRQAUUUUAFFFFAAo3MATgE1+Y/7V3jg+OPjBqjRyb7W0It4sHgYAB/UGv0M+K3i5PAvw71zWXcI8Fuwiyf+WhU7f5V+VFrDdeL/FixxRvcXV/dYVFBLMzNmuLEy0UT9b4CwPNUqYyS20X6n67f8ElPhG3hP4I6n4xvLZUvNdu8W8uOWtgowP8AvoGvuquY+Cfw9tfhj8E/CPhKww66bZom1OTzljnHu1dZ9kn/AOeMn/fBrzz9qIqKl+yT/wDPGT/vg0UARUUUUAdBpf8Ax4Rfj/M1bqppf/HhF+P8zVugAooooA5SiiigAooooA6W0/49Yf8AcX+VTVDaf8esP+4v8qmoAKhu/wDj1m/3G/lU1Q3f/HrN/uN/KgDmqRlDqVYZBGCKWigD8HP+CiHw5/4V1+1H4qjUbYNWf+1YlAwFWVm4H/fNeyfsJ+M/7Z+HV9ocsm+bTp9ygnna5J/pXqf/AAWG+F6zaL4U8cWlrvmjle0vZwOkeFEYP/AmNfGv7E/jM+G/iymnSPtt9RiaI89X4C/zNAH6I0Ue1FABRRRQAUUUUAFeH/tU/BgfE7wW+oafGf8AhINMUyQMg+Z1HJX68DFe4UUAfLP7Nfxe/wCEy0RtA1V/L17TR5TK/DSKDjP1HAr26vnT9pT4P6h8O/E0XxJ8GxtEqP5l7BCOFP8Aex6cfma9R+EfxV074p+G4r22dY76MBbm2zyjf4UEs7iSNJo3jkUPG6lWU9CCMEV8pfarj9l/4+Q36b/+EY1ZiZeu3axBb8Rnivq+uD+M3w1g+J3gu600oovkHmWsp6hwDgfQk1UZOLujlxWGp4ujKhVV4yVj3TT76DVLG3vLZxLbzoJEdehBGasV8p/sg/GG4hkufh34lkMOpWLlbMzHlgD9z9Sa+rK9inLnjc/l7Nstq5XipYep0280FFFFWeOFFFFABRRRQAUUUUAFFFFABRRRQAUUUUAFFFFABRRRQAUUUUAFFFFABRRRQAUUUUAFFFFABRRXnXx0+LVn8I/A91qUrq2oTKY7OHu7nv8ATGaTairs6cNh6mLrRoUleUnY8R/ay+IF7428TaV8K/DZaa8up1F55XJ5I+U49MZr7S+CPwtsvg78OdK8N2iKJIIw9zIBy8xA3n8xXzN+wn8Eby8uLv4reK0afU9SJNks4yQD1k/EEj8K+1K8epNzldn9RZPlsMqwcMPDfq+7Ciiisz2gooooAKKKKACiiigAPSvz1/aegPhP9tTwvqoGyO8AkLeudy1+hVfCn/BR7SW0vxP8PvE8S4KTLbs47YZmoA+iZgFmcDpmmVR0PVE1rRrG/jO5LmFZQR71eoAKNzrG6q7JuVl+U46giigdRQB8l/su6vc+Df2qvHdlG217h5hhuchd5r7js/HzjAuYAf8AaU18FPN/whf7b0jH5Ib9Xb0z5m4CvsduGYehxQB6TaeLdOusAy+U3o4xWrDcR3C5jkVx/snNeQVLDdTW5zHK6fQ0E8p66a+Ev+CgnzfGL4Yr2+f/ANDSvqaz8X6ha8GTzVHZq+QP26fEB1T4nfDm6ki8vyS2dvf5koBKx9/aZ/yDbL/r3i/9AFWawtA8SafeaXY7bhVb7PFw3+4K21kWRcqwYexoIHU+HBnjz03DNMqK5uBa28sx6RqXP4UAfnd8Ij/wlH7ZXjXVD+8WBmcN1xjYtfXtfIf7G8Z1P4qfELVTyS8ibv8AtotfXterh17h/PXGlT2mbSXZJfgFFFFdB8IFFFFABRRRQAUUUUAFFFFABRRUdxcJa28s8p2xRI0jk9lUZP6CgaTk7I+TP2+PiEdP0LTPCcEmJLpvtE4U8gDG3P1BNcX/AME1Pg//AMLP/aN0q+uImaw0Af2jIWXKMykKEP4Nn8K8X/aE+IEnxH+KWr6iWLW8cpgh542ISoI/ACv1X/4JXfBkeAfga/ia7hK6h4im88eYuGjRCUA+hwDXj1Zc82z+oOHsv/s7LqdJr3nq/Vn3RoahbgqBgBMD8xW5WJov/H03+4f5itusj6QKKKKAOUorQ/sSf+/H+Z/wo/sWf+/H+Z/woA0NL/48Ivx/mat1lw3yafGLeVWLpnO3BHJz6+9Sf23B/ck/If40AaFFZ/8AbcH9yT8h/jR/bcH9yT8h/jQBiUVof2JP/fj/ADP+FH9iT/34/wAz/hQBn0Vof2JP/fj/ADP+FH9iT/34/wAz/hQBq2n/AB6w/wC4v8qmrNj1SK3jWJ0k3xgKcAdRx607+24P7kn5D/GgDQqG7/49Zv8Acb+VVf7bg/uSfkP8aa+qRXStCquGkGwFgMZPHrQBjUVof2LP/fj/ADP+FH9iT/34/wAz/hQB89/trfC5Pi1+zn4s0c8Sw25vkYDkGH95gfXbivwV8G67L4S8YaVqilkezuUlPY8EEiv6ZtR8Ltqmn3VnOY2guImikXJ5VgQR09DX86n7U3w2uvhT8dvF+gXEIgWO/lmgQDA8mR2Kf+O4oA/S/QNUj1vQ9P1CJt0dzBHICPUqCf1q/Xif7InjT/hLvg7YxySb7nT2NvJz6kkfpXtlABRRRQAUUUUAFFFFAEN1aw31rLbXMSzwSqUeNxkMD2r4p+Lvwn139nXxkPGvgsSSaBNJm4tYxkRDupHpX25Ve/sLfVLKe0u4VuLaZSkkbjIYHtQB4z8LvitpHxS0GK+sJFjugP39oT80bd/wrta+Zfi18CfEHwN8RSeNvh60jaXu3T2MeWaMZ5GB1XB9OK9M+Dvx00f4pWKxFlsdajG2azlbBZu5XPX6e9BJwf7SHwtu7O+t/H/hdWt9UsWElysPVsfx/wAhXvH7Pvxqs/jD4PhuGdY9ZtlCXlvnnd/eA9P8K0JokuIXikUPG42srDgj0NfKXjrwzq/7NfxDh8aeFw/9g3MmJ7dOVUE8qQO3PHvW9Kp7N+R8jxFkcM4w3u6VI7P9D7worlfht8RtJ+KHhe11vSZVMcg/eQ7gWibupFdVXqppq6P5vrUZ4eo6VRWktwooopmQUUUUAFFFFABRRRQAUUUUAFFFFABRRRQAUUUUAFFFFABRRRQAUUUUAFFFFABRRUVzcxWdvJPPKsMEal3kc4VQBkkmgaTk7Ip+IfENh4V0a61XU51trG2QvJIx7D096+Rfh/4Y1n9tD43NquoJJB4I0aT7rfdKg/cHuSc1H8SfF+v/ALWHxMtvh54KMkXh+KTF1dkHYcHBdjwMDJx6ivvf4S/C/R/hD4JsfD2jwLHFCg86XHzSyd2Pr6V5terzPlWx+98JcPfUKf1zEr95LZdl/mdXp+n22lWMFnZwLbWsCCOOJBgKo7Cp6KK5D9JCiiigAooooAKKKKACiiigAr5z/by8Dt4v+A19dwx+ZdaPILtMDkZIX+tfRlZXizQYfFHhnVNIuF3Q3tu8TA/Tj9cUAfKv7LPitPFfwV0KQyb57NfsknPI2qv+NetV8i/sr39x8LPit4q+GWquYvLlb7OH4yykliPqAK+uqACiiigD48/a6s38LfGDwV4piGwSzQxO4/2GBP8AOvryxulvrC1ukOVnhSUf8CUH+teAftveGX1j4TwajAm6fTLpXBHUBmUf0r0L9n7xWvjH4S6BfK+944Rbv9UAX+lAHolFFFABXyP+3LH5OseC7w/wM4z/AMCWvrivlb9va0P/AAiGg3wHMM5TP1P/ANagD6a0CTztD02TP3raM/8AjorXt9RurNswzuntmuZ8BXQvfBGgzjnfZx/oAK3qAOis/G99b4EoWce/Wn+IviDbL4W1d5YnidbRyD26VzVc/wDEBzH4I15h1FlJ/KgVj54/YQjEknjm6/v3jLn6kGvrKvlX9glf+JD4ufub8j9BX1VXrUP4aP5p4sd84rfL8kFFFFbnyIUUUUAFFFFABRRRQAUUUUAFeK/tafEsfDv4V3UcEoXUNTzbRDPO3gOfyavaWYKpZjhVGSfQCvza/bA+KJ+IHxOubK1m36XpZ+zwgHKlgSCw+vH5VhWnyRPseFcs/tLMI8y9yGrOJ+BHwxu/jP8AFnw/4Wt0kcahdIlxJH1jhLAO/wCANf0ReEfDdt4Q8L6XotmipBY20cChRgHaoGfxxmvzj/4I/wD7O73i6v8AFG+t1XbusdNkc9RyJe3qq1+of9iz/wB+P8z/AIV5J/SgaL/x9t/uH+YrbrHhhbSZPNl+ZGG393zz1749Ksf23B/ck/If40AaFFZ/9tQf3JPyH+NFAGhRRRQBz+qf8f8AL+H8hVSreqf8f8v4fyFVKACiiigDq6KKKACiiigDmbz/AI+pv99v51FUt5/x9Tf77fzqKgAqW0/4+of99f51FUtp/wAfUP8Avr/OgDpqKKKACvx2/wCCy3wpTQ/in4f8b28T7datTBcMo+VWiCKv57jX7E18h/8ABUD4VN8SP2XtYubWNTfaLKmoCTGSIowzOPxwKAPzG/YH8Zix8Uat4clchL2Pzo1PTeMDA/M19y1+U3wR8XN4G+KWg6rv2RR3CiX3U9RX6qwzLcQxyodyOoYH1yM0ASUUUUAFFFNkcRxs7HCqpY/QDJoAXIFG4etfGPxZ/bf1fSPFV9pfhqwt1s7WQxfaZSd0hB5OORiuKj/bs8dx/egs3+uf8KAP0D3D1o3D1r4EX9vbxqOunWDfi1SD9vnxn/0CdPP/AAJqAPvWRY5o2SRVkRhhlYZBB7EV8u/HD9lF59Qk8V/D2VtO1pD5j2UTFFc9cqR0PsB3ry7/AIb78Zf9AfTv++mo/wCG/PGX/QH07/vp6AOx+F/7TT2t9/wjfj+E6VqkB8oXLrtDH/bHGPrXvWpafp3izQ5ba4SO90+7jxnAZWB7ivgv4r/H2b4uWy/2n4c061vk5S9tiwkH17H8aZ8Kf2hvEXw1nSHzm1DS8jdaznIA9j1/WgVj1WRfEf7Ivj4alp3mX3g68fa6MSVCk9D1wwB4NfafgLx7o/xI8O2+s6LcrcW0ijcB1jbHKn8c/lXhfhf4p+CPjnoMumTvGss6bZLC5wHUkdV//XXj89l4s/ZL8YjVtHMmqeErh8yRE5QLn7p9D15HpXTSrcmj2PgeJOGoZrB16CtVX4n3tRXG/DD4raD8V9Ai1LR7pWfA8+2Y/PC3oR/nrXZV6aaauj8ArUKmHqOlVjaSCiiimYBRRRQAUUUUAFFFFABRRRQAUUUUAFFFFABRRRQAUUUUAFFFFABRRVXVNUtNFsJr2+uI7W1hXdJLIcBRQVGLm1GKuya4uI7WCSaZxHFGpZ3Y4CgdSa+QfjF8Xtc+PXi6P4bfDhZLi3lk2XV5DkbxnDHI6IOfqKg+I3xc8T/tJ+LF8B/DiCYaWX23N9GMb1zyxPZeK+w/2df2cdC+AnhlILdEvNdmXN3qLDLMe6r7dfzrz61a/uxP2rhjhX2HLjccve6R7ebJ/wBnb9n3RvgL4Oj0+0RbnVrgB729ZRvZ8cqD6Akj3xXrNFFcR+shRRRQAUUUUAFFFFABRRRQAUUUUAFFFFAHwp+3h8Lb3wX4s0f4veHo2WWKVI9QEeRjDDDHH94sR+FetfC/4hWHxO8G2GuWMiv5qATKP4JAPmH55r3zxV4Y0/xl4ev9F1SBbiyvImikRhnGQQGHuM5r84vL139if4uz6TqSS3PgnUpC0Uw5UITwR7qG5oA+zaKoaHrlj4k0u31HTrhLqznUOkiHI57VfoA534ieG4/FvgfW9KkXd59pJtB/vBSV/XFfPH7DfiRrXT/Efg+5b/SNPumaNT6Bm3frivqn0z07/SvjGaM/BH9r6FifJ0rWmA9FPmlSx/DNAH2dRSKwYBgcqRkfQ9KWgAr58/be0n7f8GGnAybe8jb6cMa+g68w/aY0k6x8EfE0IXc8UJnH/AVP+NAGh8A9UGsfB/wxcA5/0YqT9GI/pXf14R+xlrH9pfBm1ti+57GYwkemST/Wvd6ACsDx9GZPBOvIOpspB+lb9Z3iO3+1eH9ThxnfbutAHzj+wTJ/xIfF8fcX5P6Cvqqvkj9g2by5/HFoeq3LPj8QK+t69ah/DR/NPFkeXOK3y/JBRRRW58gFFFFABRRRQAUUUUAFFFMllSGNpJHEcaDczN0A9aBpNuyPJv2mvitF8LfhreSxyBdUv1Nvar3yep/LNfnN8PvBeqfFHx5pOgWEct1fandxw5RS5AZgGc+wBz+FegftUfF5/il8QrhbaUnSbAmC2UHggE5b8ya+3/8AgkD+zC1xfXvxb1u1VreMNaaSJAc78ESPjpgq64PtXk1p88j+kuFcp/szApzXvz1f6I/SD4F/Cuw+C/wr8P8AhLT4kjSxtkWZkUASTbRvf8Wya76iisD7Iz9a/wCPRf8AfH8jWJW3rX/Hqv8Avj+RrEoAKKKKAOroqp/alr/z1/8AHT/hR/alr/z1/wDHT/hQBlap/wAf8v4fyFVK0Lq1lvbhpoV3xNjDZA6DHeov7Luv+eX/AI8P8aAKlFW/7Luv+eX/AI8P8aP7Luv+eX/jw/xoA6Ciqa6rbEA+Zj2Kml/tS1/56/8Ajp/woAt0VU/tS1/56/8Ajp/wo/tS1/56/wDjp/woAxLv/j6m/wB9v51FV2bT555XkSPcjsWU5HIPIpv9l3X/ADy/8eH+NAFSpbP/AI+of99f51N/Zd1/zy/8eH+NOjsbi3kWV4/kjIY4YdBz60Ab1FVP7Utf+ev/AI6f8KP7Utf+ev8A46f8KALdYfjjwra+OfB+s+H75A9pqVrJayq3Qq6kH+daP9qWv/PX/wAdP+FH9qWv/PX/AMdP+FAH8yHxP8K3PgP4ja9o09u1rJY30qJG3ZA5Kf8AjuK/Sf4AeMF8b/Cbw/qBbdOsAim55DAn+mK8C/4KsfCWX4f/ALQ39tiLyrbxHbC6RV+6DGFjPT1IJqT9gLxmLjS9d8NzS5eEi6hUnsdq4H60AfXlFFFABVfUIzLp92g6tBIB/wB8mrFGN3B6Hj86APyG8dWr2PjHWbeT78d06nPsawq9R/aY8P8A/CO/GrxLbhdqy3DTr9GY/wCFeXUAFFFFABRRRQAUUUUATWt5PYzJNbytDKhyrIcEGvafBf7UGr6dp50fxRbJ4l0aRdkkdxy+30BzjpXiFFAHutrrEXg3Wh4t+GOtNDGDvuNKlba8Y7qegYdOlfXXwN/ai0D4rWsdlfPHpOvqMPbyHakh9VJ/kTX5pxTPBIJI3KOOjKeakt9QubO7W6hmeO4VtwkU4IPrmtqdV0/Q+Wzrh7C5xC81yz6S/wAz9luv0pa+D/gf+2xqPh1YNK8Yh9TsFwi3ikmWMe/UtX2l4Q8c6F480yO+0PUYb6FhkqjDevsV6ivShUjU2PwXNcixmUztWjePRrY3qKSlrU+dCiiigAooooAKKKKACiiigAooooAKKKKACiiigAoqG8vLfT7Z7i6njtrdBlpZWCqB9TXzN8af21dG8JrcaZ4TA1TU1ypu2/1KH1H978DUSnGCuz1cvyvFZlU9nhoN+fRHuPxE+KXh74X6PJqGt3yRbR8lurZkkPoBXy3bD4j/ALa3if7BpsUuheCYZP3kzAqm31P9489qg+B/wt0j48a9F4t+Knj3T/JL5TSpL5FkYZ6ct8o46Yr9D/BsfhPw/oltpnhu50qDToVCxw2k8ZH14PWvOqVnPRbH7pkXCuHytKtW9+p+C9Dn/gv8DPDPwP8ADUel6Far5zAfaL1wPNnb1J/CvRKFO/7gLj1UZo57qw+ormPvAoo3D1ooAKKKKACiiigAooooAKKKKACiiigAooooAK4v4sfCPw/8ZPCdxoOv2qyxSDMU4A3wt2ZTXaUUAfmhqWl/ET9ifxQ8FxDLr3gieTKOgLJt9f8AZP1r6U+G3xg8N/FHS47vR7+MzEZktZGxJGfTB6/hX0Xr3h/TfFOkz6Zq1lDqFhONslvOoZT+Br4t+Lv7B2peHNWm8UfCTU5NOukPmHTml2n6K2Rx7YoA99r5m/bc8Cy6h4U0/wAXWKkX2kSBWdeoU85/DbWH4T/aw8RfD3UV0H4paFdW08beX9uELIfTOCPm+ua99TXPC3xq8G32n6fqVvf22oQNEYw43qWGMlc5FADfgn44h+IXw10bVo33SmERTDPIZfl5/Ku6r4//AGTfE0/w7+I3iH4c6sxiDzM9qr8YbjaB+BzX2BQAVk+LdJXXvC+racy7hdWzxY+oxWtToyFdSeQDk0AfJf7DerNZ3fjLw9Kdrw3TTIh7AEL/AFr6yr40+Hrn4Y/tgatpcn7q11R/LTsDuCt/MV9l0AFI0QmBjPIb5TS0qtsYN6HNAHyF+x/N/Ynxq8daK52lg7BffetfY9fFvhtj8P8A9tS7gf8AdwanLsXPcFAf5ivtLpxXqYd3gfz1xtR9lmnP/Mk/0Ciiiuk/PwooooAKKKKACiiigAr5u/bJ+NieBvCLeG9OuNur6mhEhQ8xRd/oele1/Ebx9p3w18I32u6jIqxwIfLjJAMj4OFH1xX5Y/ELxtqXxO8ZXmr30jTT3MnyL12r0VR+GK5a9TlXKtz9E4QyR4/E/Wqy/dw/FnR/s8/BnWPj78WNE8LaXE0j3lwDcTFSVijGSzN6ZAI+pr+jH4Z/DvSPhT4F0fwpocIg0zTLdbeFcckKMZPvXyB/wTL/AGVR8A/h2fFfiS2EfifxFEHXcnzW8GQRGe+cjPbrX25/alr/AM9f/HT/AIV5h/QJboqp/alr/wA9f/HT/hR/alr/AM9f/HT/AIUARa1/x6r/AL4/kaxK2L2ZNRhEVufMcHcRjHH4/WqX9l3X/PL/AMeH+NAFSirf9l3X/PL/AMeH+NFAFSiiigDoNL/48Ivx/mat1U0v/jwi/H+Zq3QAUUUUAcpRRRQAUUUUAdLaf8esP+4v8qmqG0/49Yf9xf5VNQAVDd/8es3+438qmqG7/wCPWb/cb+VAHNUUUUAFFFFAHxn/AMFfPhWfFnwHsvFNra+bfaFdK0smOUt9rFufrtr8r/2WfGjeCfjFpDs2y2un8ibnHBBx+uK/oF/aA+HMPxZ+DPi3wnMPl1SwkgDdweuR+VfzaXMc3hPxY6EPFPYXeCDwQVf/AAFAH6/Mu1ivXBxSVzHwz8Up428BaHraMG+12yO/+9jJH6109ABRRRQB8Gft6eFRp/xA07W1XCX1usZb1Zck/wDoVfLlfoF+3Z4X/tX4W2eqpHul0+55wOdrlR/Svz9oAKKKKACiiigAooooAKKKKACiiigArovB/wAQNf8AAmox3ui6lPZyoc7Uc7D9V6H8a52inexnUpwrRcKiun3Ptb4Vft4xzeTZeNbLaeF+3WoGfqV4FfUfg/4keGvH1uJtB1e21AEZMcbguPqB0r8h60dH8RaloFyk+n3s1pKpyGiciumGIlHfU/PMz4JweKbnhn7OX4H7GH5Tg8H0or85vAP7a3jjwmscOoSR65bLxtuhg4+q4r3zwj+3h4T1hki1nT7jSZD96RMGMfmSa6414SPzbG8IZphG3GHOu6/yPp2iuE8O/HLwH4pRTYeJrJmb/lm5IYfpXZW2pWd6oa3u4JlPQpID/Wt1JPZnylXCYii7VINfIs0UcdiD9DmkzTOXbcWikpaACio5LiKFd0ksaD1ZwP61z+tfErwp4djZ9S8Q2NqF6hnJP6A0ro3p4etVdoQb+R0lITjrxXgvi79tD4feG1cWdzNrUo6C1A2/rivDPHH7fOv6mrweHtMh0qNsgTtkyfkSRWUq0I9T6XB8L5pjGmqXKu70PuPVtWstBs2u9Ru4bG2UZMs7bVH418/fE/8AbV8I+EY5bfQP+J/qA4DKcQg/7wJz+VfDfir4leLfH1yZdV1W6vWY4C7sD6YFeg/BP9j/AOJvx1voP7E8P3EWmu+2TU7pdsEfuf4vyFcksS38J+i5dwLQotTxs+Z9lsYXxQ/aH8ZfFa4c31/Jb2QPFranYgHocYz+NZngv4CfEX4kaW2peGfB2sa9YqxVrixtWkQEe4r9UP2fP+CVngr4ftbap45uP+Es1VQrGzOVtY3BzlSNrH8a+29F8O6X4dsI7LTNPt7G1jG1YoIwox+Fcjbk7s/SsPhaOEgqdCKil2P5zfEXwZ8eeCVMureGNY0kJ1a4t2jxWBbeLPEGmnFvreoWrKekd3IpH5Gv6U7rQdNvgRc6da3APXzYFb+YrJvPgD8O/GNhLHq3hDS7pGYg4gCdh3XFI6j+fLw7+0D8R9BwbHxRqbbf+ek7yD9TXoeh/t3fGDQmUNq8N1Gv8M9qh/Ug1+v+uf8ABN/9n/Wmd/8AhA7W1lf/AJaQzzfy34rynxZ/wR9+Euvs7afqeqaHnotqEYD/AL7zQB8KaP8A8FOPHdmFF/oem6h6ncIz+iV6DoP/AAU/spto1fwj5H95redn/TAr1zxB/wAEUdJSJv7E+IGoPJ/CL6KMD/x1K8e8Rf8ABHb4iWFxL/Z3ijQ7yJSQBKZQ5x9ExQB6ToP/AAUa+F2pFVvE1LT2PXMAIH4lq7/Sf2yvhBrG3Z4vt7Vm/huiqf8As1fD3jD/AIJq/G7w0GNn4bOubf8AoHkc/wDfRFeZa9+yR8YfDELSap4B1izC8ksqHH5MaAP1n0f4x+BvEGP7O8W6TdZ6BLkE11drfW18oa2uI7hT0MbZFfhZLoPibR52hkstTs3U4PySDH5VYsfHXi3w9MPs+salasOmZXH6GgD902jdeqkfUUzevqK/GTR/2oPiv4fKm18W3yqv8LhG/mDXoehf8FCvirowUXF5DqQXqJ0Az/3yKAP1ZyKK/OjQf+CoHiKLaNV8K6fcDu0buD/6EK73SP8Agp94ZmZF1Lwre25PVrcqQPzegD7aor5o0H/goH8KtXC/aby60wnr9pVePyzXoWh/tTfCrxAF+y+NNPDN0SQsD/6DQB6rRWFpvjzwzrIBsfEFhdZ6eXLj+dbMVxDOAY5opF9VkB/rQBJRQSBSbhQAtFFFAHKePfhX4V+JmlvY+ItGtr9GBHmlAJV9w+N3618g/ET/AIJ+6v4Vu5NX+FPiK5t5lO9dPnlaMZ64DAkt+Ir7pooA/HH4lL8S/APxB0/xB4v0i403V7F1xdGHy1mxxnOBnivtf4a/tGeDPiJY2oi1iG01R0HmWlywRt3oOea+pNc8M6R4ms3tdW0231C3cYKToD+vWvmf4of8E+fBfiyaS+8MXU3hPUCSwW3J8on3JyfyoA9F3AqGB+U9G7Gl6ivkjUvhr+0F+zrMZLB5PFeiR/8APHDptHruAb8q2vCP7bWmyXC2PjDRLjQbpTteZVPlg985OaAOd/bC05/BvxM8HeNrYbfnCSMv9/J/oK+s9H1KLWdKtL+Fg0VzEsikehrwP9om/wDDfxj+C9/daDq1rqNxp/8ApcSxthh2xg/Wug/ZK8aDxZ8HdNikk8y600/ZZM9eADn9aAPaKDzRRQB8g/tgWD+Dvil4M8Z24KjcEdh/e3H+gr6+0nUota0y0v4GDw3MayoR3BryD9qbwCfHXwm1HyY997p/+lQYHORxj9TVT9j34hL4y+FNtp80m6/0k/Z3Vj82wAYP5k124aVm4n5Tx5gXUoU8XFfDo/RnutFFFegfiAUUUUAFFFFABUF9fQabZz3d1KsNvChkkkY4CqBkmpZJEhjZ5GCIoyzMcAD1r4a/a4/aaHiCafwh4auf+JfE+26vIj/riD90e3H61nUqKmrs97J8orZviVRprTq+yPP/ANqT49zfFrxS1hp0jLoFkxSFFPErDgufXOOPrX0L/wAEwf2M5fi34yh+IPifTz/wiejyh7VJ0yt5ODxweGQYYH3HSvAv2Pf2U9f/AGoPibaaXbwSW+gW7rLqWpEfJHHnJUH+8wzj6c1/QH8O/AGjfDHwfpnhvQrRLPTrGFYkVBjcQOWPuTk/jXkSk5O7P6ZwWDpZfQjh6KtGJc1iJIIbaONQkaAqqgYAAxxWZWtrv/LH/gX9Kyak7gooooA0NF/4+m/3D/MVt1iaL/x9N/uH+YrboAKKKKAOUorV/sL/AKb/APjn/wBej+wv+m//AI5/9egC3pf/AB4Rfj/M1brJF+dN/wBGMfmFP4t2M559Pej+3f8Aph/4/wD/AFqANaisn+3f+mH/AI//APWo/t3/AKYf+P8A/wBagDKorV/sL/pv/wCOf/Xo/sL/AKb/APjn/wBegDKorV/sL/pv/wCOf/Xo/sL/AKb/APjn/wBegDQtP+PWH/cX+VTVkrqxtVEJh3GP5CQ3XHHpR/bv/TD/AMf/APrUAa1Q3f8Ax6zf7jfyrP8A7d/6Yf8Aj/8A9aj+1vtX7nytvmfJu3ZxnjPSgDKorV/sL/pv/wCOf/Xo/sL/AKb/APjn/wBegDKorV/sL/pv/wCOf/XobQjg4mye2V/+vQBqModSp6EYNfz+f8FGvhHL8Kf2nvEwWJYdO1iT+0bNFGAIzhP/AEJWr97/AO3f+mH/AI//APWr81/+Cx/w1HiDwr4W8dWdiWurGU2d3KpztgwzDPH99hQB4v8AsMeN/wC2vhvc6DLJvuNMmLqueQjYA/8AQTX0tX52fsT+NB4W+LQsZn2W+pwtC2em4Btv6mv0T+6SPTigAooooA4/4veGU8XfDbxBprJvZrV5UH+0ilh+or8nrq3e0uZoJBh4nKMPcHBr9j2RZVaNhlJAUb6Hg1+Vfx58It4L+Kuv6eVKq1w06f7rsWH6GgDz+iiigAooooAKKKKACiiigAooooAKKKKACiiigApc0lFAEkczx/dYr9DWtpfjPXNFINlqlzbEdPLcisWimZTpQqK04p+p6Jp/7QnxD03Ag8VagqjoPN4rct/2sPibbgAeJrpv95q8foqueXc4p5ZgqnxUY/cj2ST9rb4myLj/AISS4H0asq+/aW+JN8CH8VX4B7LJivMKKOeXcmOV4GGsaMfuR1GqfE/xVrSkXuu3txnrvkrnpLyebJklaQnqWJNQUVN2dsKFKn8EUvRAWPNdF8N/CZ8dePvDnh8FgNT1G3tGZOqrJIqlvwBrnW6V9F/sAeHY/E37UPg+2eMS+U8lztPrGN4P6Ujc/Wv4L/8ABNP4NfCVLe5n0P8A4SbVI9sgutXxIUcd1wBgZr6Im0+202b7PaQR28EaqqpGuAAAK0v7d/6Yf+P/AP1qPsP9p/6Tv8vf/DjOMcdfwoAyqK1f7C/6b/8Ajn/16P7C/wCm/wD45/8AXoAyq2tE/wCPV/8Af/oKi/sL/pv/AOOf/Xo886PmEr5ob5w2ce39KANaisn+3f8Aph/4/wD/AFqP7d/6Yf8Aj/8A9agDWrmrz/j7m/32/nV/+3f+mH/j/wD9aj+yftX77zdvmfPt25xnnHWgDKprRI/3kVvqK1/7C/6b/wDjn/16P7C/6b/+Of8A16AOY1Dw3pWqRmO7063nRuqvGK5HVv2Q/g342t1m1r4e6LfztnMkkHPU+9eq/wBhf9N//HP/AK9Avjpv+jGPzNh+9uxnPPp70AfMnir/AIJifAfxNGyw+GF0Un+LTsIR+YNeS+IP+CM/w0uEkOj+Itcs5W5UTzIyD8Alfev9u/8ATD/x/wD+tR/bv/TD/wAf/wDrUAflX4m/4Io+IPOZ9F8f6b5XaO7tpGb8xivHfFX/AASg+LuiiT+zG0/W9vTyCIs/99NX7bf27/0w/wDH/wD61H9hf9N//HP/AK9AH8++u/sC/HHw3E8l94Kn2r/zxuIpP0VjXlusfBvx34du2t7zwnrMTr122UrD8wuK/pa/sL/pv/45/wDXqObw1HcIVldZFPZo8/1oA/mNurDX9BkDzWuoWDL3khkj/mK2dI+MXjjQVU6f4m1C029Nk3Sv6LNe/Z/8DeKQRq/hrSNSB6/abFH/AJ15t4i/Yt+CWuRPb3Hw80m2YfK0ljCkJz0yCFoA/FnQP20Pi5oe0J4uvLoL2nbd/Ku/0X/go98T9PZRex2GoR9/Nibcfx3V+hmuf8ErfgPqkjy2+m61Yynp5WpkKPw215V4u/4I8eGdQZzoHi260tf4VuUM+P8Ax4UAeF6L/wAFQLyNV/tbwlFOe5tWC/zJr0HQf+CmHga+CjUdD1CwJ6kSKwH5Cud8Sf8ABHfxrZ4XQ/FNhqzscBZYRB+pc15j4g/4JW/Hvw+ssh0LT7yFejW+oozEf7ooA+sND/bw+EWssqnW5LJz2mhc/wAlr0LRv2hPh1ryqbTxZYNu6CR9n88V+VXij9kf4u+E7kxXfgDXJvVrWxlmX8wtcJrfw78U+G1Lan4d1TTtvU3VlJHj8xQB+31j4s0TUgDa6zp8+emy7jP9a045Y5RlJY5B/sOG/lX4Pab4k1jSf+PPUrm0K/8APOUrXV6P8fviJobr9j8X6sgHRftTkflmgD9udrdgw/CviX/gpXpWhaf8P9Inj0y1i1q6ugRdqmJCgJBGfyr5c0v9tf4waQqhPEMk4HT7RGz/AMzXI/F79oTxv8cI7CPxRcxXK2IYRCCHZ1IJzyc9KAPObXULqzZjbzPDkYO1sZFek/Bf9oLxB8F5rhdOSK5sbo5mgmBIPuORzxX1V/wTB/ZK0n42al4m1rxno4vfDi2/2K3MyY/fEq+9MjngMMivoT4tf8EZ/C2rK0/gLxHcaLIAT9nvwbhXPoDuGKAPn3wP+3N4S1zZFrlpPo054Mn3kz9ADXuvhv4g+HPF0CS6VrNndBhkL5oVvyJzXxh8YP8AgnL8aPhGstxN4cbW7ENhJdIb7Q7DPUxoCRXzxcQeIPAerNDKl9oWoR9UkVoJF/A4NAH653EKXVvJFIu+KRSrDsQRivi2xuZ/2Wf2iJo3DL4W1l8AgfLsYkL+IPNeWeDf2tPiH4P8pG1L+0bZeqXqmQkfUmuw+IX7S3hr42eDjpvibRn07Vbf57W+tzuCv9AOhx696qMnF3Rx4zC08bQnh6q0krH3/a3UN9bRXFvIs1vKoeORTkMp6Gpa+Hv2Xf2rIvDkMHhTxZcE2CnZa3x58vsFb26fSvtqxv7bVLSO6s7iO6tpBuWWFgykH3FevTqKoro/mTN8nxGU13Tqr3ej6NE9FJuHqKVQW6DIrQ8EKhuruCxt5Li5mSCCMZeSRgqqPcmuI+I3xu8I/DCykl1bVIWuFHy2lu4eQn0wDkV8K/HP9qrxB8VpJdOsWbS9CzgW0R+aQf7RHX6VhUrRh6n1uT8N4zNpp8vLDq3+h6N+09+1q2sLc+GPCFw0dlzHdXqnBl9l9uleNfs6/s8+KP2jviDZ+H9BtJJFdw11dsp8uCPPzMT0zgHFa/7Mn7KfjH9pfxUtro1k8ekW7A3uqSqRFEuRkAnhm5HGc85r9x/2cfgP4S/Zq8EwaF4c01ftLKPteoOR5tw3HJOM49q8yc3N3Z/QWWZZh8qoKhQXq+rN39nT9nvw5+zj8O7LwzoFuodVDXV1j5p5cfMx/HP516nWT/bv/TD/AMf/APrUf27/ANMP/H//AK1QesLrv/LH/gX9Kya1f+Q1/wBMfL/4FnP5elH9hf8ATf8A8c/+vQBlUVq/2F/03/8AHP8A69H9hf8ATf8A8c/+vQBFov8Ax9N/uH+YrbrJ8g6O3nZ84N8mPu+/v6Uf27/0w/8AH/8A61AGtRWT/bv/AEw/8f8A/rUUAa1FFFAHP6p/x/y/h/IVUq3qn/H/AC/h/IVUoAKKKKAOrooooAKKKKAOZvP+Pqb/AH2/nUVS3n/H1N/vt/OoqACpbT/j6h/31/nUVS2n/H1D/vr/ADoA6aiiigAooooA5SvKP2p/hrF8WPgL4v8ADsgw09k0iMBypQh+P++a9XqO4gS6glhkG6ORSjA9wRgigD+aTwzqtx4V8WabfZaCazuo3cHgjDgkfpX60+G9Yj8QeH9N1OJtyXdtHNkerKCf51+e/wC3J8M3+Fv7Sni/TViWG0urhtQtY1GAIZGbaP8Ax2vqP9jfxqfFnwht7eZ911psphYd9pJC/oKAPdqKKKACvhn9vrwibTxdpHiCGPEd5B5crAfxKFUf1r7mrw39sTwcPFHwavrlEzcabItwCBztAYt/SgD826KKKACiiigAooooAKKKKACiiigAooooAKKKKACiiigAooooAKKKKACiiigAooooARq+y/8AglL4ffUv2qbC+xmKx0+5Lcf34mA/lXxo1fop/wAEbtHW8+Jfje/Iy1nYW4U+m8yA0AfrRXQaV/x4x/j/ADNc/XQaV/x4x/j/ADNAFuiiigArE1v/AI+k/wBz+prbrE1v/j6T/c/qaAM+iiigArpbP/j1h/3B/KuarpbP/j1h/wBwfyoAmooooAK5/Vf+P6T8P5Cugrn9V/4/pPw/kKAKlFFFABXVVytdVQAtFFFABXNXn/H3N/vt/Oulrmrz/j7m/wB9v50AQ0UUUAS2v/H1D/vr/OumrmbX/j6h/wB9f5101ADWRZBhlDD0IzWPqXgnw7rKldQ0HTL4HqLmzjkz+a1tUUAeY65+zP8AC/xDG6XfgfRAG6+TYxRn81UV4R4h/wCCcfwK8RTvLceFZIpGOSbe8ljH5Kwr7FrlKAPjPVP+CU/wXvARawajY/S7lf8Am9ZOk/8ABJP4U2OqLPd6hqd/ag82pdowR6bg+a+4qKAMj4X+AdC+GukafoPh3T4tO021Uqkca4J4PLHufc16FXPaX/x/Rfj/ACNdDQAjAMCCMg9Qa85+I37O/wAOvirp89r4j8KabdicYeeO3SOY/wDbRRu/WvR6KAPzy+LH/BHX4d68k134Q1zUPDMiKzLasPtCMfQs7ZFfFPxO/wCCXvxj8D/aJ9M0238TWak+WNNkZ52HugXA/Ov3euv+PWb/AHG/lXM0AfzUeNPhv4n+HOoCy8S6JfaHef8APG9iMbflW54D+OnjP4ckHSNXmSEH/UzHzE/JsgV/Q94i8C+HfFtrLbaxotlqEUg2sJoVJIPv1r5s+In/AATP+C3jhZDZaKfDM8hLNNpzMxye+HJFNNrVHPWw9LEw5K0VJeZ+Zlv+3p48jgCPDYyPj75jUf8Astch4u/a4+Ini6N4X1QWcD8FbVFQ/mADX6Fw/wDBF/wLeXTrD488QxJjdjy4OOen3K6/wZ/wRr+F3h3UI7rVPEWta+inJtrpYlRvY7VBq3Um9LnlU8iyylLnhQjc/HaytNd8d65DaQLd6xql0+yOIEyyuxOABn3r78/ZQ/4JO+JvG1zaa58UVl8N6JkSDTACLqcf3XBwUB9QfSv1A+Fv7M3wz+DNqIfCfhHT9MPVpAhkYn1y5OPwr08DaMAYFZnuRioq0VZHG+Dfhn4b+E/gmHQPDGl2+l6fboqhYUAZ+Ry7dWPuasV0Gqf8eMv4fzFc/QMKKKKANXQv+W3/AAH+ta1ZOhf8t/8AgP8AWtagAooooAz9a/49V/3x/I1iVt61/wAeq/74/kaxKACiiigDq6Kz/wC24P7kn5D/ABo/tuD+5J+Q/wAaAM/VP+P+X8P5CqlactjJqMhuIyqo/QMeeOP6Uz+xJ/78f5n/AAoAz6K0P7En/vx/mf8ACj+xJ/78f5n/AAoA26Kzl1uHAykgPfAB/rS/23B/ck/If40AaFFZ/wDbcH9yT8h/jR/bcH9yT8h/jQBk3f8Ax9Tf77fzqKtF9LlumaZWQLId4DE5wefSk/sSf+/H+Z/woAz6ltP+PqH/AH1/nVv+xJ/78f5n/ClXS5rVhMTGwj+cgE8459KANqis/wDtqD+5J+Q/xo/tuD+5J+Q/xoA0KKz/AO24P7kn5D/Gj+24P7kn5D/GgDEorQ/sSf8Avx/mf8KP7En/AL8f5n/CgD8tP+Cw3wnjVPC/j+1tS88jNY3swH3UUL5ef+BOa+Yf2EfG39k+PL7w9K5EWowl1BPG9eB/6FX65ftufBF/i3+zj4r0livmWtudQjK53ZhBkwOO+2vwc+F3iaXwL8RtF1Us0P2W6TzQ3BwGG4H8qAP1l9qKr6feJqNhbXUZ3RzxLKCPcA/1qxQAVm+JNDi8TeH9R0qZd0d5A8BB/wBoYrSozt5HUUAfkB4s0aXw/wCJtT0+Vdj29w6bfbccfpWRXvf7Z3gn/hE/i5cXkabbfVEFwnHHACn9Qa8EoAKKKKACiiigAooooAKKKKACiiigAooooAKKKKACiiigAooooAKKKKACiiigBP4hX6tf8Ec/CxsvDfjPXtmBePHbB/Xy2Y4/8er8pf4q/bL/AIJIeFpl/ZcN9hEa51i6xuJyVAjx296APsqug0v/AI8Y/wAf5ms/+xZ/78f5n/Cp4b5NOT7PKrF07pyDnn+tAGpRWf8A21B/ck/If40f23B/ck/If40AaFYmt/8AH0n+5/U1b/tqD+5J+Q/xqCeFtWYSwkKqjad/Bz17fWgDLorQ/sSf+/H+Z/wo/sSf+/H+Z/woAz66Wz/49Yf9wfyrK/sWf+/H+Z/wqzHqkdrGIZFbfH8h24I44oA0qKz/AO24P7kn5D/Gj+24P7kn5D/GgDQrn9V/4/5Pw/kK0P7bg/uSfkP8ary2T6lIbiIqqP0DdeOP6UAZlFaH9iT/AN+P8z/hR/Yk/wDfj/M/4UAZ9dVWL/Ys/wDfj/M/4VaXWodoykgPfGD/AFoA0aKz/wC24P7kn5D/ABo/tuD+5J+Q/wAaANCuavP+Pub/AH2/nWr/AG3B/ck/If41VfS5bpmmRkCyHeAxOcHn0oAzqK0P7En/AL8f5n/Cj+xJ/wC/H+Z/woAqWv8Ax9Q/76/zrpqxRpc1qfOLRsI/nIBPOOfSrX9tQf3JPyH+NAGhRWf/AG3B/ck/If40f23B/ck/If40AaFcoe9bf9twf3JPyH+NVP7Fn/vx/mf8KAM+itD+xJ/78f5n/Cj+xJ/78f5n/CgCHS/+P+L8f5GuhrGjsZdOYXDlWROoUnPPHp71Z/tqD+7J+Q/xoA0KKz/7bg/uSfkP8aP7bg/uSfkP8aALd1/x6zf7jfyrma2X1SK4UwqrhpBsGQMZPHrVb+xJ/wC/H+Z/woAz6K0P7En/AL8f5n/Cj+xJ/wC/H+Z/woANF/4+2/3D/MVt1jwwPpL+dLtdG+T5DyO/9Ksf21B/ck/If40AaFFZ/wDbUH9yT8h/jR/bcH9yT8h/jQBLqn/HjL+H8xXP1sS30eoRm3jDK79Cw445/pVf+xJ/78f5n/CgDPorQ/sSf+/H+Z/wo/sSf+/H+Z/woAl0L/lv/wAB/rWtWTBnR2PnfOJOmw5xj6/Wpv7ag/uSfkP8aANCis/+24P7kn5D/Gj+24P7kn5D/GgA1r/j1X/fH8jWJWvNOurJ5MIKsDvy/Ax07fWoP7Fn/vx/mf8ACgDPorQ/sSf+/H+Z/wAKKAM+iiigDoNL/wCPCL8f5mrdVNL/AOPCL8f5mrdABRRRQBylFFFABRRRQB0tp/x6w/7i/wAqmqG0/wCPWH/cX+VTUAFQ3f8Ax6zf7jfyqaobv/j1m/3G/lQBzVFFFABRRRQB1dFFFAFe/s4tSsbi0nUPDcRtE6noVYEEfka/nF/a6+F9z8If2gvGGg3CeUv22S7gQDGIpXZ0/wDHSK/pCr8i/wDgs38JTp/jbwz48tLYmPUIGtb2ZRwGTYsYP4bqALf7L/jT/hNvg/pEzvvubQfZ5eeRgnH6AV6zXxP+wJ42FvqmteGJpOLhftMSk/xDC4H5mvtegBaKKKAPmD9u7wWdY8B6frsMe6bT5fLkbH/LMhj/ADxXwRX61/FPwrH41+Huu6O6hjc2zBP97g/0r8nL+1exvp7eRSkkTlCp6jBoAr0UUUAFFFFABRRRQAUUUUAFFFFABRRRQAUUUUAFFFFABRRRQAUUUUAFFFFACx/NIK/f7/gmfof9h/sj+FF24+1Frr/vtU/wr8AIm2tmv6MP2GbVbX9k34ZBQB5mi28hx6lBQB7tXP6r/wAf0n4fyFdBXP6r/wAf0n4fyFAFSiiigAra0T/j1f8A3/6CsWtrRP8Aj1f/AH/6CgDRooooAK5q8/4+5v8AfP8AOulrmrz/AI+5v99v50AQ0UUUAFdBpX/HjH+P8zXP10Glf8eMf4/zNAFuiiigArlPWurrlD3oAKKKKACuls/+PWH/AHB/KuarpbP/AI9Yf9wfyoAmooooAiuv+PWb/cb+VczXTXX/AB6zf7jfyrmaACiiigArqq5WuqoAWiiigCpqn/HjL+H8xXP10Gqf8eMv4fzFc/QAUUUUAS2v/H1D/vr/ADrpq5m1/wCPqH/fX+ddNQAUUUUAZ+tf8eq/74/kaxK29a/49V/3x/I1iUAFFFFAFrS/+P6L8f5GuhrntL/4/ovx/ka6GgAooooAytd6Q/8AAv6Vk1ra7/yx/wCBf0rJoAKKKKANDRf+Ptv9w/zFbdYmi/8AH23+4f5itugAooooA5Sitv8AsSD+/J+Y/wAKP7Eg/vSfmP8ACgCXS/8Ajwi/H+Zq3WNJeyaa5t0CsidCwOeefX3pv9tz/wByP8j/AI0AbdFYn9tz/wByP8j/AI0f23P/AHI/yP8AjQBn0Vt/2JB/fk/Mf4Uf2JB/fk/Mf4UAYlFbf9iQf35PzH+FH9iQf35PzH+FAFq0/wCPWH/cX+VTVitqk1qxhAjYR/ICQeccetJ/bc/9yP8AI/40AbdQ3f8Ax6zf7jfyrK/tuf8AuR/kf8aVdUlumWFlQLIdhwDnB49aAM6itv8AsSD+/J+Y/wAKP7Eg/vyfmP8ACgDEorb/ALEg/vyfmP8ACkbQ4cHDyA9skf4UAaNFYn9tz/3I/wAj/jR/bc/9yP8AI/40AbdfL3/BSD4XL8Tv2V/FEaLm50kDVIyoyx8oMdo+ua+hv7bn/uR/kf8AGquqW8Xi7TrnRtQijksryNopVA6qR05oA/nC+BPjB/AXxW0LUS/lwrcBJs8fL3B/Gv1QjkWaNJEOUZQwI9xX5a/tB/D68+Evxq8U+HbobJrG/d0UDGFdt6f+OsK/Qn4A+Mh46+FGgaiX3zrCIpueQwz/AExQB6HRRRQAh54P0r8xv2pPBP8AwhPxh1mFF2W10/2iEY42nj+hr9Oq+Q/2+vBJuNL0TxNDFlomNtMwH8OCQT+JoA+JaKKKACiiigAooooAKKKKACiiigAooooAKKKKACiiigAooooAKKKKACiiigB1vGZZkQfxMB+Zr+kL9j2xOm/sv/DK3IwU0K1B/wC+BX85fh2H7RrdhHjIa4iX83Ar+kT4I3Eui/CLwjYJGipb6bDGAwORhfrQB6lXP6r/AMf0n4fyFS/23P8A3I/yP+NWIrJNSjFxKWV36hTxxx/SgDHorb/sSD+/J+Y/wo/sSD+/J+Y/woAxK2tE/wCPV/8Af/oKX+xIP78n5j/Cq80z6TJ5UW10b5/nHPp/SgDYorE/tuf+5H+R/wAaP7bn/uR/kf8AGgDbrmrz/j6m/wB8/wA6tf23P/cj/I/41ZTS4rpRM7OGkG4hSMZPPpQBjUVt/wBiQf35PzH+FH9iQf35PzH+FAGJXQaV/wAeMf4/zNRf2JB/fk/Mf4VWkvJNNc28YVkToWBzzz6+9AGzRWJ/bc/9yP8AI/40f23P/cj/ACP+NAG3XKHvWh/bc/8Acj/I/wCNW/7Fg/vyfmP8KAMSitv+xIP78n5j/Cj+xIP78n5j/CgDErpbP/j1h/3B/Kqv9iQf35PzH+FVW1Oa1JhAjYR/ICQeccetAG1RWJ/bc/8Acj/I/wCNH9tz/wByP8j/AI0Aa11/x6zf7jfyrma0V1SW4YRMqBZDsOAc4PHrVr+xIP78n5j/AAoAxKK2/wCxIP78n5j/AAo/sSD+/J+Y/wAKAMSuqrPbRIdpw8gPbOD/AEqr/bU/9yP8j/jQBt0Vif23P/cj/I/40f23P/cj/I/40AaGqf8AHjL+H8xXP1pxX0moSC3kCqj9So545/pVj+xIP78n5j/CgDEorb/sSD+/J+Y/wo/sSD+/J+Y/woAybX/j6h/31/nXTVmyaVHboZUdt8fzjdgjjmq39tT/ANyP8j/jQBt0Vif23P8A3I/yP+NH9tz/ANyP8j/jQBb1r/j1X/fH8jWJWpDO2rMYZgFUDflODnp3+tT/ANiQf35PzH+FAGJRW3/YkH9+T8x/hR/YsH9+T8x/hQBnaX/x/Rfj/I10NZc1imnx/aImYunZ+Qc8dvrUH9tT/wByP8j/AI0AbdFYn9tz/wByP8j/AI0f23P/AHI/yP8AjQBNrv8Ayx/4F/SsmtWD/icbvO+Xy+nl8dfrn0qb+xIP78n5j/CgDEorb/sSD+/J+Y/wo/sSD+/J+Y/woAqaL/x9N/uH+YrbrKntxpKiaE7ifkIk59+30qH+2p/7kf5H/GgDborE/tuf+5H+R/xooA26KKKAOf1T/j/l/D+QqpVvVP8Aj/l/D+QqpQAUUUUAdXRRRQAUUUUAczef8fU3++386iqW7/4+pv8Afb+dRUAFS2n/AB9Q/wC+v86iqW0/4+of99f50AdNRRRQAUUUUAcpRRRQAVb0v/j/AIvx/kaqVb0v/j+i/H+RoA/Ir/gsX8Ix4a+L2i+MbO2Ig1y1IupgOPOUhVH/AHytcH+wH42E1nrnhiaXLR4uoVJ9cLgfka/RD/gqN8Jh8SP2YdW1CJM3fh1/7TTaMswUFdo/77r8b/2a/Gj+A/i9o9yZNltNL5E3bIIIH6mgD9QKWhgAcKcr2PrRQAVwPx28Gp45+FmvaYU3yeQZY/UFSG/kK76mSRrNG8bjKupQj2IwaAPxvkjaGRo3BV1OCD2NMr0j9oXwYfAvxa17Twu2F5mnhGONjMcfyrzegAooooAKKKKACiiigAooooAKKKKACiiigAooooAKKKKACiiigAooooA2PBa7vFGkj1vIB/5EWv6R/AsfleD9HTpttkH6V/N54E/5G7Rv+v63/wDRq1/Sb4aGPD+nj/piv8qANKug0r/jxj/H+Zrn66DSv+PGP8f5mgC3RRRQAVia3/x9J/uD+ZrbrE1v/j6T/c/qaAM+iiigArpbP/j1h/3B/KuarpbP/j1h/wBwfyoAmooooAK5/Vf+P6T8P5Cugrn9V/4/pPw/kKAKlFFFABXVVytdVQAtFFFABXNXn/H3N/vt/Oulrmrz/j7m/wB9v50AQ0UUUAS2v/H1D/vr/OumrmbX/j6h/wB9f5101ABRRRQAVync11dcoaACiiigC1pf/H9F+P8AI10Nc9pf/H9F+P8AI10NABRRRQBFdf8AHrN/uN/KuZrprr/j1m/3G/lXM0AFFFFAGhov/H03+4f5itusTRf+Ppv9w/zFbdABRRRQBU1T/jxl/D+Yrn66DVP+PGX8P5iufoAKKKKANXQv+W3/AAH+ta1ZOhf8tv8AgP8AWtagAooooAz9a/49V/3x/I1iVt61/wAeq/74/kaxKACiiigDq6Kyf7d/6Yf+P/8A1qP7d/6Yf+P/AP1qAKuqf8f8v4fyFVK1fsP9pf6Tv8vf/DjOMcdfwo/sL/pv/wCOf/XoAyqK1f7C/wCm/wD45/8AXo/sL/pv/wCOf/XoA1qKyV104GYcnv8AN/8AWo/t3/ph/wCP/wD1qANaisn+3f8Aph/4/wD/AFqP7d/6Yf8Aj/8A9agDPu/+Pqb/AH2/nUVav9k/av33m7fM+fbtzjPOOtH9hf8ATf8A8c/+vQBlVLZ/8fUP++v860P7C/6b/wDjn/16G0k2oMwm3GP5wCnXHPrQBrUVk/27/wBMP/H/AP61H9u/9MP/AB//AOtQBrUVk/27/wBMP/H/AP61H9u/9MP/AB//AOtQBlUVq/2F/wBN/wDxz/69H9hf9N//ABz/AOvQBlVb0v8A4/4vx/katf2F/wBN/wDxz/69BsDpv+kiTzNn8O3Gc8evvQAzxl4dtvFnhXVdHvIhNbXlu8TxsOCCP8a/mp+KXg+++FPxY13QbzC32j6gUYLxgghh+hFf0s/27/0w/wDH/wD61fir/wAFZPhanhP4+R+J7O08q08Q2/nzS9jcbmBH/fKigD3v4M+Lh46+GWgaxu3yy26pLz/GFGf512tfJ/7BPjn+0PDeq+GJJMyWb/aIlPo3X9Fr6woAKKKKAPjH9vrwOI5dG8Uwx/6wG2nb/dwF/Umvjev1I/aO8Er48+EmtWQTfNbx/aouOcoCx/lX5cyRtFIyMMMp2kehFADaKKKACiiigAooooAKKKKACiiigAooooAKKKKACiiigAooooAKKKKANvwO23xZo7el9bn/AMirX9JXhOYXHhnTJAOGgU/pX82Pg5gvibSiTgC8gP8A5EWv6Vvhxpa3ngPQZ0nyslpGw+X2+tAF6ug0r/jxj/H+Zqp/YX/Tf/xz/wCvQL46Zm3KeaE6Nnb159/WgDWorJ/t3/ph/wCP/wD1qP7d/wCmH/j/AP8AWoA1qxNb/wCPpP8Ac/qal/t3/ph/4/8A/Wo8j+2P327ydvybcbvfPb1oAyqK1f7C/wCm/wD45/8AXo/sL/pv/wCOf/XoAyq6Wz/49Yf9wfyrP/sL/pv/AOOf/XoGqm0/cmPf5fybs4zjigDWorJ/t7/ph/4//wDWo/t3/ph/4/8A/WoA1q5/Vf8Aj+k/D+Qq1/bv/TD/AMf/APrUfYf7T/0nf5e/+HGcY46/hQBlUVq/2F/03/8AHP8A69H9hf8ATf8A8c/+vQBlV1VZX9hf9N//ABz/AOvQuuEAAw5PfDY/pQBrUVk/27/0w/8AH/8A61H9u/8ATD/x/wD+tQBrVzV5/wAfc3++386v/wBu/wDTD/x//wCtR/ZP2r995u3zPn27c4zzjrQBlUVq/wBhf9N//HP/AK9H9hf9N/8Axz/69AGfa/8AH1D/AL6/zrpqyW0k2wMwmyY/nAKdcc+tH9u/9MP/AB//AOtQBrUVk/27/wBMP/H/AP61H9u/9MP/AB//AOtQBrVyh71q/wBu/wDTD/x//wCtR/Yffz//ABz/AOvQBlUVq/2F/wBN/wDxz/69H9hf9N//ABz/AOvQBU0v/j+i/H+RroayW086b/pIk3lP4duM549fej+3f+mH/j//ANagDWorJ/t3/ph/4/8A/Wo/t3/ph/4//wDWoA0br/j1m/3G/lXM1q/2t9q/c+Vt8z5N27OM8Z6Uf2F/03/8c/8Ar0AZVFav9hf9N/8Axz/69H9hf9N//HP/AK9AEWi/8fbf7h/mK26yTbnR8ThvNydhXGPfrn2o/t3/AKYf+P8A/wBagDWorJ/t3/ph/wCP/wD1qP7d/wCmH/j/AP8AWoAt6p/x4y/h/MVz9av2/wDtL/Rtnl7/AOLOcY56fhR/YX/Tf/xz/wCvQBlUVq/2F/03/wDHP/r0f2D/ANN//HP/AK9ABofWf/gP9a1qyedFIOfOEnbG3GP/ANdH9u/9MP8Ax/8A+tQBrUVk/wBu/wDTD/x//wCtR/bv/TD/AMf/APrUATa1/wAeq/74/kaxK1ftH9sfudvk7fn3Z3e2P1o/sL/pv/45/wDXoAyqK1f7C/6b/wDjn/16KAMqiiigDoNL/wCPCL8f5mrdVNL/AOPCL8f5mrdABRRRQBylFFFABRRRQB0tp/x6w/7i/wAqmqG0/wCPWH/cX+VTUAFQ3f8Ax6zf7jfyqaobv/j1m/3G/lQBzVFFFABRRRQB1dFFFABVTVP+PCX8P5irdVNU/wCPCX8P5igDn6+Lf+CqXwpHjr9n3+34kzc+G5/tfyjllfEePp82a+0q5n4l+FYPG3gHXtEuYlnjvLOWMIwyC207f1xQB+B37KfjoeBfjBpskkmy1vM2r88HcNq/q1fplx2OR2+lfkh4q8P3/wAMfiBfaVc/LqGiXxhfHHzxt/iK/UX4X+Ko/GngHQ9WjYOZrZFcj++qgN+uaAOqooooAjmgS6hkgkGY5UMbD2Iwa/Kj44eDZPAnxO1zTHXav2hpoxj+FyWH6EV+rdfE37fXgdota0fxRBHiOeMwTsB/ENoX9AaAPkKiiigAooooAKKKKACiiigAooooAKKKKACiiigAooooAKKKKACiiigC94fm8jWLKQ9FuI2P4OK/pa+Ad8up/BbwXdr92bS4HH4qK/matZPKmR+m1gfyNf0i/siXv9ofsx/DO43bt+hWxz/wAUAevVz+q/8AH9J+H8hXQVz+q/8AH9J+H8hQBUooooAK2tE/49X/AN/+grFra0T/AI9X/wB/+goA0aKKKACuavP+Pub/AHz/ADrpa5q8/wCPub/fb+dAENFFFABXQaV/x4x/j/M1z9dBpX/HjH+P8zQBbooooAK5Q11dcoaACiiigArpbP8A49Yf9wfyrmq6Wz/49Yf9wfyoAmooooAiuv8Aj1m/3G/lXM1011/x6zf7jfyrmaACiiigArqq5WuqoAWiiigCpqn/AB4y/h/MVz9dBqn/AB4y/h/MVz9ABRRRQBLa/wDH1D/vr/OumrmbX/j6h/31/nXTUAFFFFAGfrX/AB6r/vj+RrErb1r/AI9V/wB8fyNYlABRRRQBa0v/AI/ovx/ka6Gue0v/AI/ovx/ka6GgAooooAytd6Q/8C/pWTWtrv8Ayx/4F/SsmgAooooA0NF/4+m/3D/MVt1iaL/x9N/uH+YrboAKKKKAOUoroP7Ltf8Anl/48f8AGj+y7X/nl/48f8aADS/+PCL8f5mrdYdzdS2M7QQvtjXoMA4zz/Wo/wC1Lr/nr/46P8KAOgorn/7Uuv8Anr/46P8ACj+1Lr/nr/46P8KAKlFdB/Zdr/zy/wDHj/jR/Zdr/wA8v/Hj/jQBz9FdB/Zdr/zy/wDHj/jR/Zdr/wA8v/Hj/jQBLaf8esP+4v8AKpqwZL+4t5GiSX5IyVXKjoOPSm/2pdf89f8Ax0f4UAdBUN3/AMes3+438qxf7Uuv+ev/AI6P8KdDqE88qRvJuR2CsMDkE80AUqK6D+y7X/nl/wCPH/Gj+y7X/nl/48f8aAOforoP7Ltf+eX/AI8f8aRtJtipAjwfUMaALlFc/wD2pdf89f8Ax0f4Uf2pdf8APX/x0f4UAdBVTVP+PCX8P5isr+1Lr/nr/wCOj/CpbW6lvrhYZm3xNnK4A6DPb6UAZ9FdB/Zdr/zy/wDHj/jR/Zdr/wA8v/Hj/jQB+Ef/AAU8+FJ8AftI6lqdtaeVp2uwre+cBgPOxYyfj92ux/YL8bDVPBOpeHZZMzWE3mxBjztYsTj9K+rP+Cwvwhh174HaT4wtISLnQb0K+zJLLMyJz7DBr8zv2R/HB8G/GPTI5JdlpqGbR1J4yxABoA/Suik4PTp1FLQAV5T+094LHjb4N63bpH5lzar9riHfKKeB+derUya3ivIXgmUNDKpRwe4PWgD8bpI2jkZGGGU4I9xTa7b4zeD5PA3xK13SXQqsVwWTPdWw39a4mgAooooAKKKKACiiigAooooAKKKKACiiigAooooAKKKKACiiigBYl3Piv6LP2FbwXn7Jvw0IOfL0e3jP4IK/nTj+WQV+83/BN/xTPqn7J/hUJL8trutugP3VT/GgD6/rn9V/4/pPw/kKP7Uuv+ev/jo/wrQtbWK+gWaZd8rZy2SOhx2oAxKK6D+y7X/nl/48f8aP7Ltf+eX/AI8f8aAOfra0T/j1f/f/AKCpv7Ltf+eX/jx/xrM1a+XQUkkEot7ZU81y2CFx1OT9KAN6ivyS/bG/4Koa8PEN34V+Fd/DDp1sxjuda8pJDO3QiPjgDj5ga+avhj/wUb+Mvw48QR3/APwkj6zbM4M1pqCiRZFzyoLZ25GeRQB/QFXNXn/H3N/vt/Ovy1vP+C2PiAoiWvw/s9+0bne/IGe//LOucuf+Cx/jWa4Mi+DdLRSclTdk5/HZQB+s9FfnD8J/+CxejarrUNn478GDSLFiFN9p9w07An1TCgD8a/Rb4b+OPCPxa8K2viLwrfwatpVwPlmhl3bW7q2Dww7igCxXQaV/x4x/j/M0f2Xa/wDPL/x4/wCNZ1zcy2MzQwvtjXkKQDjPNAG5RXP/ANqXX/PX/wAdH+FH9qXX/PX/AMdH+FAHQVyhq3/al1/z1/8AHR/hWr/Zdr/zy/8AHj/jQBz9FdB/Zdr/AM8v/Hj/AI0f2Xa/88v/AB4/40Ac/XS2f/HrD/uD+VRf2Xa/88v/AB4/41mSX1xbyNEknyRnaMqOg49KAN6iuf8A7Uuv+ev/AI6P8KP7Uuv+ev8A46P8KANu6/49Zv8Acb+VczV2LUJ55UjeTcjsFYYHIPBrT/su1/55f+PH/GgDn6K6D+y7X/nl/wCPH/Gj+y7X/nl/48f8aAOfrqqqNpVsVIEePcMay/7Uuv8Anr/46P8ACgDoKK5/+1Lr/nr/AOOj/Cj+1Lr/AJ6/+Oj/AAoA1dU/48Zfw/mK5+tC1upb2dYZm3xN1XAHbPatD+y7X/nl/wCPH/GgDn6K6D+y7X/nl/48f8aP7Ltf+eX/AI8f8aAMS1/4+of99f5101UZtPghheSNdjoNwYEnkc96zf7Uuv8Anr/46P8ACgDoKK5/+1Lr/nr/AOOj/Cj+1Lr/AJ6/+Oj/AAoA0Na/49F/3x/I1iVpWUz6jMYrg+YgXcBjHP4fWr39l2v/ADy/8eP+NAHP0V0H9l2v/PL/AMeP+NH9l2v/ADy/8eP+NAGTpf8Ax/Rfj/I10NZ11ZxWcJmhHlyJyDnPt3+tUP7Uuv8Anr/46P8ACgDoKK5/+1Lr/nr/AOOj/Cj+1Lr/AJ6/+Oj/AAoAt67/AMsf+Bf0rJrVsf8AiZb/ALT+82Y29sZ69PpVv+y7X/nl/wCPH/GgDn6K6D+y7X/nl/48f8aP7Ltf+eX/AI8f8aAM/Rf+Ptv9w/zFbdZl9CunxrLb/u3J2nvkfj9Kpf2pdf8APX/x0f4UAdBRXP8A9qXX/PX/AMdH+FFAHQUUUUAc/qn/AB/y/h/IVUq3qn/H/L+H8hVSgAooooA6uiiigAooooA5m7/4+pv99v51FUt3/wAfU3++386ioAKltP8Aj6h/31/nUVS2n/H1D/vr/OgDpqKKKACiiigDlKKKKACrel/8f8X4/wAjVSrel/8AH/F+P8jQB0FFFFAHBfHbwBB8TvhH4q8OzwrO15p86wqwyPN8tvLP4Niv5tNStb3wF4yurZjsv9IvZICR2eJyp/UV/UPX4If8FNPg3H8Jf2mNXeytPI0rWkW/hcDh5GAab/x56APrr4b+KIvGXgXRdXiYOLi2XcR/eX5T+orpq+XP2EPHR1jwTqPh6d/3unyb4VJ58s8n9Wr6joAKSlooA+Iv2+vA4s9c0bxNCm2O6QwTED+PJI/QV8jV+oH7TfgYeOvhDrECRiS6tE+0wcc7hxx+BNfmCylWIPUHBoAbRRRQAUUUUAFFFFABRRRQAUUUUAFFFFABRRRQA6ON5pAiKXduAo6mnXFvLazNFNG0UqnDKwwRXov7Omhr4g+Mfhy1kQPEZyzgjI4Vj/Svrr9pj9mOz+IVnc6/4et0tdeiBkkjQYW4A5/PrWEqqhJRZ9Ngcir5hgp4ujq4vbufn5RVnUNPudJvJrS7heC4iYo8bjBBBwarVufNyi4uz3E/ir9rf+CTmotefsrpC5y0GsXSAewEeK/FL+IV+u3/AAR/8Ri7+FviLRd2TaXrXG3/AHyB/wCy0En6DV0Glf8AHjH+P8zXP10Glf8AHjH+P8zQBbooooAK/NX/AIKr/tfp4Q00/DHwtfE6tfQ41Se3bBt48n93nqGPynjsa+uP2vv2lNM/Zl+EepeIZpYX1mRfJ02zduZZiDtOOu3I5+tfz5eKPEWufFjx1eapqE82p6xqtyXZm5ZiTwB7AYH4UFRi5NRW7NL4Q/C/Ufi14yttKtEbyi2+4m6iNOpJr6M+Nv7GNrpfhldS8HebNc2keZ7V+TKAOXHv1r074W+EdG/Zh+Ez6xrif6dKqveSouWBJACDjoDj869f8G+MNN8eeHrXWdKlE1ncDIz1BxyD+dedUrS5rx2P2TKuG8H9UeHxf8aav5pdD8zPhr8LV8eahc2EmpRadfQnH2ebIZsdcDHavUP+GSRs/wCQ2N/+7x/KvTv2mvgLc6Ret8QPBkZtby2Pm3VtAOTjkuB+HP1p/wAJfiha/ELRgHIh1W3G24hbgk+opyqza5ovQ8WhkuFw1d4LGQ97o+kkfPHxA/Zz8ReCtHk1iELqOmRttklgyTH7tx71337En7X2u/sx/Ei1ke6kufCd66xajp8jkxhSceao7FQSeMZ719U+Do7fUZLzS7yNZrS8iKPGwyCCDmvhj9oz4Oz/AAl8cTxQxsdIuiZbWTHyhSc7fwyK1o1uf3Zbnm57kCwVJYrDfBs/I/o18I+KtN8beG9P1zSbhLrT76FZopEORhgDj681X1X/AI/pPw/kK/LD/glF+2Onh/Uo/hH4numWwvHL6TdTP8sUhPMX/AixPpxX6naowa9cg5BAIP4Cus+FKtFFFABXVVytdVQAtFFFABXNXn/H3N/vt/Oulrmrz/j7m/32/nQBDRRRQBLa/wDH1D/vr/OumrmbX/j6h/31/nXTUAFFFFABXKetdXXKHvQAUUUUAWtL/wCP6L8f5GuhrntL/wCP6L8f5GuhoAKKKKAIrr/j1m/3G/lXM1011/x6zf7jfyrmaACiiigDQ0X/AI+m/wBw/wAxW3WJov8Ax9N/uH+YrboAKKKKAKmqf8eMv4fzFc/XQap/x4y/h/MVz9ABRRRQBq6F/wAtv+A/1rWrJ0L/AJb/APAf61rUAFFFFAGfrX/Hqv8Avj+RrErb1r/j1X/fH8jWJQAUUUUAdXRWJ/bc/wDcj/I/40f23P8A3I/yP+NAEWqf8f8AL+H8hVStiKxTUYxcSFld+oU8ccf0p/8AYkH9+T8x/hQBiUVt/wBiQf35PzH+FH9iwf35PzH+FAGhRWGutTgAFYz7kHn9aX+25/7kf5H/ABoA26KxP7bn/uR/kf8AGj+25/7kf5H/ABoAqXf/AB9Tf77fzqKtlNLiulWZmcNIN5AIxk8+lO/sSD+/J+Y/woAxKltP+PqH/fX+da39iQf35PzH+FNk0uK3jaVHk3xgsMkdRz6UAaVFYn9tT/3I/wAj/jR/bc/9yP8AI/40AbdFYn9tz/3I/wAj/jR/bc/9yP8AI/40AZ9Fbf8AYkH9+T8x/hR/YkH9+T8x/hQBiVb0v/j/AIvx/ka0P7Eg/vyfmP8ACo5rFNPjNxEzF0xjdgjk49PegDUorE/tuf8AuR/kf8aP7bn/ALkf5H/GgDbr88P+CxXwbTxN8JdH8dwRNJe6HcC1YIM/upTlmPsNgr70/tuf+5H+R/xrg/jr4NPxi+EvifwfLHFnVrKS2jbbko7KQGHPUZoA/Bv9kfx1/wAIT8YNOjlcpa6j/osvPGCc5/QV+ldfkPqlrceCvGdzb7mjudNvHi3dCCjlf5Cv1P8Ahh4ti8c+AdE1qJt32q3Vn9m9KAOpooooAiurdLu3lglXdHIhRge4Ir8pvjT4MfwD8Stc0cpsjhuG8r3Xsa/V6viX9vjwH9m1jSPFMMfy3K/ZpmUcbhk5P5igD5DooooAKKKKACiiigAooooAKKKKACiiigAooooA96/YxsRefGWxkIz5KM/6EV+iStu6Hmvgn9hG1+0fE6/lIz5Npu/8eA/rX2Edeaw8aTRs5MD4jK9gcnH868rEfGfuvCElRyxSf2pM8e/am/Zrh8b2M/ibw/brFrUClp4Ixjz1A6j/AGuPxzXwbdW0tncSQTo0csbFWVhggiv2I/D86+S/2rv2Z11aK48XeF7XF2g33lnEuN4/vqB36VpQrW92R5vFHDiqp47CLXql18z4lbrX6U/8EZdYdfFXxD095PkaztZEX33yZ/lX5ryIY2KsMMDgg192f8Egtejtv2kp9FkkZf7T06TAU9fLjdv616J+O7aM/Y+ug0r/AI8Y/wAf5mov7Eg/vyfmP8KrSXkmmyNbx4ZF6bxzyM9qBGzWZ4l8RWHhLQb/AFjVLhLWwsoXnmlc4AVVJP44FV/7an/uR/kf8a/LH/gql+2c+sNJ8JfDF/sjhcPrFxasQSwPEO4HPBVgw9+aAPk79uL9qS//AGnfi9d6iN0Ogacz2umWxbICAgGT/ge0N+Ndv+xj8CfMdfG2t23yof8AQI5B1P8Af/mK8Q/Z5+Dtz8XvG0FvIjjSLciS8mAOAoP3c+pGfyr9L9J0u20XTbaxtIlhtrdBHGijAAFcWIq8q5UfpvCOSfWKn16uvdjt5szfHHhS08b+FdR0a+jEkN1EVG7s3VT+eK+WP2WvGU3w1+Ius/DbWLlTB5zi2bd8okUnP58V7L+0d8bLf4S+D5RA6vrd6pjtos8qDwXP4Z/Kvzmt/FWow+Jo9d+0yNqKzi484sclg2ev1rKjTcoO+x7XEWbUcDmFGdL44/F6dj9dpI1kVkdQykYKsMg+1fFnx++D+ofBnxUnjvwgrLpkkm65t4xxET1BA/hP8zX078G/iLbfE7wFp2swsDN5YiuF7rIBg/mQTXW6rpdrrWnXFjewpPa3CFJI3UEEGueMnTlZn1+OwdHOsJGpB67xfZngnwl+Itl4wtbHV7Nwrbgs0OeY2PBB/OvQ/jd8K7P4u+B7nTZFUXqqZbObur4yBn0JxXyl4+8G6v8Asu/ERdU00SXHhO+kwu7JAGfun3HBr7P8AeJrPxh4R03VbCYTW80S4YHkHAyD7iqkuRqcdjysrqfXKdXLsbG01o1380fldf2mr/DvxXJCXm07VNPn+WRMq6Mp4Yf41+2v7Bf7XVv+0d8Po9N1aZE8Y6PEsV4ucfaFGAJFHpgqO/INfEH7X3wDXxfpEnizRbfOrWaZuIY15ljA+9x1IwPzr5M+CXxc1z4F/EnSvE+j3Mlvc2MwMsQYhZU5DI46Eck4I6gV6dOoqkbn47nOVVMpxLpS+F7Puj+jyiuQ/Z7+LXhn9of4Z6Z4v0C5Z4bhds8G4FreXALRsOxGR+delf2JB/fk/Mf4VqeAYldVVD+xYP78n5j/AAqmutTqANqHHcg/40AblFYn9tz/ANyP8j/jR/bc/wDcj/I/40Abdc1ef8fU3++f51a/tuf+5H+R/wAasppcV0omdnDSDcQpGMnn0oAxqK2/7Eg/vyfmP8KP7Eg/vyfmP8KAMm1/4+of99f5101ZsmkxW8bSo8m9AWHI6jn0qt/bU/8Adj/I/wCNAG3RWJ/bc/8Acj/I/wCNH9tz/wByP8j/AI0Abdcoe9aH9tz/ANyP8j/jVv8AsWD+/J+Y/wAKAMSitv8AsSD+/J+Y/wAKP7Eg/vyfmP8ACgDO0v8A4/ovx/ka6GsuaxTT4zcRM+9Om7BHXHpUH9tT/wByP8j/AI0AbdFYn9tz/wByP8j/AI0f23P/AHI/yP8AjQBrXX/HrN/uN/KuZrRXVJbhhEyoFkOw4Bzg8etWv7Eg/vyfmP8ACgDEorb/ALEg/vyfmP8ACj+xIP78n5j/AAoAqaL/AMfTf7h/mK26yri3GkqJoWYsTtIfBGP8iof7an/uR/kf8aANuisT+25/7kf5H/Gj+25/7kf5H/GgDQ1T/jxl/D+Yrn604r6TUJBbyBVR+pUc8c/0qx/YkH9+T8x/hQBiUVt/2JB/fk/Mf4Uf2JB/fk/Mf4UAQ6F/y2/4D/Wtasm4H9jlTCdwkzuD89Pp9ai/tqf+5H+R/wAaANuisT+25/7kf5H/ABo/tuf+5H+R/wAaALetf8eq/wC+P5GsStSGdtWYwzAKoG/KcHPTv9an/sSD+/J+Y/woAxKK2/7Eg/vyfmP8KKAMSiiigDoNL/48Ivx/mat1U0v/AI8Ivx/mat0AFFFFAHKUUUUAFFFFAHS2n/HrD/uL/KpqhtP+PWH/AHF/lU1ABUN3/wAes3+438qmqG7/AOPWb/cb+VAHNUUUUAFFFFAHV0UUUAFVNU/48Jfw/mKt1U1T/jwl/D+YoA5+iiigAqW0/wCPqH/fX+dRVLZ/8fUP++v86APw3/4KbfB1/hX+0tq9zFCsGma8ovrRVGBgBVb/AMeBrtf2D/HX9qeEdT8Nzy7prF/OiUn+A4GP519Yf8Fhvg7/AMJZ8ItJ8a2dr5t9oU+y4lxytsQxP/jxWvzD/ZX8eHwH8XNNeSTZaXjfZ5ueDkHH6kUAfprRQQFJAOQOhooAK8u/aS8Djx58JdYtFTdcW6faITjkEEE4/AV6jUdxbpdW8sEgykqNGw9iMf1oA/G5lKsVYEMOoNJXf/HbwW/gP4o65pZTZEJ2lh4/gYnb+lcBQAUUUUAFFFFABRRRQAUUUUAFFFFABRRRQB9X/sBWe7xZ4iucfds1H/j4ru/2n/Fl/wCF/Duo3mmzGC5e4EYkXqo3DOPzrnf2ALXaPFVz/wBMgmfxU1J+102/wTdt63n/ALMtebP3qx+v4Vyo8NqUHZ2bOP8AgL+17qvhnUYdL8WztqGkysFFy+N8Hv2yP8K+5dN1Kz17TYbu0mju7O4TcjryrAivx+FfQP7NP7Sl38M9Ri0bWZXuPDs74+Ykm3P94e3X861rUL+9E83h3iiVCSwuOleD2b6Hd/tWfsxm0kuPF3he2JgY77yzjH3D/eHt0rwf4B/GbWf2f/ilpHjLRMC+sWKsjdJI24dD9VyPxr9PLG+sfEWlx3FvJHeWVzHlWU5V1Pavi79qT9l6TQ5rjxT4Wti+nuS1xZRDJhPqB6c/pU0a32JHTxLw4rPH4FXi9Wl+aP2W/Zm/aa8L/tNeAbfXtCuEjvUUJe6ezfvLeTHIx6ZBx7V6Dqv/AB/Sfh/IV/Od+z1+0P4r/Zx8fWviHw9dyRtGwW4s2J8u4TIyjD8MV+y3gn9v74ZePPhLf+OZtXh0ybTrcNfabO2JkkCjhR1cE/3c9a7z8pGftyftRWf7OfwruWtpI5fE2qI1vYW5bkEjlz9BnHuK/DaCPWviV4vCs8mo6vqVxl5G5Z3Y8sfzrvv2nP2gNX/aO+KV/wCJL95BbMxisbVjkQQgkhR+JP519D/sa/AkaBpqeM9Yt/8ATrpMWcUg5jQj734g/pWVSoqcbnu5NldTNcVGjHbq/I9o+B/wps/hL4ItdLhUNeyKJbqbHLORnH0GSK6Pxx4007wD4Zvda1OVYre3Qtgnlz2A962ri4itIJJppFihjBZ5HOAo7k1+eP7U/wAeZfid4kbSNOkZdCsHKoAeJXHVj+ZFeZTg60rs/bs1zChw/gVCnva0Uec/FH4iap8XPG1zqlyzMZ5NkFuOQik8KPxP616F8Wf2O/HHwf8Ag/4W+IOsWwGma3yY1B32wIUp5mRxu3cYz0NfQ3/BMf8AYr/4XB4pTx/4rsGPhbSZQ1rFOuFu5xgjjuBlWB6ZFfrB8f8A4M6V8b/hHrng2/tonjurdvs25flimCny2/BsGvXS5VZH891q08RUdWo7tn4X/safFo+D/Gw8O302zTNVYINx4SXOFP6mv0AByARyK/Jzx54P1b4U+PtT0O9SSz1LS7t4t2CpO1iFcexAz+Nfor+zz8UYfij8O7K8Lg6jaqILtM8hh0P5Yrz8TT+0j9c4LzXng8BVeq1Xp2Oz8ZeDdL8eaBcaRq9stxaTDHI5U+o96rfD3wFpvw38MwaJpXmfZImLgyH5iT1rpaK4uZ2sfpv1el7X2/L71rX8hrKsilWUMp4KsMg18EftcfAFvBOtP4m0WEnRr190saDiB/T6cfrX3zWX4l8O2PizQ7zStRhWe0uozG6MM/Q/nitKdR05XPHzrKaebYZ0pfEtn5nxl+wD+17e/s0/E6C21B5Z/CerSLb3sG7iIk4EgGexIz7Cv3s0XWbLxFpNpqenXCXdjdRrNDNGcq6sMgj8K/ms+OHwkvvg/wCNLjT3DvYsS9rcY4dMnHPrX6N/8Eof2yG1CFfhL4s1DfPGDJo9zcNglR1iJPp8oUfzr2YyUldH84YjD1MLVlRqq0kfqLXKGurrlD3pnMFFFFABXS2f/HrD/uD+Vc1XS2f/AB6w/wC4P5UATUUUUARXX/HrN/uN/KuZrprr/j1m/wBxv5VzNABRRRQAV1VcrXVUALRRRQBU1T/jxl/D+Yrn66DVP+PGX8P5iufoAKKKKAJbX/j6h/31/nXTVzNr/wAfUP8Avr/OumoAKKKKAM/Wv+PVf98fyNYlbetf8eq/74/kaxKACiiigC1pf/H9F+P8jXQ1z2l/8f0X4/yNdDQAUUUUAZWu9If+Bf0rJrW13/lj/wAC/pWTQAUUUUAaGi/8fTf7h/mK26xNF/4+m/3D/MVt0AFFFFAHKUV0v2SD/njH/wB8Cj7JB/zxj/74FAEWl/8AHhF+P8zVusG+ke3upI4naNBjCqxAGRmq/wBrn/57Sf8AfRoA6aiuZ+1z/wDPaT/vo0fa5/8AntJ/30aAIqK6X7JB/wA8Y/8AvgUfZIP+eMf/AHwKAOaorpfskH/PGP8A74FH2SD/AJ4x/wDfAoALT/j1h/3F/lU1c7PcSwzSIksiorFQAx4ANR/a5/8AntJ/30aAOmqG7/49Zv8Acb+Vc/8Aa5/+e0n/AH0akt7iWS4iRpXZWYAqWJBGaAK1FdL9kg/54x/98Cj7JB/zxj/74FAHNUV0v2SD/njH/wB8ChrOBlIMMfPooFAE1Fcz9sn/AOe0n/fZo+2T/wDPaT/vo0AdNVTVP+PCX8P5isT7XP8A89pP++jVjT5nnu40ldpEOcqxyDwe1AFKiul+yQf88Y/++BR9kg/54x/98CgDmqls/wDj6h/31/nXQfZIP+eMf/fAqO6tYVt5GWJVZVLBlGCCORzQByHxv+Htp8VvhP4n8K3yb7fUrJ4WH6j9RX82PiDSb7wL4zurG6ha2vtNu9rxtwVZWyP0xX9MJupmBBmkIP8AtGvw/wD+CnXwj/4V1+0ZqGrQRSfY/ESf2hvx8gkJKlR+C5oA+ovg34xXx58NdC1gPvllgVJuc4kCjd/Ou0r5C/YH8fG603VvCc7/ADQH7TAGPXOS2PwUV9e0AFFFFAHxh+3z4DEc2keK4Iv9YPs1w+PTAX+Zr44r9UP2gfA6ePvhTren+X5k8URuYfXcgLf0r8s54Xt5pIpBtkjYow9CDg0AR0UUUAFFFFABRRRQAUUUUAFFFFABRRRQB9u/sCwBfCPie4x/y22f+Oqaxv2sZt3gVj/eu8/qtdV+w7b/AGT4Ua5cYx5l0ef+ALXC/tXXH/FD2Sk8yXLH/wBBrzN65+wz/d8OQX91/mfJdFFFemfjx9Ffsx/tK3Hw7v4tA12V7jw/OwVGYkm3J7j29vevvq2ubTWtPWaCSO7srmPhlIZJFI/Xivx79+9fS/7Lv7TUvga6h8OeIp2l0KVtsUznJt2PA5P8PTvxiuGtRv70T9O4Z4k9g1gsY7wezfTy9DtP2if2QWuZrjxD4LhHOXn00dcnklP14A718g6louo6TdNa3lnNbXCnBjljKt+Rr9e7W7hvraK4t5VlglQPHIhyGUjIINZ1/wCD9B1S4E95othczA58yS2Qt+JxWMMQ4q0j6PM+D8Pjqnt8LPkv9x8Ifsy/s3ah4716DWtctZLXQbVg+2VSpnYdAM9unNfoFb28VrDHDDGsUUYCJGowFA6AUkNvDaxLHDFHDEvCxxqFUfQCvCf2nv2hLf4X6HJpGlzJL4jukK7Af9QhGNx9D1x9KzlKVeVj2MJhMHwxgpTk/V9W+x57+2F+0MLOGbwVoFwGkkXF9cRt0GPuAj6nP0ryH9kX9mfXP2mvitYaJZxNHpUTibUr5h8sMWefqSSOPevPvh/4B8T/ABw8f2eg6FbPqeu6pN8u4kjJblmPOFBPJ96/eb9lj9mPR/2WfhzZaJp+ZdZuolm1K+PDyynqPYAYGB6Zr06cFTjZH4hm2Z1c1xLr1Nui7I9r+HvgHR/hj4P0vw1oNotnpmnwrDFEoA4FdHXM/a5/+e0n/fRo+1z/APPaT/vo1qeKfmR/wWA/ZlaC8sPi1ottiCQLZ6qI1yd+AI346AKhyfevij9k34sN8OviDFZXcpXStTPkzbjwp6hv0A/Gv3j+KngKw+Lnw/1rwlrZeXTtUt2t5eSSoIxuHofev53vix4B1L4Q/E7XPDN/H9nvtKuym3JyF4ZD/wB8lamUVJWZ3YHFzwOIhiKe8WfqyrBhkHI7EUtePfswfFJPiT8N7Tz5t+qaeoguATy2AMN+Oa9hrw5RcXZn9PYPFQxlCFentJBRSL82cc/SuM8Y/GPwf4DVhrOuW0Ew/wCXdXBkP4UJN6I1rYilh481WSivMxf2gPhHafFrwNc2hjUalaq01pNjkMBkr+IGPxr84ND1jWPhj42ttQs3NlrOkXYkjbH3JEbI/UV9f+NP28dIsTJH4c0eS/YcCW6JjH1wM18feMvFFx448T32tzwRwS3UhkZIgAoJOfSvTw8ZxVpH4hxbisvxlWNXCyvPZ22P6Mf2XfjFB8dvgh4Z8XQk+ZdW4jn3dTKnyOfxZTXVnvXzX/wTs8E638Ov2XfDVhq6TWV3OZLkQMSNqPIzIfxVgfxr65+yQf8APGP/AL4FdZ+enNUV0v2SD/njH/3wKPskH/PGP/vgUAc1XS2f/HrD/uD+VH2SD/njH/3wKw7ieWGaSNJZFRWIChjwKAOiormftc//AD2k/wC+jR9rn/57Sf8AfRoA6G6/49Zv9xv5VzNWbe4lkuIlaV2VmAKliQRmtz7JB/zxj/74FAHNUV0v2SD/AJ4x/wDfAo+yQf8APGP/AL4FAHNV1VRNZwMCPJj544UCsD7XP/z2k/76NAHS0VzP2yf/AJ7Sf99Gj7XP/wA9pP8Avo0Abeqf8eMv4fzFc/V2wmknu40kdpEOcqxyDwe1bH2SD/njH/3wKAOaorpfskH/ADxj/wC+BR9kg/54x/8AfAoA5+1/4+of99f5101Vbm1hW3kZYlVlUkMowQRz1rD+1z/89pP++jQB01Fcz9rn/wCe0n/fRo+1z/8APaT/AL6NAGtrX/Hqv++P5GsStHS3a5uGWZjKu3O1zkZyPWtT7JB/zxj/AO+BQBzVFdL9kg/54x/98Cj7JB/zxj/74FAGJpf/AB/Rfj/I10NUdQgjhtXkjRY3XBDIMHrjtWP9rn/57Sf99GgDpqK5n7XP/wA9pP8Avo0fa5/+e0n/AH0aANHXekP/AAL+lZNauk/6V5vnfvtuMeZ82OvrWh9kg/54x/8AfAoA5qiul+yQf88Y/wDvgUfZIP8AnjH/AN8CgDK0X/j6b/cP8xW3Wbqka20KyRL5T7sbo/l4/D6Vl/a5/wDntJ/32aAOmormftc//PaT/vo0UAdNRRRQBz+qf8f8v4fyFVKt6p/x/wAv4fyFVKACiiigDq6KKKACiiigDmbz/j6m/wB9v51FUt3/AMfU3++386ioAKltP+PqH/fX+dRVLZ/8fUP++v8AOgDpqKKKACiiigDlKKKKACrel/8AH/F+P8jVSrel/wDH/F+P8jQB0FFFFABUN3/x6zf7jfyqaobv/j1m/wBxv5UAc1XxH/wVX+Dx8d/AuHxNap/pnhyf7Q+xctIj4TH0G4mvtyuf+IHhW38beC9a0O5jWWO+tJIQrDI3FTtP4HFAH89/7PHjp/h98VtHvw5WCWUW0vptchc/qa/UmORZo0kQ5SRQ6kehGRX5LfEzwXd/C/4ia54cuGYXWkXr22/BGSjYDD8q/R39nLx6vxD+E+kX+/dcW6C1mz1ynygn67aAPTqKKKAGuiyqyOMo42sD3B61+XH7RfgNvh/8VtZsBGVgmkNzEexD/Nx/31X6k18ift7+ATeaXpPiyFCWtz9mnIH97oT+C0AfElFFFABRRRQAUUUUAFFFFABRRRQAUtJS0DR+gH7JMH2H4CXMuMGWct/46BXkP7Wlxt8NaJF3adz+i17b+zvD9j/ZxsH6GYbv1xXgH7XE/wC70KHPQu2PwFeZDWsfr+Zfu8hhH+6vxPm6iiivTPx8KQEq2QcEUtIetAH0z+zP+1JL4Hmi8PeJZmn0SRsR3DnJtv8A7Hn36V91abq1lrFjFeWV1Fc20q7kkjYYIr8nNP8AAOv6p4autfs9MuLrSrVxHPcQIXEZOcbsdBweTVjRfiZ4q8L2L2Om63eWNq/DQxSYU1x1MOpu8T9Cybi2rl9P2GIXPFbdz75+P37SWj/CvS5bOwmjv/EEqlUhjbIhz/E1fn/d3WvfEzxV5jCfVtY1CYIqqMtI7HAUD6mneHPCniP4leII7LSrC81rUrlwNsEbSEknGWI6D3NfsV+wL/wTptfgpDa+M/HtvDeeL3TdBZnDJZZHrzlueoPatqdJU1pueFnWeV84qXnpBbI6z/gnf+xLa/s7+CYfEfiO3hufG+qRrIzlc/Y42GRGvvgru914NfWet/8AH0n+5/U1t1ia3/x9J/uf1NbHzRn0UUUAFfmx/wAFdP2ZZru00X4qaBYNII4hbausCjpyRM3/AI6tfpPWhr3hfTPGvhO50PWbSO+0y+t/Jnt5RlXUgUAfzh/AX4zXfwX8XfbTG1xp8w8u5tgfvL2I56g19HeIf2+NHhgZdG0C4nnxw10QFH/fLV7P8eP+COerN4gutS+HGuWzaVIcx6XfITLHz0D5C4rzXw3/AMEefixrFyI9S1PS9Fj/AOesq+aPyVqxlRjN3Z9Fgs/x+X0Pq9CdonzV47/aq8eeOpHjXUG0y0bj7Pa4A/MjP615zpeg+I/HGqRW9laX2r3sz7VVFZyW+vSv15+EP/BHbwL4ZNtdeN9ZufEl5EQxgtiI7Z/Yqyk4/GvrXwT8D/AvwfSSx8IeGbDQ4MDcLaIAscDk1pGKjsjysTjcRi5c1ebkfjn8Jf8AgmD8XviNGJtUsofCFuSCG1Uncy+o2bv1r7k/Z7/4JfeA/hNqlrrXiS5k8X6tCVkSK5UCCKQchlChSef72elfa30oqjiGQwx28KRRIscaKFVFGAAOgFdbXK11VAC0UUUAFc1ef8fU3++f510tc1ef8fc3++386AIaKKKAJbX/AI+of99f5101cza/8fUP++v866agAooooAK5Q11dcoaACiiigC1pf/H9F+P8jXQ1z2l/8f0X4/yNdDQAUUUUARXX/HrN/uN/KuZrprr/AI9Zv9xv5VzNABRRRQBoaL/x9t/uH+YrbrE0X/j7b/cP8xW3QAUUUUAVNU/48Zfw/mK5+ug1T/jxl/D+Yrn6ACiiigDV0L/lt/wH+ta1ZOhf8tv+A/1rWoAKKKKAM/Wv+PVf98fyNYlbetf8eq/74/kaxKACiiigDq6K5/8AtS6/56/+Oj/Cj+1Lr/nr/wCOj/CgA1T/AI/5fw/kKqVt2trFe26zTLvlbOWyR0OO1S/2Xa/88v8Ax4/40Ac/RXQf2Xa/88v/AB4/40f2Xa/88v8Ax4/40AW6K55dUulUAS8DjkA/0pf7Uuv+ev8A46P8KAOgorn/AO1Lr/nr/wCOj/Cj+1Lr/nr/AOOj/CgCG7/4+pv99v51FW7Dp8E8KSSJud1DMcnknk0/+y7X/nl/48f8aAOfqW0/4+of99f51t/2Xa/88v8Ax4/40yfT7eGGSRE2uqlgQx4IH1oAvUVz/wDal1/z1/8AHR/hR/al1/z1/wDHR/hQB0FFc/8A2pdf89f/AB0f4Uf2pdf89f8Ax0f4UAVKK6D+y7X/AJ5f+PH/ABo/su1/55f+PH/GgDn6t6X/AMf8X4/yNav9l2v/ADy/8eP+NQ3lnFZ27TQrskXGGyfUUAaNFc//AGpdf89f/HR/hR/al1/z1/8AHR/hQB0FQ3f/AB6zf7jfyrF/tS6/56/+Oj/CnQ6hPPKkbybkdgrDA5B4NAFKiug/su1/55f+PH/Gj+y7X/nl/wCPH/GgD8V/+Cs3wZbwj8XrHxpaxrHp2vQ+Uyov/LaPl2P13iuB/YL+If8AZ+val4SuJMR3q+fCp6Bl4wPqWr9RP+CjHwFj+L37NuuLYQKNV0cf2jDKckqkfzyAfVVxX4YfDXxdN8P/AB9pGtRsyGzuFeQDuoPIP5UAfrZRVPR9Si1nSbO/gYPDcwrKrD3HP61coAK434weC1+IHw31zQyu6SeBjD7SAED+ddlSq21g2M4OaAPxw1CzfT7+4tZAVeGRoyCMHg4qvXtP7Wfw9PgT4s37Rpts9R/0mHjAxwD+oNeLUAFFFFABRRRQAUUUUAFFFFABSjqBSU6P74+tA1ufo78I7f7D+zl4bTpvt93/AI8a+Xf2s7rd4g0y3z9yEN+dfWnhWD7D8C/CsHT/AEYD/wAeNfGf7U115nxESHtHbIP1avMo61Wz9d4hfs8ppw8o/keNUUUV6Z+QhSNS0jUAfoz/AMEjfEelalq/jbwFq0EN/baxClybO4UOjrGrBsqeo+evunWf+Cc3wL8ZXSald+FfskzEkx2Eghj6/wB0LX5O/wDBN/xzB4H/AGr/AAk85wmqFtK69TKyAfyr967m6ksp3igfZEMEDr1A9aAOU+F/7O/w9+DcY/4RPwvYaXcbdpuo4F85h6FwMmvR65/+1Lr/AJ6/+Oj/AAo/tS6/56/+Oj/CgDoKxNb/AOPpP9z+pqL+1Lr/AJ6/+Oj/AAq7YxrqURkuB5jq20Hpx+H1oAx6K6D+y7X/AJ5f+PH/ABo/su1/55f+PH/GgDn66Wz/AOPWH/cH8qi/su1/55f+PH/GsyS+ntpXijk2ojEKMA4GfegDeorn/wC1Lr/nr/46P8KP7Uuv+ev/AI6P8KAOgrn9V/4/pPw/kKP7Uuv+ev8A46P8K0LW1ivoFmmXfK2ctkjocdqAMSiug/su1/55f+PH/Gj+y7X/AJ5f+PH/ABoA5+uqqr/Zdr/zy/8AHj/jWSup3KgAS8D1ANAHQ0Vz/wDal1/z1/8AHR/hR/al1/z1/wDHR/hQB0Fc1ef8fc3++386l/tS6/56/wDjo/wrShsILiFJZE3O6hmOSMk0AYVFdB/Zdr/zy/8AHj/jR/Zdr/zy/wDHj/jQBiWv/H1D/vr/ADrpqozadbxQyOibXVSQQx4IH1rN/tS6/wCev/jo/wAKAOgorn/7Uuv+ev8A46P8KP7Uuv8Anr/46P8ACgDoK5Q1b/tS6/56/wDjo/wrV/su1/55f+PH/GgDn6K6D+y7X/nl/wCPH/Gj+y7X/nl/48f8aAMnS/8Aj+i/H+Rroazruzis7dpoV2SLghtx9aof2pdf89f/AB0f4UAdBRXP/wBqXX/PX/x0f4Uf2pdf89f/AB0f4UAbd1/x6zf7jfyrmauxahPPKkbybkdgrDA5B4Naf9l2v/PL/wAeP+NAHP0V0H9l2v8Azy/8eP8AjR/Zdr/zy/8AHj/jQBn6L/x9N/uH+YrbrLvoU0+JZbceXJuxnJPGD61T/tS6/wCev/jo/wAKAOgorn/7Uuv+ev8A46P8KP7Uuv8Anr/46P8ACgDV1T/jxl/D+Yrn60LW6lvZ1hmbfE3VcAds9q0P7Ltf+eX/AI8f8aAOforoP7Ltf+eX/jx/xo/su1/55f8Ajx/xoAqaF/y2/wCA/wBa1qyb5f7NMZtv3ZfIbnOenrVX+1Lr/nr/AOOj/CgDoKK5/wDtS6/56/8Ajo/wo/tS6/56/wDjo/woA0Na/wCPRf8AfH8jWJWlZTPqMxiuD5iBdwGMc/h9avf2Xa/88v8Ax4/40Ac/RXQf2Xa/88v/AB4/40UAc/RRRQB0Gl/8eEX4/wAzVuqml/8AHhF+P8zVugAooooA5SiiigAooooA6W0/49Yf9xf5VNUNp/x6w/7i/wAqmoAKhu/+PWb/AHG/lU1Q3f8Ax6zf7jfyoA5qiiigAooooA6uiiigAqpqn/HhL+H8xVuqmqf8eEv4fzFAHP0UUUAFS2n/AB9Q/wC+v86iqW0/4+of99f50AdNRRRQBW1LT4NW0+5srqMS21xG0UiN0ZWGCPyNfzm/tjfBu4+B37QHirw7N/qmuWvbchcDypiZFUfQMBX9HdfmR/wWU+BZ1Pw3oHxNso8PYP8A2feCNclxJyrH2UR4/GgDyX9jH4i/8Jl8MRpc8u+90dvJO48lD82f1Ar6Br83v2P/AIjf8IN8VLaznk2WOqf6NJk8A9Qf0r9IaACiiigD5n/bk+H58ReAbXxBBHm40l8SMBz5Rz/VhXwDX6/+LtAg8VeGNU0i4UPFeQNGQfzH6ivyY8X+Hbjwn4m1HSLpSs9pM0TAjHSgDHooooAKKKKACiiigAooooAKkh/10Y9WH86jqzpsfnahbp/ekUfrSLgrzSP04aEWnwv8MwgY2wKP518IftJXHn/FK+HXy0VPyJr7+8Rw/Z/BuixdPLjUf+O1+dnxzuvtXxQ1xs52zsv5E152H1m2fq/FvuYOnD0/I4KiiivSPyUKDRRQB03wy8Yy/D/x5oPiOFd02l3sV4o90Oa/pF8O60viLw7pGpowYXdlBMSPVo1J/nX8ysed+BwW4r99v2DfiA/xE/Zk8IXtxMJr6CBoJ+clSrsqg/8AAQKAPoSiiigAra0T/j1f/f8A6CsWtrRP+PV/9/8AoKANGiiigArmrz/j7m/3z/Oulrmrz/j7m/32/nQBDRRRQAV0Glf8eMf4/wAzXP10Glf8eMf4/wAzQBbooooAK5Q11dcoe9ABRRRQAV0tn/x6w/7g/lXNV0tn/wAesP8AuD+VAE1FFFAEV1/x6zf7jfyrma6a6/49Zv8Acb+VczQAUUUUAFdVXK11VAC0UUUAVNU/48Zfw/mK5+ug1T/jxl/D+Yrn6ACiiigCW1/4+of99f5101cza/8AH1D/AL6/zrpqACiiigDP1r/j1X/fH8jWJW3rX/Hqv++P5GsSgAooooAtaX/x/Rfj/I10Nc9pf/H9F+P8jXQ0AFFFFAGVrvSH/gX9Kya1td/5Y/8AAv6Vk0AFFFFAGhov/H03+4f5itusTRf+Ppv9w/zFbdABRRRQBylFdXRQBU0v/jwi/H+Zq3XPaooW+lwMdD+gqrQB1dFcpRQAUV1dFAHKUV1dFAENp/x6w/7i/wAqmrmboBbmYAYAcgAfWoqAOrqG7/49Zv8Acb+Vc1Utp/x9Q/76/wA6AIqK6uigDlKK6ukZQwIIyDwQaAForlKKAOrqpqn/AB4S/h/MVz9W9L/4/ovx/kaAKlFdXRQBylS2f/H1D/vr/OumqG8UNaTZGfkJ/SgCaiuUooA6uvNv2ifhnbfGD4Q+IPCN1tC6pbvAkjDPlsVYBh7jNb1aGif8fT/7h/mKAP5lvEmj3vw+8cXthMktte6ZeNGQwKsNrcH8Rj86/Tz4L+PI/iN8N9G1lWDTSRBJx6SAcj8sV4v/AMFbPgGPh58aIfGen27DTvE0fmzuowiXA+UKPqqZrg/2D/iV9j1fUPCF1LiK6HnWwY/x/wAQH4LQB9uUUUUAFfA/7c3w7Og+OrfxJbx7bXVV/ebR/wAtRkn9MV98V5T+0v8ADsfEb4V6lbIm68s1NzAcZPGC36CgD8v6KdJG0LsjgqynBB7Gm0AFFFFABRRRQAUUUUAFbXg22+2eKdLhxnfOo/WsWuu+Elv9r+JHh6Hrvu0GKmWzOrCx5q8I92vzP0n8eMIdC0+PphAf/HK/ND4mXH2rx9rsvUNdOf1r9JvihMIbO3UnASBm/wDHDX5jeJrj7Vr9/N13zMf1rhwu7Z+k8aT0pw/rYzaSiivQPywKKKKAE6Nmv1b/AOCOnj4XHhPxh4UuJ988N0l1BGf4Y9gB/wDHmr8pGr7M/wCCVHxKj8C/tRabp8shVfEEB01VJ4LFg/T1wlAH7YUV1dFAHKVt6L/x6v8A7/8AQVoVia0oF0pAwSoz+ZoA26K5SigDq65q8/4+5v8Afb+dQ10tn/x6w/7i/wAqAOaorq6KAOUroNK/48Y/x/mat1z2qKFvpcDHQ/oKAOhorlKKAOrrlD3orqqAOVorq6KAOUrpbP8A49Yf9wfyqauZulC3MwAwAxwB9aAOmorlKKAOmuv+PWb/AHG/lXM1La/8fUP++v8AOumoA5SiurooA5SuqoZQykEZB4INcqaAOrorlKKAOg1T/jxl/D+Yrn6taX/x/Rfj/I10NAHKUV1dFAHM2v8Ax9Q/76/zrpqhvFDWswIyNhPP0rmqAOrorlKKANvWv+PVf98fyNYlaGi/8fTf7h/mK26AOUorq6KAOe0v/j+i/H+RroaqaqoNjISMkYI/OufoA6uiuUooA1td/wCWP/Av6Vk1q6F/y2/4D/WtagDlKK6uigDE0X/j7b/cP8xW3WdrSj7Khxzvxn8DWLQB1dFcpRQB1dFFFAHP6p/x/wAv4fyFVKt6p/x/y/h/IVUoAKKKKAOrooooAKKKKAOZu/8Aj6m/32/nUVS3f/H1N/vt/OoqACpbT/j6h/31/nUVS2f/AB9Q/wC+v86AOmooooAKKKKAOUooooAKt6X/AMf8X4/yNVKt6X/x/wAX4/yNAHQUUUUAFQ3f/HrN/uN/Kpqhu/8Aj1m/3G/lQBzVFFFABWhon/H0/wDuH+YrPrQ0T/j6f/cP8xQB4F/wUF+AyfHb9nfW7WC38/WtKQ32ngDnzQMY/wC+S1fgp4L8R3fgPxpp+qQsYZrO4Ut2O3OGH5Zr+n+4gS6t5IZBujkUoy+oIwa/n5/4KE/ANvgT+0Rrdra2wg0PVWOoaescZCJGxI2Z6ZG0n8aAPuTwn4ktvGHhvT9atGDwXsKzDHYkZI/Ctavk39hX4pHVtDu/B95Nme0Jntdx6qc7gPoAK+sqACmyRrNG8bjKOpVge4IwadRQB+Y37T3w1k+HPxS1GKOMrYXrG5gbHy4YklR9OK8ir9IP2uvhN/wsX4dyX9pEH1XSczRtjJMfVx+Qr84WRo2ZGBVlOCCOhoAbRRRQAUUUUAFFFFABXoX7P1r9s+MnhSPGc3qV57Xrn7K1n9q+N/hvjOycPUT+Fnp5ZHnxtGP95fmfb3xmuvJtLo5wI7Rv5EV+ZM8hmmkc9WOa/Rr4/Xvk6Lr8mf8AV2uP1FfnEeprkwuzPs+M53xMI+olFFFdx+chRRRQAGu0+C3ji4+HHxS8MeJLVS0+m30cy4/75/rXF063kaOZWU7WByD9KAP6lPD+pxazodhfQuJI7iBJAw6HIrQr53/YD+If/Cxv2WfBF5Lc/ar+1s1trt85PmAk8/gRX0RQAVia3/x9J/uf1NbdYmt/8fSf7n9TQBn0UjMFGScD3NYuqeOPDuhgnUde0ywx1+03kceP++mFAG3XS2f/AB6w/wC4P5V87eM/2vvhL4DiaTU/GWnyKoyfsUq3B/8AHCa8t8Qf8FcPgjodmBpc+o65LGuPLS1khyR7slAH3DRX5XeNv+C10Vxazx+FfAc9ncDISe/uklT2O0AGvnPxZ/wVe+O3iiOWOHVNO0ZGztOnWzxuB9d5oA/dtnVerAfU1gaoQ19IQcjj+Qr+e2//AG5PjxqkzPL8UfEaA87I71lUV03w1/4KH/G3wPrsN3deMbzxHbbx5lrrEjToy9wORg4oA/eKiuC+BnxYsvjd8LdA8Y2MLW0Wp26zNbs24xMRkqTXe0AFdVXK11VAC0UUUAFc1ef8fc3++3866WuavP8Aj7m/32/nQBDRRRQBLa/8fUP++v8AOumrmbX/AI+of99f5101ABRRRQAVynrXV1yh70AFFFFAFrS/+P6L8f5GuhrntL/4/ovx/ka6GgAooooAiuv+PWb/AHG/lXM1011/x6zf7jfyrmaACiiigDQ0X/j6b/cP8xW3WJov/H03+4f5itugAooooAqap/x4y/h/MVz9dBqn/HjL+H8xXP0AFFFFAGroX/Lb/gP9a1qydC/5bf8AAf61rUAFFFFAGfrX/Hqv++P5GsStvWv+PVf98fyNYlABRRRQB1dFcz9rn/57Sf8AfRo+1z/89pP++jQBNqn/AB/y/h/IVUrd0+FJ7SN5EWRznLMMk8nvVj7JB/zxj/74FAHNUV0v2SD/AJ4x/wDfAo+yQf8APGP/AL4FAE1Fcyt1MoAEsgA4ADGj7XP/AM9pP++jQB01Fcz9rn/57Sf99Gj7XP8A89pP++jQAXf/AB9Tf77fzqKuht7eKS3iZokZmUEsygknHWpPskH/ADxj/wC+BQBzVS2f/H1D/vr/ADroPskH/PGP/vgVHdWsK20pEMYIQkEKPSgC1RXM/a5/+e0n/fRo+1z/APPaT/vo0AdNRXM/a5/+e0n/AH0aPtc//PaT/vo0ARUV0v2SD/njH/3wKPskH/PGP/vgUAc1VvS/+P8Ai/H+Rra+yQf88Y/++BVfUII4bN3SNUdcEMqgEcigC9RXM/a5/wDntJ/32aPtk/8Az2k/76NAHTVDd/8AHrN/uN/Kuf8Atc//AD2k/wC+jUlvcSyXESNK7KzAFSxIIzQBWorpfskH/PGP/vgUfZIP+eMf/fAoA5qtDRP+Pp/9w/zFav2SD/njH/3wKp6rGlvbo8SrE+/G5Bg9DQBpV8X/APBUL9nI/Gf4HPrml23neIPDbG7iEY+aSM4Dgkdgu419Vfa5/wDntJ/32ar6hH/aun3Nncs0tvcRtFIjMSGVgQR+RoA/m3+E/ju5+G/jzS9bt3KLDKolx3jJG4flX6r6DrVt4i0ay1O0cSW91EsqlT6gEj8M1+f37cnwBuPgN8c9ZsIrdk0S/kN7YSKuECOSfLB/2Rj869e/Yd+Ly6to8/gzULjdeW2ZbPceWTJLD8yKAPrKiiigBskayxsjqHRgVZT0IPUV+dv7WPwJn+HPiqXWtOgZtB1BjIGUcRSHkqfTJz+VfopWR4q8K6Z400O50nV7ZLqxuF2ujDp7g9jQB+QFFfRnxp/Y98R+Cbu4v/D0D61oxJYeUMyRD0Yf/Xr57urG4sZniuIZIZFOCrqQRQBXooooAKKKKACvdP2Nbf7R8bNMPXy0L/qK8Lr6I/YdgD/F95WICx2btkn/AGlrKp8DPcyRc2Y0b/zI90/aXv8A7P4P8TyZ52hf/Hlr4Dr7Z/ao1JB4L1dVkUmafbgH6GviascMvdPa4sqKpjUk9kFFFL1rrPiRKKXpSqpboKAG0nRqnW0mk4SJ3P8Asqa29L+HniTXCBY6LeXJPTy480Afev8AwTl/bw8Bfs2/DXXvDnjm41CNJL03dr9ktjP1VF29Rjoa+jfE/wDwWQ+FljC7aHpWram4+6txbtCD+PNfltoP7KfxU8QMv2bwXqW09GePA/nXoujf8E8/ixqyoZrG205T1+0yMCP/AB00AfUHiD/gtlq9w0kej/D62th/BLNflvxwY68U8W/8FYvjZ4kvHNpeaZpVsRgItgkjAf73FXtA/wCCYGvTKv8AbHia0tfUW53H9Vr0vw7/AMEyfBthtbVPEN/fnuqxKB+hFAHx34y/bC+LXjSdpLzxvqlvu5K2M726/krV5xq3jnxL4sk2ajrWp6q7drm6eUn8zX6reH/2FfhF4fZXOhvfyL/FPM4z+AavStE+CngXw6qrp/hXTodvQvEHP/jwNAH40aT8M/F3iDaNO8OahebuhhtWYfoK9E8O/sa/FrxIoNv4YntVbvd7oh+or9f7XSbKyULb2Vrbgf8APKBF/kKtDK9CR+NAH5j+F/8Agmn4/wBSCtq1/p+mKeu2YSEfhxXq3hn/AIJf6JbbW1vxTPcn+JIINv6hq+4qgvr2DTbOe7upVgtoEMksjHAVQMkn8KAPjr4g/sk/BL4CeA9Q8Ta1bXl8LZD5cct0wM0mCQoHPXBr85boprPiGT7Bb+SlxPtggHbJwo/lXvv7Zn7SM/xq8bvpumTMvhrTWMUEYPErA4Ln8QcfWvef+CXf7GMnxQ8XJ8RfFVkR4Z0mTdYxSrkXc3HOD1QAnn1WgD9Bv2M/hre/Cr9nPwdoepxNBqa2iSXULfwSEDI/Svba6RbO3VQBBGAOANgpfskH/PGP/vgUAc1XVVF9kg/54x/98CufF1MoAErqBwAGNAHTUVzP2uf/AJ7Sf99Gj7XP/wA9pP8Avo0AdNXNXn/H3N/vn+dJ9rn/AOe0n/fRrctreKS3iZ4kZmUEsygknFAHPUV0v2SD/njH/wB8Cj7JB/zxj/74FAHP2v8Ax9Q/76/zrpqq3NrCtvKRDGCEODtHpWH9rn/57Sf99GgDpqK5n7XP/wA9pP8Avo0fa5/+e0n/AH0aAOmrlD3qX7XP/wA9pP8Avs10H2SD/njH/wB8CgDmqK6X7JB/zxj/AO+BR9kg/wCeMf8A3wKAMTS/+P6L8f5GuhqjqEEcVnI6RqjjGGVQCORWR9rn/wCe0n/fRoA6WiuZ+1z/APPaT/vo0fa5/wDntJ/30aAOhuv+PWb/AHG/lXM1Zt7iWS4iVpXZWYAqWJBGa3PskH/PGP8A74FAHNUV0v2SD/njH/3wKPskH/PGP/vgUAZWi/8AH23+4f5itus3VY0t7dXiRYn3/eQYPQ1l/a5/+e0n/fZoA6aiuZ+2T/8APaT/AL6NH2uf/ntJ/wB9GgDb1T/jxl/D+Yrn6u2E0k93GkjtIhzlWOQeD2rY+yQf88Y/++BQBzVFdL9kg/54x/8AfAo+yQf88Y/++BQBn6F/y2/4D/WtasnVlFr5RhAiJ3ZKfL6elZ/2uf8A57Sf99GgDpqK5n7XP/z2k/76NH2uf/ntJ/30aANbWv8Aj1X/AHx/I1iVo6W7XNwyzMZV252ucjOR61qfZIP+eMf/AHwKAOaorpfskH/PGP8A74FFAHNUUUUAdBpf/HhF+P8AM1bqppf/AB4Rfj/M1boAKKKKAOUooooAKKKKAOltP+PWH/cX+VTVDaf8esP+4v8AKpqACobv/j1m/wBxv5VNUN3/AMes3+438qAOaooooAKKKKAOrooooAKqap/x4S/h/MVbqpqn/HhL+H8xQBz9FFFABUtp/wAfUP8Avr/OoqltP+PqH/fX+dAHTUUUUAFZ+t/8eqf74/ka0Kz9b/49U/3x/I0AYlFFFAHyr/wUM/ZtT48fBm5vLCBD4j0JWu7WTaSzRgbpEGOpIUAV+KfgvxXqXwy8bWerWu6G90+f54zxkqfmQ/iK/pUZQ6lWAKkYIPevxg/4KUfsoy/CH4iTeMdBs9nhXWnMr+WvFvcHlgx/2mLN+FAH034B8ZWXj7wlp2uWEqyRXUQZgDyrdCD+INdDX5/fsdfHQeBfER8M6vORpGpOBEzHiGTjn2GB+tfoArBgCCCD0I6UALRRRQAhGQQeR71zPiL4Z+FfFiMNW0GzvC3VmQg/oRXT0UAeHaz+x38N9V3GLTJLBm/59yOPzzXGaj+wH4TuWJtdb1C29A2wj/0GvqSigD5AuP8AgnzZ8/Z/FJH/AF0U/wBFrMm/4J83f/LLxRbH/eRv/ia+0qKAPimH/gnpqs06R/8ACUWKhiBuKPx/47XZ6X/wTL8SabJ51t44s7dmGN0KyA4/75r6j56jrXp/hvUBqOlRPnLqNrUFRk4u8XZnw3L/AMEz9Zvl23vjyKVSckEOf/ZasW3/AAS3tOPP8Z59fLQ/1Svu+ijYJSlJ3k7nxNZ/8EvPCyYNz4r1CT18raP5pXSad/wTa+HFljz7/VLvHXc0fP8A47X1rRQSfOmm/sF/CTT8eZost5j/AJ+GHP5V2Oj/ALKfwo0TBt/BWnkj/noGP/s1etUUAcvpvwv8IaOoFl4Z023A6bY8/wA637fS7S0ULBawQgdAsSj+lWaKADp6D6ACiiigAooooAKKKKACiihmCgknAHNAAzBVJJAAGST0Ffn5+3d+1iLr7T8PvCd5+6U41G9hP3iOsYPp1B+tdd+2d+2XD4RtbvwX4MvFl1iQGO9vojlYVPBVSO/Xoe9fDHwk+E/iP47ePrPw/osEl1qF7Jl5mBZYwT80jn0Gc+9AHcfsk/sx6t+0x8SrXSIxNb6LEwk1G/Qf6qPIyAT/ABHPH0r+gj4X+CdJ+HXgTSPDuiWsdnp1hD5MUcYwOCcn6kkn8a8h/Zj/AGddA/Zs+G9r4d0eEG7kVZb+7bBeebHJJ9ASQPQV77pX/HjH+P8AM0AW6KKKACuUPeurrlD3oAKKKKACuls/+PWH/cH8q5quls/+PWH/AHB/KgCaiiigCK6/49Zv9xv5VzNdNdf8es3+438q5mgAooooAK6quVrqqAFooooAqap/x4y/h/MVz9dBqn/HjL+H8xXP0AFFFFAEtr/x9Q/76/zrpq5m1/4+of8AfX+ddNQAUUUUAZ+tf8eq/wC+P5GsStvWv+PVf98fyNYlABRRRQBa0v8A4/ovx/ka6Gue0v8A4/ovx/ka6GgAooooAytd/wCWP/Av6Vk1ra7/AMsf+Bf0rJoAKKKKANDRf+Ptv9w/zFbdYmi/8fbf7h/mK26ACiiigDmfsk//ADxk/wC+DR9kn/54yf8AfBrpqKAKOnzxw2aI8io65BVmAI5NWPtcH/PaP/voVi6p/wAf0v4fyFVKAOl+1wf89o/++hR9rg/57R/99CuaooAl+yT/APPGT/vg0fZJ/wDnjJ/3wa6aigDmfsk//PGT/vg0fZJ/+eMn/fBrpqKAKtrdQrbRAyxghACCw9Kk+1wf89o/++hXP3n/AB9Tf77fzqKgDpftcH/PaP8A76FR3FxFJbyqsqMzKQFVgSTjpXPVLaf8fUP++v8AOgA+yT/88ZP++DR9kn/54yf98GumooA5n7JP/wA8ZP8Avg0NazKpJikAHJJU101FAEP2uD/ntH/30KPtcH/PaP8A76Fc1RQB0v2uD/ntH/30Kr6hMk9pIkbrI5xhVOSeR2rCq3pf/H/F+P8AI0AQ/ZJ/+eMn/fBo+yT/APPGT/vg101FAHM/ZJ/+eMn/AHwafBDJDcRPJGyIrqSzKQBzXR1Dd/8AHrN/uN/KgA+2Qf8APaP/AL6FH2uD/ntH/wB9CuaooA6X7XB/z2j/AO+hVPVHW6t1WFhKwbJVDuOMHnisatDRP+Pp/wDcP8xQBU+yT/8APGT/AL4NH2Sf/njJ/wB8GumooA5n7HP/AM8ZP++DXIfFj4P6N8afAmqeEfE1tnTNRiaMyOuDExUgOpPRhk4Ir1Wqmqf8eEv4fzFAH82Px/8Agtrn7PvxS1XwzqcDwvaTFrW4Gdk8fBV0buOcZ9Qa+sf2Sf2iYvHGjweFtcuAmt2ibYJHP/Hwg9+56194/tk/si6N+034JdVVLPxRYoWsbwL948/I3scn8a/ELxZ4T8TfBDx9caZqME+ka5pc+GU5Uhgeo9RQB+slFfPX7Of7UmnfEqxg0bXZo7LxFGoUMxwtzgYyPf8Axr6FoAKKKKACiiigAooooAK6DwfrH9n33kyNiGbj6Gufo6dOKAPYqK5zwn4gGoQLbTNidBgZ/iFdHQAUUUUAFFFFABRRRQAUUUUAFFFFABRRXn3xY+O3g/4M6XJd+ItUiin2kx2SMDNIfQCgDvLq6isbaW4uJUggiXdJLIcKg9Se1fBn7WX7d0YhvPCXw+ud+4GK71Zf1EZH4cg+teI/tGftqeKPjRNLpmmu2ieHMkLawNh5fQsev4A45rmP2bP2UPG37TXiqLT/AA/ZOtgsgF5qkwIht16kk468+negDiPhr8NPE/xs8bW2iaDZXGr6teyDO0M5GerseeAMnPtX7hfsd/sa6T+zH4OjBtvtviu8QG+vzHkqccoh7AZIyOtd5+y/+yJ4L/Zh8Kw2Oi2q3usMgF1q9wg86Zu5/wBn8MV7pQBzP2Sf/njJ/wB8GtfTp44bNEeRUcEgqzAEcmr9c/qv/H9J+H8hQBtfa4P+e0f/AH0KPtcH/PaP/voVzVFAHS/a4P8AntH/AN9CsD7JP/zxk/74NQ11VAHNfZJ/+eMn/fBo+yT/APPGT/vg101FAHM/ZJ/+eMn/AHwa27W6hW1iBljBCDI3D0q3XNXn/H1N/vn+dAG/9rg/57R/99Cj7XB/z2j/AO+hXNUUAdFcXEUlvIqyozMpAUMCScVhfZJ/+eMn/fBotf8Aj6h/31/nXTUAcz9kn/54yf8AfBo+yT/88ZP++DXTUUAcy1rMoJMUgA6kqa6D7XB/z2j/AO+hU1crQB0n2uD/AJ7R/wDfQo+1wf8APaP/AL6Fc1RQBvX80c9pIkbrI5xhVOSeR2rG+yT/APPGT/vg1Lpf/H9F+P8AI10NAHM/ZJ/+eMn/AHwaPsk//PGT/vg101FAHOQwSQzRO8bIocEsykAc1u/a4P8AntH/AN9Cluv+PWb/AHG/lXM0AdL9sg/57R/99Cj7XB/z2j/76Fc1RQBtao63NuqwsJW3Z2ocnGD6VlfZJ/8AnjJ/3wat6L/x9N/uH+YrboA5n7JP/wA8ZP8Avg0fZJ/+eMn/AHwa6aigDAsY3t7yJ5UaJMn5nGB0NbP2uD/ntH/30Ki1T/jxl/D+Yrn6AOl+1wf89o/++hR9rg/57R/99CuaooA1tW/0ryvJ/fbc58v5sdPSs77JP/zxk/74NaGhf8tv+A/1rWoA5n7JP/zxk/74NH2Sf/njJ/3wa6aigDE0tTa3RMw8oFDgyfL3HrWr9sg/57R/99Cqutf8eq/74/kaxKAOl+1wf89o/wDvoUVzVFAHV0UUUAc/qn/H/L+H8hVSreqf8f8AL+H8hVSgAooooA6uiiigAooooA5m7/4+pv8Afb+dRVLd/wDH1N/vt/OoqACpbT/j6h/31/nUVS2f/H1D/vr/ADoA6aiiigAooooA5SiiigAq3pf/AB/xfj/I1Uq3pf8Ax/xfj/I0AdBRRRQAVDd/8es3+438qmqG7/49Zv8Acb+VAHNUUUUAFaGif8fT/wC4f5is+tDRP+Pp/wDcP8xQBt0UUUAFVNU/48Jfw/mKt1U1T/jwl/D+YoA5+vl79tL9ivRf2mPDL31gkOm+M7NCba+2/wCvA58t/Udce5r6hooA/m4+IXwz8VfBfxZNpeu2FzpGp2snDMCASD95WHB/A17f8Gv22NW8LxwaZ4sifV7BcKt0D++Qfyx+FfsV8bv2c/A37QOh/wBn+LtIju3QEQXkYCzw5/uPg47flX5g/Hz/AIJS+PfArX2reCJI/FOiRbpDCpCXES84XaSTIcegoA9x8EfGXwh8QbVJtI1m3kdhzBI2x1Ppziu1Vg65U7h6qcivyI1Xw34i8A6qItR0/UNC1CM8LdwPbuMdxuArvvBv7U3xE8GLHHBrUl7bqceXe7pVx6daAP06or438J/8FAFVY4/EWgbz/FNaOFH/AHzg1654X/a++HPiYqn9oy6fKeq3ETAD8SAKAPbKK5/SPiD4Z11Q1jr+nT57fakB/LNbsc0cwzFLHMPWNw38qAH0UbW/uN+VFADoZngkWSNirqcgiu88P+LI75VguiI5+zHo1cBRnvmgD2POeR0orzvSPGF1p+I5T9ohHZjyPxrsNN8SWOpAbJRG/wDdc4oA1KKMg85zS4J6An6CgBKKVgVGWUqPVhgVlap4q0TRI2fUNa02yVevnXcan8iaANSivFvGn7YXwr8EK5ufEaXsi/8ALOxQzZ/Fc14D46/4KdaVCskPhPw5JO+Dtubx/l+u0qP50AfczMI13MQq92Y4H5mvNfiR+0X4C+Flq8mta/beeo4tbdvMdj6fLkD8a/Mj4iftofFH4iebFPrz6ZZsceRp26Fcehwea8q0fwt4k+IGqsmmadqGu38jfN9lgedsnuSoOKAPrf4zf8FINb19Z9O8D2P9i2rZX7bKczEeoIOP0r5MuLrxN8TvEHmTyX2u6pcv2UyOxJ9AOK+xvgT/AMEpvH/jprbUvGNzB4W0l9sgiJEs0q9xgMCh+or9JvgX+yD8Nf2f7eJvDmhxvqig51S8CyXJyOQHwDj2oA/Pn9ln/gljrnjKS01/4lO+haOQHXSlINxMDyCSMqFI7cHkV+tvww+Gfhr4VeEbDQ/C+k2+k6dBEqrFAuM8ZJJ9Sc0+uls/+PWH/cH8qAJqKKKACuf1X/j+k/D+QroK5/Vf+P6T8P5CgCpRRRQAV1VcrXVUALRRRQAVzV5/x9zf75/nXS1zV5/x9zf77fzoAhooooAltf8Aj6h/31/nXTVzNr/x9Q/76/zrpqACiiigArlDXV1yh70AFFFFAFrS/wDj+i/H+Rroa57S/wDj+i/H+RroaACiiigCK6/49Zv9xv5VzNdNdf8AHrN/uN/KuZoAKKKKANDRf+Ppv9w/zFbdYmi/8fbf7h/mK26ACiiigCpqn/HjL+H8xXP10Gqf8eMv4fzFc/QAUUUUAauhf8tv+A/1rWrJ0L/lv/wH+ta1ABRRRQBn61/x6r/vj+RrErb1r/j1X/fH8jWJQAUUUUAdXRXKUUAW9U/4/wCX8P5CqldBpf8Ax4xfj/M1boA5SiurooARWDKCDkHkEUtcpRQB1dFcpRQBLd/8fU3++386irpbT/j1h/3F/lU1AHKVLasFuYSTgB1J/OumqG8/49Zv9xv5UATUVylFAHV0VylFABRXV0UAcpVrS2C30WTjqP0NdDVTVP8Ajwl/D+YoAt0VylFAHV1Dd/8AHrN/uN/KuaqW0/4+of8AfX+dAEVFdXRQBylX9FYC7YE4yhA/MVuVn61/x6p/vj+RoA0KK5SkZgoySAB3NAHWVU1T/jwl/D+YrzbxV8UvCXgm1e41zxBY6bCvLNLKOPyzXk9z/wAFBvgNod5k/EHTboxkgrCWJzg+q0AfQNFfO/8Aw88+A/mbf+EoTH97HFb2j/8ABRb4AasVDfEPTbNm4Czlwf0WgD2qtXQmGZhnng4/OsHwf8ZvA/j62S48P+KNO1OFhlWimxn88Vua1IsiwMjB1O7BU5HagDnfiF8DvAvxTs5oPEvhjTdSaVdpuJLVPOA9pMbh+dfHfxO/4I6/C7xR5knhXVdR8KTMd2CWu1J9MO4xX2nRQB+QHxI/4I8/FXQrt38LX2l6/Yrn5rifyJT/AMACt/OvnTxh+xT8ZvA1zKmp+AdZaGPrcWtq8sX/AH1gV/QVV3SYY7i4dZY1kXYfldQR1FAH8x19Yav4VvWt5xd6XcqeUctEwrT0v4oeLdDYG18RaiuOg+1Ow/nX9KWufCvwf4kiePUfDOl3SuMMWtI8n8QM1+aP/BVr9kvwj4A+HeieNPBfh+HSGhu2j1JoC2GVtqx8E4HzE0AfH3wt+LHxr8bfaU8NagdSNoA0kcqb2wc+oPpXoY+MP7Q2icXXhlrtV7rZD+e2vKP2NfFreG/i9b2bybLe/iaAjOMscBf51+iB7g8/XmkB8h3P7WfxY0W3kl1HwMUijGXkeHYAPU/JWJH/AMFCNf8A4/DVm30mx/7LX1R8WrMXXwy8TIsUZb7GT9wZ6j2r8tNA0h9f1zTtOjcRvd3MVsrN0BdwoP60wPqf/h4RrXbwxa/9/wA//E1C/wDwUI8R5zF4ds4z2bzv/sa9t0D/AII965qNja3Vx4xtY0miWTEYJIyAe6V1uh/8EYRfb/tXjqaPbj/Uxqf5rQB81R/8FIfiHbqVtrSxjXHG9VfH5rWFrP8AwUE+L2rZEWo2lop/542kf+Ffbtp/wRL8KPj7X8Q9aB/6ZW8P9Vrt/DP/AARz+FOi7Pt2t6trO3r9oREz/wB84oA/KnxF+038TfEyt9t8VX8Ybr5ErRD/AMdNcFfeJNd1yTbeaxfX7ucbZbp5CfwJr96fDv8AwTT+AOgtHIfBUV5On/LSa4m5/DfivRdL+Afw98FzG30jwjpdtEmNoa3WQjgd2zQB+BHhH9mX4nePoopNA8Ea5qcchGJobNmj+pYV9JfDP/gkj8Y/F1zbTa5Hp/h3TX5dpJy06/8AbMqP51+yFnplnpybLS1gtUHRYYwg/QVZoA+J/hX/AMEdPhp4WaOfxdrGoeK5wQ/lrutUU+nyOcj619a+Gvg34L+F0NvaeGfDenaWscQUTQ2yLK3J+84GT+Jro62tE/49X/3/AOgoAxaK6uigDlK6SzYNaQkHI2AfpU9c1ef8fc3++f50AdLRXKUUAdXXP6r/AMf0n4fyFVK6DSv+PGP8f5mgDn6K6uigDlK6pWDKCDkEZBFLXKUAdXRXKUUAdXXNXn/H3N/vt/Ooa6Wz/wCPWH/cX+VAHNUV1dFAHM2zBbiIk4AYZP4101RXX/HrN/uN/KuZoA6uiuUooA6uuUPeiuqoA5WiurooA57TWC30RJxyev0NdDVTVP8Ajxl/D+Yrn6AOrorlKKAOmuv+PWb/AHG/lXM1La/8fUP++v8AOumoA5SiurooAw9FYC7OTjKkD8xW5WfrX/Hqv++P5GsSgDq6K5SigDoNU/48Zfw/mK5+rWl/8f0X4/yNdDQBylFdXRQBkaGw3TDPJA4/OtesrXf+WP8AwL+lZNAHV0VylFAG3rX/AB6r/vj+RrErQ0X/AI+m/wBw/wAxW3QBylFdXRQBylFFFAHQaX/x4Rfj/M1bqppf/HhF+P8AM1boAKKKKAOUooooAKKKKAOltP8Aj1h/3F/lU1Q2n/HrD/uL/KpqACobv/j1m/3G/lU1Q3f/AB6zf7jfyoA5qiiigAooooA6uiiigAqpqn/HhL+H8xVuqmqf8eEv4fzFAHP0UUUAFS2n/H1D/vr/ADqKpbT/AI+of99f50AdNRRRQAVmeIJUhsRJI6xorZZmOABg8k1T8deOtD+G/hi+8QeItRh0zS7OMySTTOFHAJ2jPVjjgdSa/G79s/8A4KbeJPi9dXHhzwFcTeHvCauVe4jJW5usZAO4YKqeflOc5HpQB9tftFf8FEvhx8C2n061nPijX0O02Vg42ocdS5+U/QGvzi+Mv/BSj4u/E6aSLTtX/wCEU04kgQaVlWdT2cknP4V8u6fpOoeIr0rBG88sjbmbryTySa9K8P8AwbjjVZNUl3N18qM/1rSNOU9jzcXmOGwS/ey17dTzrVNe1rxNfTXV7e3l9czHc7u5Ysfels/C+rXQzFaTc/7OK+gdN8M6ZpSgW1lEhH8RUE/nXe+AvAV54yvgseYLJD+9mxx9B710/V7ayZ8lX4oUf4VPTzPlzSfhP4u1yQx2WlT3Df7OP50/Vvg94z0lS11oV4oXuqbv5V+mHh3w5Y+F7FbaxiEQA+Z/4mPqTWqzMwwzFh6Go9kujPK/1vxHN/DVj8nI7jW/DdzHIst7YTRsGU5ZCCK+ifhD/wAFEvjF8LZ4UfxDJ4j06IbUsdWJeNRx93bj0r608SfDjwz4thaPVdEs7rd/GYl3/nXz98Sv2JtO1FZbnwndtZz9RaXJyrH0DcAVm6bWx72D4pwtdqNZcj/A+6v2cP8AgpJ8PvjVJb6TrLHwp4hciNYbxwY5mxnKsOFHXqe1fXUFxFdQpLDIssTjKuhDKw9QRX81njDwHr/w71ZrTVrKWzmjb5XKna2O6t0P4V9cfsf/APBRzxL8Hbq28P8AjO4n8QeFCwRGkJae1B4yGOcqOPlA9axPsqdSNWKnB3TP2frQ0T/j6f8A3D/MVx/gPx7ofxK8L2XiDw7qEOpaXeIHjmiYHGRna2OjDPIPIrsNE/4+n/3D/MUGht14t+2L8L7f4u/s6+MdBuE37bN7xBjJ3wgyKB+KivaagvbWO/s57aZd0U0bRuvqpGCPyNAH8wHhHVpfB/jTTL9t0MtjdI7qeCCrcj9K/VzRdQTVtHsb2M7kuII5M/VQT+tfnP8Atd/De5+F/wC0J400WdBEhv5buBAMYildmT9MV9k/st+Lf+Et+DukyO26e0zBJz05OP0FJgep+JtN+1/DbxlMRkR6e2PrkV+T3w/kMfjbw+4OCuo2pH/f1a/YnXtN8n4L+KGI+aeykb8Mf/Wr8cvA7bfGGhn0v7f/ANGrTA/pH8GyGbwjortyWsoSf++BXXaF/wAtv+A/1rjPATbvBGgH1sIP/Ra12ehf8tv+A/1oA1qKKKACuf1X/j+k/D+QroK5/Vf+P6T8P5CgCpRRRQAVtaJ/x6v/AL/9BWLW1on/AB6v/v8A9BQBo0UUUAFc1ef8fc3++f510tc1ef8AH3N/vt/OgCGiikZlRSWOFHc0ALXQaV/x4x/j/M151rHxM8JeHc/2p4n0jTiOv2q9jj/mwqvZ/tNfCm1tUjk+IPhwMuc41SA9z/tUAesUV5nb/tMfCm6kCJ8QvDe4/wB7VIB/7NXXaJ488NeJVB0nX9M1MHp9ku45f/QSaAN6uUNdXXKGgAooooAK6Wz/AOPWH/cH8q5quls/+PWH/cH8qAJqKKKAIrr/AI9Zv9xv5VzNdNdf8es3+438q5mgAooooAK6quVrqqAFooooAqap/wAeMv4fzFc/XQap/wAeMv4fzFc/QAUUUUAS2v8Ax9Q/76/zrpq5m1/4+of99f5101ABRRRQBn61/wAeq/74/kaxK29a/wCPVf8AfH8jWJQAUUUUAWtL/wCP6L8f5GuhrntL/wCP6L8f5GuhoAKKKKAMrXf+WP8AwL+lZNa2u/8ALH/gX9KyaACiiigDQ0X/AI+m/wBw/wAxW3WJov8Ax9N/uH+YrboAKKKKAOf/ALLuv+eX/jw/xo/su6/55f8Ajw/xroKKAM6zvIrO3WGZtki5yu0+pqb+1LX/AJ6/+On/AArK1T/j/l/D+QqpQB0H9qWv/PX/AMdP+FH9qWv/AD1/8dP+Fc/RQBb/ALLuv+eX/jw/xo/su6/55f8Ajw/xroKKAOf/ALLuv+eX/jw/xo/su6/55f8Ajw/xroKKAKMGoW8MMcbvtdVClSp4IH0p/wDalr/z1/8AHT/hWJef8fU3++386ioA6D+1LX/nr/46f8KZNqEE8LxpJud1KqNp5JHFYVS2n/H1D/vr/OgCb+y7r/nl/wCPD/Gj+y7r/nl/48P8a6CigDn/AOy7r/nl/wCPD/GkbS7lQSYuBz1B/rXQ0UAVP7Utf+ev/jp/wo/tS1/56/8Ajp/wrn6KAOg/tS1/56/+On/Corq6ivbdoYW3ytjC4I6HPesSrel/8f8AF+P8jQAf2Xdf88v/AB4f40f2Xdf88v8Ax4f410FFAHP/ANl3X/PL/wAeH+NLHYz28iSyR4RGDMcg4Gfat+obv/j1m/3G/lQBF/alr/z1/wDHT/hWD45+JXh74deFNR8Ra7qEdlpljEZZZpMgcdBz3JwB9ahuLiO1gkmmcRxRqWZmOAAO9fjN/wAFFP2zp/jJ4uuPBnhm7dPCWlSmN5Y2wt5IOrf7vT05FAHB/trftueJP2ofFtxawXEun+CLSZhp+nodnmrniSUDqSAODnGOK8M8E/D+68UTLPNuhsVPzSHqfYU/4feB5PE14J7gFLKM5Zv73sK90tbWKzt0hhQRxoMBVFdVGlzay2Pkc4zn6rehQ+Pr5f8ABKmj6HZaFarBaQrGB1bHzH6mtCirGn2Mup30NrApeWVgoAr0EklZH5rUqSqSc5u7ZteCPBtz4y1hLaEYgXBmk/ur/j1r6c0PQ7Xw/psVlaRiOKMY6csfU1meBvCMHg/RIrVFBuGG6aTuWro6wlK55dWpzuy2EoooqDAKKKKAOd8b+AdF+IOjy6drNlHcxOMLJtHmJ7hutfBHx4/Z91T4R6k1zAHu9BlbEN2B0/2W9D071+jNZviLw7YeKtHudN1K3S5tJ0KMrjOM9x7is5QUj6LKc4rZbUSveD3X+R8dfsSftlaz+zX4yhsr24ku/Bl9IqXtm7ZEOT/rY89CMkkDGeM1+l1x/wAFTPgR4cmLvq2pXoaPP+h2qSdcHH36/H347/B27+Evi2S2w0mmzkvaz9ivXb9RkVV0X9nz4g+ILaG5s/DV3LbTKGSYbdrA9+tcjVtGftOHr08TTVWm7pn663X/AAWK+Ca7vs1r4kmI6btOUD/0ZXMax/wWY8BQhv7N8N6pcn+Hz4vLz+RNfm3p/wCx/wDEq8AP9jNAP+mhH+Nbtr+w38QbjBd7O2/66M39BSOgz/2zP2iNO/aY+LknjGy0X+xnktooJI95O/YuAea9L/YD8WI11rPhqedU84i4iDnAGAAf51z1n+wN4rkx9o1rT4/pv/8Aia6HSf2CtYsZPMXxdHayYwWt2ZT+e2gD70+IGvaLa/DfXbP+1LRG+wSIFMgyTtNfiXZ3kun3cNxC22WGRZEb0ZTkH86+21/YZuplIuvHd+4PUCUkH8xTYf8Agn3oi/6zxPeP9ET/AOJoA4/Sf+CnHx30bS7OwtddsFtrWFII1bTYWIVQAMkrzwK2bH/gq58fbNSBrOmuW6k6dCP/AGWulj/YD8Lr9/X9Qb/gCf4Vfh/YM8FrgS6vqbf7qpQBzMf/AAVs+Pa/e1PTH/7cIR/7JWva/wDBX741Q7fOXSp8df3Ea5/JK2F/YJ+H8nDa1rEfuEjob/gnj4Cuh+78YalAf9uOP/4mgC1pn/BZr4l2v/H34Z0i+5/57+X/ACjrds/+C0PiG4vAdQ+HWm7GxuaHUXJ6enl1ycn/AATO0K5U/YPHkjnsJkUfySsTVv8AgmBr0altO8WWE/oJN2f0SgD6V8Kf8FfvAt1Gp8Q+HtS05u4s4vOH6kV654N/4KVfAzxgyr/wkcuik9Tq8aW4H/j5r80tc/4J0fFHSVZrYWeqAdBbs2T+YFeVeJf2Yvid4RaQ3/hG/jiX/loqqy/zoA/ffwJ8ZPA/xOUHwr4q0rXc8YsrpJD+hr0iwmTT42jnPluW3AYJ4wPSv5iEm8ReFneNJNR0uRTz5byRY/IivYPhv+3B8Yvhm1pHp3jC8nsITzZ3Wx0cehYqW/WgD+iD+1LX/nr/AOOn/Cj+1LX/AJ6/+On/AAr8p/hR/wAFhlby7bx74T2DIQXWkNu/4Ewdh+lfbnwn/ar+GPxmt1PhzxTZT3ezfJZyPskj46HIA/I0Ae+f2pa/89f/AB0/4V4f8dv2nvh58AopZ/FuvwW106mWHT4XVrmVc8FYyQTXxt+21/wUoTwfcah4L+GVyk2qRgxXGux4KwP0IjzwWBz1GMivy71jXPEPxE1x7m/u7zWdSuHyWlYuxJ9B2/CgTairs/Qb4xf8Ffddurq7svh94fgsbT/ljqd+cyn6xFSv618h/Eb9sL4tfFCYS6x4xv4jnJXTpGtF/KMitn4efsd+KvFUcV1q7rolo3OJv9YR7AAivf8Awj+x/wCB/D8aG/SbWZl5JuDtXP8AwEitFTkz5vFcQYHCvl5uZ+R8Lan4m1zXm/07VdQ1An/n4upJc/8AfRNV4dC1G4XMdnM49Qma/UDS/hr4U0VFWz8P2cIXp8hY/rmthNH0+MYSwtVHtCv+FX7J9zwKnF8PsUvxPylm0XULX5pLWaL3KkVp6T468T+HVA03xBq2mkdPst/LFj8FYV+o0miabMpEmnWrj3hX/Cuf1v4SeDfEMTJfeHbOTd/EoKn9CKPZdmOnxdD/AJeUn958wfCP/gpB8aPhMLa3i1/+29NjI322poJWcenmsGYV92fs/wD/AAVS8D/ERrbTfHNuPCGrzMEWbeGtPq0jFcflXyd44/Yp8O6wrzaBeyaVPj5YZOY/z5NfL/xI+B/ir4X3R/tGyd7TPyXcIyjf1rOUHE+nwWdYPHe7TlaXZn9G+jSxeItMt9R0yaK+sbhBJDcQyKyOp6EHPSrv9l3X/PL/AMeH+Nfgh+yr+3V49/Zp1yCOG8k1rwy0g+0aReOWXaeCUPUMByBnGQK/bv8AZ9/aO8IftHeDYNd8MXyO+0faLJiPNt3xyrD656elQe4dp/Zd1/zy/wDHh/jWjb6hBDDGjvtdVCkFTwcfSr9c1ef8fU3++386ANr+1LX/AJ6/+On/AAo/tS1/56/+On/CufooA3ZtQt5onjSTc7gqo2nknpWb/Zd1/wA8v/Hh/jUNr/x9Q/76/wA66agDn/7Luv8Anl/48P8AGj+y7r/nl/48P8a6CigDnm0u5VSTF09wa1v7Utf+ev8A46f8Kt1ylAHQf2pa/wDPX/x0/wCFH9qWv/PX/wAdP+Fc/RQBt3V1Fe27QwtvkbouCO+e9Z/9l3X/ADy/8eH+NJpf/H9F+P8AI10NAHP/ANl3X/PL/wAeH+NH9lXX/PL/AMeH+NdBRQBgx2M9vIkskeERgzHIOBn2rT/tS1/56/8Ajp/wqa6/49Zv9xv5VzNAHQf2pa/89f8Ax0/4Uf2pa/8APX/x0/4Vz9FAGxezJqMIitz5jg7iMY4/H61S/su6/wCeX/jw/wAal0X/AI+m/wBw/wAxW3QBz/8AZd1/zy/8eH+NH9l3X/PL/wAeH+NdBRQBh21tLY3CTTpsjU8t1xwfStH+1LX/AJ6/+On/AAo1T/jxl/D+Yrn6AOg/tS1/56/+On/Cj+1LX/nr/wCOn/CufooA1r7/AImWz7N+82Z3dsZ6dfpVT+y7r/nl/wCPD/GrWhf8tv8AgP8AWtagDn/7Luv+eX/jw/xo/su6/wCeX/jw/wAa6CigDGs4202YyXA8tGUqD15yPSr39qWv/PX/AMdP+FRa1/x6r/vj+RrEoA6D+1LX/nr/AOOn/CiufooA6uiiigDn9U/4/wCX8P5CqlW9U/4/5fw/kKqUAFFFFAHV0UUUAFFFFAHM3f8Ax9Tf77fzqKpbv/j6m/32/nUVABUtp/x9Q/76/wA6iqWz/wCPqH/fX+dAHTUUUUAFFFFAHKUUUUAFW9L/AOP+L8f5GqlW9L/4/wCL8f5GgDoKKKKACobv/j1m/wBxv5VNVXVLqKz026nndYoY4mZnY4AGOtAHwb/wUy/aWf4PfCseFtHuvJ8ReIUMYaM/PDBzlwexyAPxr8bPD+j3HifWo4Fy5dsux7DqSa9e/bO+Ntz8cvjtr+rmWRtOt52tLKFycRouFYD2LKT+NQfCfw2NN0f7fKmJ7gfLkcha1pw55WPIzTGrA4Z1Fu9F6nY6TpUGi2EVpbrtjjGPqfWrlFFertofj05yqScpO7YV658B/C4uby41idNyQ/JFkfxdz+RryRVLMAOpOK+qPh3oo0Lwjp9vjEjIHf8A3jUTehy1pcsbHSUUUVgecFFFFABRRRQAUUUUAcB8bPhla/FDwNeaa8am9jUy2smOVcDIH4nFec/sc/E26kg1DwDrchGo6Y7fZvM6lATkfmRX0LyOR1HSvkX46WMvwZ+Omg+ONOUxWV26tcBRxxgEfjjNYVY9T9B4VzBwqPBzej1Xqfam0HtRtHpVfTL+LVNNtb2Bg0NxGsisO+R/jVmuY/UgxRRRQAUUUUAFFFFABRRRQAqkqcg4NaVj4iv9PI2Tsyf3W5FZlFAHfaT4ztrwrHdL5Mh43djXTK6yJ8hVkPpgivG629B8Tz6S6xuTLb91Pb6UAdF4p+F/hLxrC8WueHrDUVYYJmiya+f/AIhf8E8fhz4pV5dGFx4euTyohI8rP0xmvqKzvIdQt1mgcOjfpU1AH5W/FD/gnz8QvAyy3ejiLxFYqS262IVwPoTk/lXzlqWm674T1B4r23vNMukO396jRnj61+8Ckqcg4NcP8RPgr4N+Klm8HiPQ7a8dgQLlUCzL7h8ZoA/Ffwz4evPGniC30+Fx51w/Mkh4GTySa+2Phf4b+Hnwb0+NxKmpa2VHm3ewkg+i8cCmfFr/AIJ5634Tnm1r4b6ibuNMt9gnbbIB6Bs/N+VeAQeNNS8Lao2keLdNn0y9jO0tLEUP1wRXRS5PtHyOfYbG4iFqD9zqlufWF/8AH3TY2P2WxmmPqxAFYd18fr5s+Rp0SD/a5/rXkNreQ30Ky28qyxt0ZTkVNXoKKPy90VF2ktT0tvjxrmflht1/4Cf8aI/jxrgPzQW7j/dP+NeaUU+VC9nHseyab8f/AJlF/p3y92iOK9E8OeO9H8Txj7JdKJe8Uhw3618r1Jb3EtrMs0MjRSqch1OCKlwREqMXsfYlVdS0y01ixls723jubWUbXikGQRXkPgH4zPG0djrjbkPypddx9a9lhmjuIklidZI2GVZTkGsXG25ytSpu58Z/tC/sqnQI5/EHhOJpLAEtNYry0Q9V9v8ACvNP2d/2ifFf7OHxAtdf0G7kjCOFubNiQk6Z5Rh9OPxr9GXVZEZGUMjAqynoQeor4r/aq/Z7HhuaXxVoFuRpsrZuYEH+qY9xjsefpXNUp21R+k5DnzqNYXFPXo/0Z+2f7OP7Qnh39o74dWXiXQp0MjKFu7Xd88EuOQR9Qce1dhef8fc3++f51+BX7En7VmpfswfFS1v3uJn8M3ziLVLJSSrJkfOF/vDGM+5r94dD8SWHjDSbXWtLuI7vT75POhmiYMrKfQiuc/Qy9RRRQBLa/wDH1D/vr/OumrmbX/j6h/31/nXTUAFFFFABXKGurrlD3oAKKKKALWl/8f0X4/yNdDXPaX/x/Rfj/I10NABRRRQBFdf8es3+438q5mumuv8Aj1m/3G/lXM0AFFFFAGhov/H03+4f5itusTRf+Ppv9w/zFbdABRRRQBU1T/jxl/D+Yrn66DVP+PGX8P5iufoAKKKKANXQv+W3/Af61rVk6F/y2/4D/WtagAooooAz9a/49V/3x/I1iVt61/x6r/vj+RrEoAKKKKAOl+1wf89o/wDvoUfa4P8AntH/AN9CuaooAu6hDJPdu8SNIhxhlGQeB3qv9kn/AOeMn/fBrb0v/jwi/H+Zq3QBzP2Sf/njJ/3waPsk/wDzxk/74NdNRQBCt5AwBE0fPqwFH2uD/ntH/wB9CuaooA6X7XB/z2j/AO+hR9rg/wCe0f8A30K5qigCzcW8slxKyxOysxIZVJBGetR/ZJ/+eMn/AHwa6C0/49Yf9xf5VNQBzP2Sf/njJ/3wafBBLDPHI8UiorBmYoeADXR1Dd/8es3+438qAD7XB/z2j/76FH2uD/ntH/30K5qigDpftcH/AD2j/wC+hR9rg/57R/8AfQrmqKAJfsk//PGT/vg0fZJ/+eMn/fBrpqKAOZ+yT/8APGT/AL4NWLGN7e6jklRo0HVmUgDIxW9VTVP+PCX8P5igCX7XB/z2j/76FH2uD/ntH/30K5qigDpftcH/AD2j/wC+hXzd/wAFCPi7F8K/2XfFd3DchLzUo/7Lt2jf5leVWAYY9MV7ZX5k/wDBY74g3FtD4M8IwSZtrlZby4TPRo2XZ+jGgD80NDsZPEHiCCElneaTLMec5OSa+kLW3S1t44YxhI12gV478G9NFxrU90wyIUyPrkV7PXoYeNo3PzTiTEOpiI0VtFfiwooorrPjzT8M2P8AaXiDT7br5koFfXEcYijVFGFUYFfMXwptRdeOtMB5Cvu/nX0/WM9zixD1SCiiisjkCiiigAooooAKKKKACvHP2rPCK+J/hHqMoTdcaeRcoQOcAHI/WvY6yvFWlprXhvVLCQZS4t2jIPvSkrqx24Ks8PiIVV0aON/ZR8YN4s+DulLK++40/wD0WTJ57n+texV8n/sJ6g1ufGWiSN/qJzMqntyq1794p+MXgzwXffY9Z8QWtld94WLFh9cA1wH9CRfNFM7KiuZ0D4neE/FGP7L8QWV2x6KrkH9QK6VXVgCrBh6qc/yoKFooooAKKKKACiiigAooooAKKKKANfw7r0mjXQySbdj86/1r0uGZLiFJIzuRhkGvHa7TwNrJbdYyt7x5/lQB2NFFFAB+n0rzz4tfAXwd8ZtJez8QaXE05GEvYVCTIfXIwT+Jr0OigD8ufjF+yp47/Z6u5tW0Iy+IPCqnJlUEtGv+2vRfzrk/Cnjqx8TxqisIbvHzQsf5V+t1xaw3kLwzxJNE42tHIMqR6EV8b/tLfsJ2viJrnxR8PAulaymZZNNjyEmPUlevJ9yBW9Oq4eh4WYZRQxybtaff/M+fqK4fRfF19ouqPoHim2k07UoWMZaZccg45/8ArV26sGUFTkHkEV6MZqauj8vxmDrYKp7OqhaKKKs4Qr0L4a/E2fwzcJY3ztNp0hxljkx+4rz2ik1cUoqSsz7Et7iK7gjmgkEsUg3K69CKh1TS7XWtPuLG9iWa1uEMckbDIIIwa8Y+DvxAaxuF0W/k/wBHk/1MjH7p9P5V7jXNJWOBqVOV0fmz8fPhRc/CrxtNbBS2nXBMtrJ2KnqPwJx+Fffv/BKP9qKTUI5vhV4gvQ8sY8zRjIfmYcZhHrjDtXJftH/DGP4jfDy8EUQbU7FTPbtjk4z8v45/SvhD4ZeN9S+FfxF0bxDp1xJZ32mXayB4+oAOHHPqpIrinHlZ+0ZFmP8AaGFXN8UdH/mf0pfZJ/8AnjJ/3waPsk//ADxk/wC+DVb4R/Eay+LXw28PeL9O4tNXtEukXuoYZwfeuvrM+jOdhglimjd4pFRWBJ2HgA1ufa4P+e0f/fQpbr/j1m/3G/lXM0AdL9rg/wCe0f8A30KPtcH/AD2j/wC+hXNUUAdL9rg/57R/99CsD7JP/wA8ZP8Avg1DXVUAc19kn/54yf8AfBo+yT/88ZP++DXTUUAYNjG9vdJJKjxoDyzKQBkYrY+1wf8APaP/AL7FRap/x4y/h/MVz9AHS/a4P+e0f/fQo+1wf89o/wDvoVzVFAHRXFxFJbyKsqMzKQFDAknFYX2Sf/njJ/3waLX/AI+of99f5101AHM/ZJ/+eMn/AHwaPsk//PGT/vg101FAGLpim1uC0ytEpUqGcEDPHf8ACtT7XB/z2j/76FVda/49V/3x/I1iUAdL9rg/57R/99Cj7XB/z2j/AO+hXNUUAb1/NHPaSJG6yOcYVTknkdqxvsk//PGT/vg1Lpf/AB/Rfj/I10NAHM/ZJ/8AnjJ/3waPsk//ADxk/wC+DXTUUAZOlH7K0gm/c7gMbxjOM+v1rQ+1wf8APaP/AL6FUNd/5Yf8C/pWTQB0v2yD/ntH/wB9Cj7XB/z2j/76Fc1RQBtao63NuqwsJW3Z2ocnGD6VlfZJ/wDnjJ/3wat6L/x9N/uH+YrboA5n7JP/AM8ZP++DRXTUUAcpRRRQB0Gl/wDHhF+P8zVuqml/8eEX4/zNW6ACiiigDlKKKKACiiigDpbT/j1h/wBxf5VNUNp/x6w/7i/yqagAqG7/AOPWb/cb+VTVDd/8es3+438qAOaooooAKKKKAOrooooAKqap/wAeEv4fzFW6qap/x4S/h/MUAc/RRRQAV+K3/BWDxNJqn7UNxpZOYdO0+3Cf9tIlY/yr9qa/Cf8A4KTXRvv2r/FEh6rDap19I8UAcD8F7MR6Pdz93kA/SvRq4r4SRhfCisP4n/xrta9WkrQR+N5tPnxtRvuFFFFbHkHc/BnH/CdWmfSvpSvmH4T3ItvHemknG5tv6Gvp6sJ7nDiPiCiiiszlCiiigAooooAKKKKACl2hjg9DxSUq/eFA1ufJf7MN0+j/ABi+I9vHxstJHUe+4Gub/Z5+H+g/Gb4ia9qHjUT3sfnqZFRwDlmwTyDXU/svwf2j8fPH0g5ja3dfzYCsn4Eq3g34+eMfDkx8sO7Kin/ZLHNeZUvyux/SmWWkqSn2X5H0x40/4Je+FNUhF/4I8SXejTuokiF03mJyMj7oFeS618Ef2lfgDuksLpvFOjxc/I+9cD/YDbq+9fgT4y/t/wAOf2dcPm8s/lAPUp2/ICvTxkfdJX6HFeMsTVpuzdz6meBo1FdKx+Wvh39tKXR7hbLx34WvtIuAdrTiJo1z/ukZr3Pwb8ZPB3jyFJNJ1y2dmH+qmYRt+TYr6k8cfBvwV8SLd4vEXhyw1EsMea8C+aPo2M18q/En/gmD4U1SaW+8Dazd+Gr/ADuWORjIufQHIxXZDGQfxaHmVMtqR1g7ndKQy7lIZf7ynI/OivlrWfhP+0r+z27Pbq3ivR4uR5RN0xUf7IzipvDP7a9nZ3S2HjjQLvQb4HazBD191wMV2xnGfws8ydKdN2kj6forlfCXxS8K+OIUfR9btblmGfKaRVk/75zmuqb5cZGPTNWZBRRRQAUUUUAFWLC6ayvIZ0OCjZqvRQB7FBMtxCkq8qwyKfWN4PuDdaJAPvMny8UzxN468O+Dbdptb1ux0xVGSLidUb8iaANyjNfOPjP9vj4U+E3eKLULnV5l6C1iJQ/8CBNeUa1/wUmnvGK+GPA1xeDoryOW/HGygaTex9y0u0+h/Kvz1uP21vjjr2f7L8IJZoem+x3frtqTRPi9+1V44u3g0rTbcOo3FfsWMCpcordmipVHtE+kf2lP2UtB+PWjy3CRLp3imJP9G1EL97jhX9R09Olfnh/xPvhP4tuPB/i+3kt5oX8uKWQHaR2IPcfSvprd+2O3P2K2+nkV5j8YPgt+0f8AF57OfxV4XW9ubP8A1c9rbFZMc8EgZI5ohXjF3UjjxmW/XKTp1Yf8AyMjrnIpc1it8MPjb4btY4rjwRqUyRrtytm7H/0Gse41Xx5o+f7T8FapAF6l7R0/9lr0o4qlLqfmtThrMKbdo3Oyorz8/FqCzk8u/wBNuLR+4YEH+Vadn8UNBvMfv2iP+2uK2VWEtmeZUynG0vips6+ORoZFdDtdTuB9CK+mPhl4sHirw5E0jZu7fEco7nHAP6V8qWviLTb3Hk3sLZ7bwDXpfwb8Sf2T4qih8zNtdjyzg8bug/nTlaS0PHr0ZxVpRaZ9HEAggjI7ivzd/aN8EjwP8VNVt4k2W0z+dCAP4T/9fNfpFxXxv+3Zo6x65oGpKuGlg8tj68sa46i9257nC+IdPG+z6SR+h/8AwSI+JDeKP2dZfD11P515ot9IiLnlYCECD9DX3ZX5Gf8ABEvWpo/HnxF015CYZLC1kROwbfJk/oK/XOuQ/YCK6/49Zv8Acb+VczXTXX/HrN/uN/KuZoAKKKKACuqrla6qgBaKKKAKmqf8eMv4fzFc/XQap/x4y/h/MVz9ABRRRQBLa/8AH1D/AL6/zrpq5m1/4+of99f5101ABRRRQBn61/x6r/vj+RrErb1r/j1X/fH8jWJQAUUUUAWtL/4/ovx/ka6Gue0v/j/i/H+RroaACiiigDK13/lj/wAC/pWTWtrv/LH/AIF/SsmgAooooA0NF/4+m/3D/MVt1iaL/wAfbf7h/mK26ACiiigDE/sSf+/H+Z/wo/sWf+/H+Z/wrbooAy4b5NPjFvKrF0znbgjk59fepP7bg/uSfkP8az9U/wCP+X8P5CqlAG3/AG3B/ck/If40f23B/ck/If41iUUAaH9iT/34/wAz/hR/Yk/9+P8AM/4Vt0UAYn9iT/34/wAz/hR/Yk/9+P8AM/4Vt0UAZseqRW8axOkm+MBTgDqOPWnf23B/ck/If41k3n/H1N/vt/OoqANv+24P7kn5D/GmvqkV0rQqrhpBsBYDGTx61jVLaf8AH1D/AL6/zoAt/wBiz/34/wAz/hR/Yk/9+P8AM/4Vt0UAYn9iT/34/wAz/hSNos4BO6M+wJ/wrcooAz/7bg/uSfkP8aP7bg/uSfkP8axKKANv+24P7kn5D/GmS3yajGbeMMrv0LDjjn+lY9W9L/4/4vx/kaAJf7En/vx/mf8ACj+xJ/78f5n/AArbooAxP7En/vx/mf8ACvwe/wCCmWmtpP7W3ii3b7xt7R/zjBr9/K/EP/gsB4PfR/2nxreCItW06Hb6ExRop/nQB4T8IpQ/hbb/AHXx/Ou3rzP4K3m7T762J5Vg4H4V6ZXq0tYI/Hc4p+zx1ReYUUUVseMafhm+/s3xBp9znHlyg19cRyCSNXHIYZFfGqsVYEdQc19T/DnXBr3hGwn3ZkVNj+zCsqhyYiOzOlooorE4gooooAKKKKACiiigAqrq14un6ZdXLHasMTOTVqvOv2gvEq+FvhLr91u2yyQmCP8A3iM/0pN2Vzpw1J1q0Ka6tHkv7D9udR8T+ONaYcM5iDf8DU1ifHaBvhz+1FpWvoPLtdS2bm7FnYhv0NeqfsV+F20T4UvqMi7ZNVuDPyOq4x/MVk/tyeFDeeBdJ8RQITcaXdZZlHO0lQP1rz3qf0VR/dctuh7x8PfFreE/E1pqCN/ozkCQdih7/lX15aXUd9axXELBopVDqR7jNfnn8KfEi+K/h/o2oBt7NAsT/wC8qgGvrL4A+N/7S02TQ7qTNxb/ADQ7jyy+n614mIp9T7enLmSZ7BRRRXAbCdQQeV7qen5VwXxA+A/gP4nWrweIPDVjdFxgzRRCKT/vpQDXfUVSk46omUYyVpI+EviL/wAEv9KEkl/8PfE95od0PmS1lcqmfTfkmvHdU8O/tJfs6k/2hpMnifRYv+W0SmRNo77yua/U+o5IUmQo6q6nqGAI/I11wxdSO+p59TL6VTVaH5l+C/23PDeoyi08T2M2g3gO12AzGD3ySa958L+N9B8aWyz6Jq1tqMbDP7l8kfWvaviV+zB8Nfitbuuu+GLRrlhxdQqUkB9RggfpXyh47/4Ji6hotxLqXw18aT2U6nclpesR+A2rj8674YyEvi0PJqZdVhrHU9hPBwetFfJl94o/aC/Z9uPs/izw3ca9pcRx9pdQwYeo2HP5103h/wDbe8HX1hO+sWd3o19ChJtpAPnYDoOv612xlGWzPNlCUNJKx9G15L8Tv2mvBfw0WWCa/XUtTXj7HaEMQfRuRivnrxJ8ZPiP+0VqD6V4Ts5dC0BjteZeMjpliSf0rsvh7+y7oPhmRL3XZDr+p/eJmJMat7dDUymonTRwtStqloY0n7TXxj+K9vJpvgvTDoulSMf9IjTdwfViMiqem/sv674quPtnjfxXeXUrnc8CTNKPpyRivou0soLGFYreFIIl4CRqABU9c8qrex7NPAU4ay1PNfDf7O/gfwyqmLShdSD+O4YnP4Emu7svD+l6aoW102zhUcfLAv8AhV+isnJs7404R+FCKoXARFU9AFGK+nvgp4NPhrw2t5OGF7eAOcnlV6gfrXinwo8JHxZ4sgjdc21viWU9uOg/MV9XqqxqFQbUUYA9BXFXn9lG0UO3N/fb/vo0bm/vt/30aKK4ywPzfe+b/e5qrcaXY3YInsLOcf8ATW3R/wCYq1RQFkchrXwg8EeIUZdQ8K6TOG6kWkan8wK8s8WfsH/Bvxduabw19ilb+O1mdcfgCK+gqKtVJR2ZlKjTlvE+GvFn/BKvwdeb5PD3inUdJk6rG8YK/mWNeP8AiD/gnN8XfBt0t14V1611cQtvQGZvM46cbcV+otJj8K6I4urHqefWyvC1lacEflJqPir9oX4T/u/E3gu5vrSLgztBtXA9wK8T/aE+OS/Fyx0mCXSn0u+sWIlU5I6H1+tfuHNbx3ClZUSRT2dAw/WuB8bfs+fDr4hwPHrvhPT7wt/y02FG/wDHSK7I5g7WmjwP9V8HSrKvQjaSPxh/Z5/aS8Yfs0+Lpde8JXEcU1xGsVxFMissqDOAcg4+8elfoL8KP+C0cc8iwePvB/2aFQAbrSHMzt7lW2gUvxF/4JZ+BPEbST+GtXu/D8/JWFwph/8AQSa+Vvih/wAE3fil4DWWfSreLxTaLkh7A4bHuHxXTDE059TWpgq1Ppc/W/4W/t0/B74zRwWmi+Kre31S6G1NPvHVJwTxyoJr2eLSnmQPHNC6nkFWJ/pX8zeseFvE3gXUGj1LTL7S7qLrvRkI/wCBD/GvWfgz+3B8XPgncWyaP4purjS4my2mXjB4XHoTjd+tdKaexxNNaM/oO/sSf+/H+Z/wo/sWf+/H+Z/wr88fgb/wWR8PeIJLXT/iL4fbQrmQ4fUrE5tU9yCxf8hX3n8O/jT4I+LGlxah4U8S2GsW0n3fJkw3/fLYP6UxG22izhSd0ZPoCf8ACrf9tQf3JPyH+NaFcp3NAG3/AG1B/ck/If40f23B/ck/If41iUjMFUliAO5NAGzLfR6hGbeMMrv0LDjjn+lV/wCxJ/78f5n/AArz/wAVfHTwD8MEF94m8VadpdtHnczy7yOD2UE/pXzV8VP+CvXwp8FzPb+HLO+8YSHIW4sdqRA++8qcUAfav9iT/wB+P8z/AIVDc2P2OJpJ7iCJF5LM+AP0r8evif8A8Fhvib4qiurXw3pOneGIGyIrmLe1wo9TlmXNfJnj39pT4nfFK4D+JfGOqauc5CNIEH0+QCgD9yviF+2T8HvhVNIuseOtKlvrc5ewtZg05wegU45/Gvmv4kf8FnfCGmRSDwZ4WvdWmXgNqY8lD75Vmr8nLHw54i8UXJ+y6feXkrHrgnP4tXtHwv8A2E/in8TmVotIOlWh63N4RtH4A5qJTjFXbNo0ak/hR754k/4LKfFDV9x0zQNJ0UdhHKZcf99JWRoX/BX/AOMOn3qy31vpupwjrA4WMH8VTNdN4b/4JJ3rxIde8bW8T4+ZLNGyP++kpvxM/wCCWWm+EfAuta1pXjKa4u9PtmuBFdKNj7R04SsPrVK9kzp+o10rtH2D+yT/AMFFPDf7UFzB4Y1e1j8MeMZPnitS5MFxj+GNjyW74x0Br65/sWf+9H+Z/wAK/mj+Gmval4I+JOh6hpl09tf2WoR+XLGeQd+0/mCa/pp0O8bUNHs7lxteSJWI/Cuo4Cl/Yk/9+P8AM/4Uf2LP/fj/ADP+FbdFAGNHZSadItxJh0U87DzyMd6s/wBtQf3JPyH+NS6p/wAeMv4fzFc/QBt/23B/ck/If40f23B/ck/If41iUUAatx/xOMeT8vl9fM46/TPpUX9iT/34/wAz/hUuhf8ALb/gP9a1qAMT+xJ/78f5n/Cj+xZ/78f5n/CtuigDHhhbSZPNl+ZGG393zz1749Ksf23B/ck/If40a1/x6L/vj+RrEoA2/wC2oP7kn5D/ABorEooA6uiiigDn9U/4/wCX8P5CqlW9U/4/5fw/kKqUAFFFFAHV0UUUAFFFFAHM3n/H1N/vt/Ooqlu/+Pqb/fb+dRUAFS2n/H1D/vr/ADqKpbP/AI+of99f50AdNRRRQAUUUUAcpRRRQAVb0v8A4/4vx/kaqVb0v/j/AIvx/kaAOgooooAK/Mz/AILRfC+XVPCXhHxzGCItLkawlx3MxBGf++DX6Z14n+2R8JR8av2d/F3hyO3Fzfm1e4skP/PwitsP5mgD+f34S6sLDxIIHbCXA2fjn/61e518zMs/h3xA6P8AJc2c7RuB2ZWKn+Rr6L0TVI9Y0u3u4zlZFyfY134eWnKfnXE2GcascQtnoy9RRRXYfEhXq3wK8VCx1KbSJ3xFcfNFk8Bu/wCgrymprO7lsLuK5hYrLEwZSPapaurEyjzKx9j0VzPgHxlB4w0WO4VgLpBtmj7g+tdNXPseW04uzCiiikSFFFFABRRRQAV8sfti+Ipte1Xw94F04+Zc3UokkRefm/hB/A19Ma9rdr4b0e81S8cR21rG0rsT6DOK+XP2dtDuvjN8bNW8f6ihfTtPlIt944LDGzH4CsakrKx9rwvgXiMV7eS92H5n1j4H8OxeE/B+j6PEoVbS3VOPXqf51S+KPhePxl8P9c0qRd5ltnZM/wB5VLD9cV1NIQG4PKng/TvXKfrx8bfsh688Wk6z4Xum/wBJ064JCt16tu/lX054Y8QT+GNctNStyQ0LgkDuPSvk67tW+D/7V09uf3Wn6u24ehMpz/Wvpzjt07Vw1Y6n02Bqc1JLsfbGi6rDrmlW19bsGinQMMdvar1eGfs9+NP9doF1J/t22T/47/Ovc68aceWVj1k7oKKKKzGFFFFABSHHfpTZJEhjaSR1RFG5mY4AHqTXwF+1l+3Fe6xqk3w5+E7td6hMxgu9UhGcHusZH8wexrWnTlUdkYVa0aKuz0n9q79ufQ/hRFc+E/C6p4i8VzgxGOP95DATxzj7x+hr4v8AAP7PGpfEXXJvF/j0iL7bJ55sYhtLEnPPXA56Gu8+D/7Ptt4Rb+3PELf2r4jnPmO8x3iNj9ep969or1IpUlaJxKjKs+et9xS0fRrLQNPisdOto7S0jGFijGBV2iig7kktEFFFFIYUUVp+GtJfXNesbFBkzShT9Ov9KNtQPoX4E+FxovhMX0iYub47zkcheMCvS6gsrOPT7SG2iG2OFQigelT15MpczuahRRRUgFFFFABRRRQAUUUUAFFFFABQvytkcH1oooA53xl8PfDXxCsXtPEmiWeswMMFbqIP+VfKfxZ/4Ji+AfFizXPhK5m8MXzA7Ym+eDP+6oGPzr7OorWFScNYswqUKdX4kfiz8Xv2Dfih8I/NuTpv9uaanS6075yR/uAlq8X8L+NPFnwp8RJqGh6hqHhrWYOBNAWhlX8+e1f0GlQysp+63BXsfrXjXxc/ZG+G3xmtpRrGhw2d8/S+sFELg+p2jmvQp43pNHk1stW9Nnyp+zb/AMFfvEXhnyNJ+KFgfEFiMRrqVr8k8Y/vSZ3F/wAAK+xpP+ChHwRj8Kw6+/ivFrKOIhbuZQfQpjd+lfnT8dP+CZvjPwL5+o+DZl8TaUmW8lfluEHoFGS1fHesaLqXh/UJNP1OzlsbyNtrw3EZR1PuDXpQqRqK8WeLUozpO00fqv8AE7/gsD4W0z7RaeDPDV3q0uD5V/cSCOPPYmNlB/Wvjj4nf8FHvjV8SN0a+Iz4dtiSPK0UNBlewb5jmuC8A/sw+JvHVnDf+fa2+nyAETeaGb8q9w8Kfsd+GNJ8uTVrqbU5l5KqTGv8zRKpGJvTwdWpqlofIN5fa14u1Ka7uGutVvpmy8rBpHY++K7Xwr+z7428X7Gi0x7eFv8AlpckJj8DivuTQfh74d8MIq6bpFrblf4/KUv+eK6HnAGeB27Vi63Y9GnlyXxs+WvCv7Fm3a+vawpHUw2ykH8+a9d8M/s5+B/DzRCDRVv7gcK9yBIxPtxXpH8q9s+BPw4jvAPEOoR7lVsW0bDgnP3vzH61z1Krirs9GnhaUNoifCX4AWtjaw3uqW0dtAQGisYhgY/2q91t7WK1gSGGNY4kGFRRgCpaWvKlNzd2dqSWwlfPv7dXxLi+G/7OviJhMI77VIzYW4zzl1bn9K+g+TgDqeBX5M/8FMPjgvjz4oW/hPTLnzNK0NNsgU/K8zYJ/I7hW2Hp+0qI48ZV9lSb7nz1+zr4DuPip8cvCHh2HLS6hqKgkf7OXJP/AHzX9KtpAtraxRKMKihR+VfkF/wRy+CI8ReP9c+IGoW6yWmjx/ZrNmHK3B2NuH/AGYV+wdfQnx4UUUUAVNU/48Zfw/mK5+ug1T/jxl/D+Yrn6ACiiigDV0L/AJbf8B/rWtWToX/Lb/gP9a1qACiiigDP1r/j1X/fH8jWJW3rX/Hqv++P5GsSgAooooA6D+1LX/nr/wCOn/Cj+1LX/nr/AOOn/CufooA0Lq1lvbhpoV3xNjDZA6DHeov7Luv+eX/jw/xrV0v/AI8Ivx/mat0Ac/8A2Xdf88v/AB4f40f2Xdf88v8Ax4f410FFAFNdVtiAfMx7FTS/2pa/89f/AB0/4Vz9FAHQf2pa/wDPX/x0/wCFH9qWv/PX/wAdP+Fc/RQBdm0+eeV5Ej3I7FlORyDyKb/Zd1/zy/8AHh/jW1af8esP+4v8qmoA5/8Asu6/55f+PD/GnR2NxbyLK8fyRkMcMOg59a3qhu/+PWb/AHG/lQBF/alr/wA9f/HT/hR/alr/AM9f/HT/AIVz9FAHQf2pa/8APX/x0/4Uf2pa/wDPX/x0/wCFc/RQBb/su6/55f8Ajw/xo/su6/55f+PD/GugooA5/wDsu6/55f8Ajw/xqS2tZbGdJ5k2xr1OQcZ4/rW5VTVP+PCX8P5igA/tS1/56/8Ajp/wo/tS1/56/wDjp/wrn6KAOg/tS1/56/8Ajp/wpk1/b3EMkSPud1Kqu08kjHpWFUtp/wAfUP8Avr/OgD8Qv+Cln7Ntz8E/jTPrNnaGHw/4hzdQbANkUnRkJ9SQzV4V8I/Fgt5W0q4fCvzEWPf0r96f2vf2cdM/aX+D+p+HLpI01SJTPp104/1MwBAPHsSPxr+erxl4R1r4ZeML7RdYs5dN1XT5zHLDIMFWBq4ScJXOHG4WOMoSoy6/mfRNFcl4B8axeJtPWKVgt9GMOp/i9662vWjJSV0fjeIw9TC1HSqKzQUUUVRzG54R8WXfhHVo7y2YlM4kj7MtfTPhfxRZeK9NS7s5A3GHj7ofQ18lVr+GvFF/4V1BLuylKkfejJ+Vh6GolG5jUpqevU+tqK5DwP8AEjTvGFuq7xbXoHzQOcZ9xXX1hsee04uzCiiikSFFFeHftEfHqHwBpzaHori88S3g8pY4+fJB4yffrSbSV2dmEwtXGVVRpK7Zw37TfxFvPG3iCy+GvhdjcXFxKq3bxH+LIAXjsOc19JfCP4dWnwv8D2GiWyjzEQPO+OWkPJ/IkivJ/wBln4DzeErV/F/iRfP8R6gC6rLy0Ktzn6nP6V9F1xSlzO5+6ZdgYZfh40YfN92FFFFSemfKX7cnheS2tNA8Z2ikT2EwjkZfqNv8q9M8CeII/FHhHSdSibcJoFyR/eAwf1FdV8a/CC+OPhjr2lbA8rW7SxcfxqpxXzt+yR4me48L6n4euWP2nS7gqqt125Of1rCstLnq5fU5ZuHc+itF1abQ9Utb6BiskLhhj07/AKV9i+Gdfh8T6HaalAQUnQMR6HuK+La9o/Z78Z/ZbybQLmTEMg8yDceA3cfoK8utDmV0fRxdtD36iiivPNQpskiwxvI7BERSzM3AAHJJpSdoyeK+CP26P2sry4v2+FPw8nebVrhhFqF9anO0E4MYP5gn0Na06bqSsjGtVVKPMznv2xP2vtU+I3iCT4WfC6ZpklYw3+pW55Zh8rIpHQAkgnjpWR8Gvgrp/wAMdLE0oF5rc43T3UgyQT1AJ/nTfgn8GbT4Y6MJrgLda5cjfcXLcspPO0fn+len16qSguWJyUqbk/a1d/yCiiipOwKKKKACiiigAr1X9nvQxqHime+dcrZx5H+9kf0NeVV9G/s86T9j8K3F4Vw11LkH2xj+lY1naDGtz1aiiivNNAooooAKKKKACiiigAooooAKKKKACiiigAooooAKKKKACvKPjJ+zH4C+OGmyQ69o0Md4Qdl/aoElQ+p243fjXq9FVGTi7omUIzVpI/LH4nfsm/Ff9mG+m1vwZd3HijwxGdzRrl3RB13rjAGPSrHwv/aN0TxsyafqeNG1rOwwTHCu3Q4J71+ojxrIpVlDKwwVYZB/Cvlv9pD9gvwl8Zo5tV0FY/C/inG5biAERTN/tjk/liu+niFLSp95wSo1KOtF3XY8/wA5AI5B5FFfNa+LviD+zH4k/wCEY+ImmXNzpStshvsZG3+8rA4x9ea9/wDDfijTPFulxahpV5Hd20gyGQ8j2IrpatqjSnWjU02fY39Lsm1LUrS0XkzSqn5nFfZ2i6bHo+k2lnEoVIolXAHfAzXyb8No1m8caSrdPNB/UV9gHqfrXDiHqkdcQoopDxyTgdz6VyFHlv7S3xgtPgj8Idb8RTyql15TW9mpPLTOCF/I4r8O0j1f4leNCIIpdQ1nVrslIk+ZpJHYnA/Ovq3/AIKSftAf8LE+JC+D9LuC+i6GSj7D8sk5OG/Ir+td9/wSV/Zlbx98SJPiRq9qr6N4ecC1Ein57kkFXXsQu1h+Ne7haXs4Xe7PlcfX9rU5Vsj9Kf2Tfgvb/s+fBrw54fMKpOtsGurhVAaSViWy2O4Bx+Fe0f2pa/8APX/x0/4VDrQxZoBwN4/kaxa7TzDoP7Utf+ev/jp/wo/tS1/56/8Ajp/wrn6KANu6uor23aGFt8jdFwR3z3rP/su6/wCeX/jw/wAaTS/+P6L8f5GuhoA5/wDsu6/55f8Ajw/xo/su6/55f+PD/GugooAybHOms/2kGPzPunr0+n1q3/alr/z1/wDHT/hVXXekP/Av6Vk0AdB/alr/AM9f/HT/AIUf2pa/89f/AB0/4Vz9FAGxezJqMIitz5jg7iMY4/H61S/su6/55f8Ajw/xqXRf+Ppv9w/zFbdAHP8A9l3X/PL/AMeH+NFdBRQBylFFFAHQaX/x4Rfj/M1bqppf/HhF+P8AM1boAKKKKAOUooooAKKKKAOltP8Aj1h/3F/lU1Q2n/HrD/uL/KpqACobv/j1m/3G/lU1Q3f/AB6zf7jfyoA5qiiigAooooA6uiiigAqpqn/HhL+H8xVuqmqf8eEv4fzFAHP0UUUAFS2n/H1D/vr/ADqKpbT/AI+of99f50AdNXwX/wAFIP2E1+OGhS+OvBttHH4w0+NnubcAD7dEMnA6fMMk984xivvSkIDAgjIoA/lsR9R8J6wytHNYX1s+14pkKOjDqrKeR9DXtHgv4h2niSFIZ2WC9AwVY4De4r9Uf21P+Cb/AIb+P0N54m8JxxaF412Fm2ALBdsOcMBgBic5bBPNfjN8SvhZ4r+DHiqbRPE2lXOi6nCzALKpXeAcbkJA3KeCD7itadR03oeRmGWUcwhaeklsz3mivFfDHxavNNVIL9ftUA43fxD8e9elaR460fWEUxXaxuf4JSFNehGrGXU/NcXlGKwj96N13R0FFNR1kXKEOPVTmnc+lbHjNNbktvcy2c6TQu0UqHKupwQa9f8AAvxuK+XZ69lj91bpf/Zq8bwfQ1FcXMVqpaaRIl9XbFS0nuS6ftNLH2ZZ3kF9brNbypNEwyGQgipJJFijZ3ZUReSzHAH1Pavi7S/2jIvhzKfsl2b9O9rnKH8e35V0Fg3xk/asuktNF0+Tw/4bc4e5O6NNv+/gbvpXHKcYnpYTh3GYqS05Y92dV8Zv2nI9Lnfw14KRtX8QzHyvNt1LrGT/AHQOp9wa8w/Zt8Pp/wAL+vrL4hWkkniJVMkK3h6TDcSTkcnivt/4A/sh+E/gjCl68a614iYZkv7pAwRv9gHOPqK8C/by8F3Hw9+Jvhj4paYrIJplhu3T1U5Yn6hsVySk5bn6ll2V0Mtp8tJa9WfSPPfrRWV4W8QQeK/DunavbMGhvIVmGOxIBI/WtWpPYCiiigAwG4YZXuPUV8PW9sfg7+1Rd6c37nTtWfC9lO/DE/nX3DXyh+3F4UltovD/AIzs1K3FlIIZHXtkkgn8BUyV1Y1pz5JqR7ZVnTdQl0nULe8gbbLC4cEexziua8D+II/FXhHStViYMtzArHHr0/pW5XntdGfXxd0mj7L8HeJIfFXh601CFsl0AkHo4HP61t185/APxt/ZGsNotw+LW7OY9x4D+n4k16V8dfjFpPwO+HOp+J9UkXMCFbeDPM0uOFH6/lXmSptT5UbOSjHmZ4r+3L+1QPgv4V/4Rrw/MJfGOsJ5UQjOTboeNxA7nBH418ufs9/B6TwtZt4n17dc+JdQHmM8vLRhvX/aOTmuY+E/h3Vvjh8QdS+J/jEvc+dMXtIpeVJ7YB/hA/UV9J16cYqlHlW/U8+nF1p+2nt0CiiikdwUUUUAFFFFABRRRQAj8Kx9Bmvrz4Z6eNN8DaREBgmLcfxJr5FVfMYIOrHFfamgWrW+h2EexgFhXt7Vy4h6JFRL1FRvcQxnDTRqf9psU6ORZv8AVsH/AN05riKuh1FK0bLyyso9xTaQxaKKKACiiigAooooAKKKKACiiigAooooAKKKKACiiigAooooA5P4lfC7w18XPDcuieKNMi1OxcEL5igvEf7yEjg1+avxo/Zn8e/sg65L4l8GzTaz4Kmky8KKXaNf7sig5/4FgCv1Wqvf6fbapZzWl3BHc20ylJIZVDK4PYg10Uq0qfoctbDxq6rR9z8+fgL8cNG8eXmm6jZyC3vbeZDPaSN868jOPUdelfoTa3C3VtDMhysiK4P1Ga/O/wDao/Yh1T4f6pP8RPhKJYvLYz3ekwk5QdSUA6r14xgYr3H9i/8Aax0v4zeGYPDerSrp/jPTwYpbOQgGYKcZX3GBkY6mt60VUj7SBnSrOMvZ1dH+Z9SV4f8Atf8Ax0t/gX8H9S1FZVGrXyNaWMe7DFmGGP4Bs/hXtk0yW8MksjBI41LMx6AAZNfjN+3h+0A/xr+Llza6fceZ4d0djbWiqcq5BOX/ABB/Ss8PS9pPyDGV/Y09N2eJeDfCutfGD4iafo9mJLzWNavFj8zaXO92ALtjsCck1/Rf+zp8GdM+Avwk0HwjpsKxi1gVrhhj55mG6Q/99Fq/P7/gkT+yz5MVx8XNetCHYNa6VHKOg5Dvg+oK4NfqZX0B8gZ+tf8AHqv++P5GsStvWv8Aj1X/AHx/I1iUAFFFFAFrS/8Aj+i/H+Rroa57S/8Aj+i/H+RroaACiiigDK13/lj/AMC/pWTWtrv/ACx/4F/SsmgAooooA0NF/wCPpv8AcP8AMVt1iaL/AMfTf7h/mK26ACiiigDJ/sL/AKb/APjn/wBej+wv+m//AI5/9etaigDJF+dN/wBGMfmFP4t2M559Pej+3f8Aph/4/wD/AFqq6p/x/wAv4fyFVKANX+3f+mH/AI//APWo/t3/AKYf+P8A/wBasqigDV/sL/pv/wCOf/Xo/sL/AKb/APjn/wBetaigDJ/sL/pv/wCOf/Xo/sL/AKb/APjn/wBetaigDJXVjaqITDuMfyEhuuOPSj+3f+mH/j//ANas+8/4+pv99v51FQBq/wBu/wDTD/x//wCtR/a32r9z5W3zPk3bs4zxnpWVUtp/x9Q/76/zoA0P7C/6b/8Ajn/16P7C/wCm/wD45/8AXrWooAyf7C/6b/8Ajn/16G0I4OJsntlf/r1rUUAZP9u/9MP/AB//AOtR/bv/AEw/8f8A/rVlUUAav9u/9MP/AB//AOtR9u/tP/Rtnl7/AOLOcY56fhWVVvS/+P8Ai/H+RoAtf2F/03/8c/8Ar0f2F/03/wDHP/r1rUUAZP8AYX/Tf/xz/wCvQdJNr++Eu8x/Pt24zjnrWtUN3/x6zf7jfyoAz/7d/wCmH/j/AP8AWo/t3/ph/wCP/wD1qyqKANX+3f8Aph/4/wD/AFq82+MvwB8DftIaI+keLNDgnIG9LtRiZCOBhhg9+mccV2laGif8fT/7h/mKAPyS+O//AAR68V+GJbnUPh5qkfiPT1BcWd0Clz14VAoIP4mvh/x98DfH3wpvRb+KPDGpaFPngXEWPyxmv6aKztU8PaZrkLxX+n293GwwVmiDZoA/l/t9e1XTX2pdTIw7En+taK/ELxBCMfbG/ECv6BvGH7C/wO8bXEt1qXw90pryTrcKrBv/AELFeT+JP+CVfwSvI5J4NPubDGMJbsuOvuDVczWzOaWFoTd5QT+R+J0vj7XrhTuvHx3wAK0Ph/ap478aadpOs6vPY2l1J5bTqc4J6DB9TX69Xv8AwSz+EMOiajFbWt1JeSQsIZZGXKPjgjA9f51+PvxA8F6p8I/iFqmgagph1PR7sxNgY+ZTkEe1HM3uxww9GnrCCXyPv/wL+yZ4D8Euk72baxeL/wAtronH1wDivp34byW9vpjafBDHbrD92OJAox+FfPv7PPxIj+Jnwx0y/Mge9gQW9yM87lAGfxOa9d8PakdL1SKbOEJ2t9Kk6D1avM/2jPhnB8WPhHr2iSR75xC1xbnuHT5uPrtxXpasJFVhyCMilIDAgjKngj1HcUAfAv7Ffjia78M6l4P1JiNS0eZgI267STkfhtr6Vr5K+LGkyfs5ftd2+rQKYdB199zY4XMhBf8ALdX1lDKs0McsZ3RyKHUjuCMigB9FFFABXE/Gfwavj34Z67o5XdLJAzQ+zjp/Wu2o47jI9KAPj39kfxO914b1Pw9ct/pGmTHYh6hOB/M17/XzBNbt8F/2qLq1I8rTNYc7ey7SOP8Ax4V9QEbSR6VxVFaR9NgqnPSS7D4bp7GZLiOTyniO8P8A3cd6+ePjp8WNX/a8+LWkeF7N2h8N6OAk2w/KxGNzn3ySPxrpf2lPiR/whHgeSytJMapqQMMSqfmVTwx/UU/9m74ZjwP4NW+vEzq2pfvpXbqFPQfjwalRS997lVG601SW3U9R0XR7XQNLttPsolitrdAiKoxV2iioO9aaIKKKKQwooooAKKK4L4ofGLRPhhp5a7lFzqDj9zZRHLsff0ppN6ImUowXNJncXN1FZwtNPIsMSjLO5wBXkXjb9p7wp4Xke2sHfW71Tjy7UblB9znNQ/Cn9m/4zftq6kl7deZ4T8FFuJp1Koy+ir97OO+MV+iPwH/4J1/Cj4KQQTvo6+I9aQAnUdSAZg3+zjHH1FdMaP8AMeJWzB7Ukfm34d1v4/8AxmmT/hB/At5DaMfluY4twHud1ezad+xf+1p8Q0Rtc8aQaPEQB5ckzRso9PlSv1bsdMtdNiWO1t4reNRgLEgUCrIUDpW3s49jzJYirPeR+WKf8Es/i9cLuvPitIJO/l3khH/oNR3H/BMn47aOpl0b4pLJIvIWa9l/+Jr9U6KOSPYy9pPufkpcfB39tL4Qky2F63ie3i58q1US5A/3lFQ6T/wUI+Ivwzvk0/4r/Dy4s9p2tPGhEn1xkCv1w2j0rn/FPw/8O+NdPlsdb0ez1O1kGGjuIgc/iKzlQpy3R0QxVantI+TfhH+1t8NfjIscej6/Fb6kwydPvCEmHtgZH617KCDgjoa+dvjx/wAEo/BnjB59X+Hd7J4K1tSZI4YifsxYcjgAt+tfN+j/AB4+Nn7FfiKHwx8V9Iu9f8MBtkeoY3EJnAZGBwBjs3NefUwbWsD1qGZKWlVH6NUVxnwv+Lfhj4weG4Na8M6nFfW0igvGrfvIm7qwPNdnXmNNOzPbjJSV0FFFFIYUUUUAFFFFABRRRQAUUUUAFFFQX19b6baS3N1NHb28SlnllYKqgdyTTAnrD8VeNtB8D6e99r+rWuk2ijJkuXwK+Pfjp+3/ADya9L4M+D+lyeJteZ/JOoRozRqxOPlAwQfc8VU+Gn/BN34n/H6+i8UfGvxdeWEUxD/2ajgzhTzjIBXGK7qWElPWWiPKr5hCn7sNWdt4+/4KSfC7wnJJBo7Xnia4U4H2NA0efrkGvMbj/gpL4019j/wivwwku4z91pPMBP619zfC39g34N/Cu3j+w+ELS+vUxm9vV3SMfXg4/SvctP8ACej6XAsNppdnbRr0WOFR/SvQjhKUd1c8mWYV5bOx+UEn7cfx52F5vhErW5HKsHII9DXyd8V/iNr3/C0LPx3ovhCbwDrkT+ZKlor+W0gI+bn1wcjGOa/ob/sq0Ix9nhx/1zX/AArN1jwPoGvW7Qaho9ldxMMFZIV/pW0aMI7I5p4irU+Jn5HfFT/go9YeKP2fH0nSorqz8a30AtbssoCxju6nOecDt3r8+tFuLQa9Yzaosk1j9pja5C/eaPeC4HuRmv3k+Kn/AATd+EPxPvp5m0GPQ5JB/wAfGmja+71+bI/Svgj9oz/gkv41+G9vc6v4Guv+Es0qMFvsvS5jUdyTgHj0pUqcaaaSsOvVlVacnc/R79lH9oL4XeOvhvo2jfD68txBplrHD/ZrSBZ4QFAG8evHqele6/29/wBMP/H/AP61fzNaPr3iv4Q+KkuLK4v/AA7rdnJkMAY5EYH0I55Ffqp+xd/wUk0/4mT2Hg74hSw6b4gcLFbamTthuW6ANknDH1OB1rc5T9EftH9sfudvlbfn3Z3e2P1o/sL/AKb/APjn/wBeoNBkWW43owdGjyGU5BGRW7QBk/2F/wBN/wDxz/69H9hf9N//ABz/AOvWtRQBk/YTpuLgP5uzquNvXj39aP7d/wCmH/j/AP8AWq3qn/HjL+H8xXP0Aav9u/8ATD/x/wD+tR/bv/TD/wAf/wDrVlUUAav/ACGv+mPl/wDAs5/L0o/sL/pv/wCOf/Xo0L/lt/wH+ta1AGT/AGF/03/8c/8Ar0f2F/03/wDHP/r1rUUAZPkHR287PnBvkx9339/Sj+3f+mH/AI//APWqbWv+PVf98fyNYlAGr/bv/TD/AMf/APrUVlUUAdXRRRQBz+qf8f8AL+H8hVSreqf8f8v4fyFVKACiiigDq6KKKACiiigDmbz/AI+pv99v51FUt3/x9Tf77fzqKgAqW0/4+of99f51FUtp/wAfUP8Avr/OgDpqKKKACiiigDlKKKKACrel/wDH/F+P8jVSrel/8f8AF+P8jQB0FFFFABUN3/x6zf7jfyqaobv/AI9Zv9xv5UAc1RRRQAVoaJ/x9P8A7h/mKz60NE/4+n/3D/MUAbdFFFABVTVP+PCX8P5irdVNU/48Jfw/mKAOfr8ov+Ct3wB/sXxLpfxK0y3xbal/ot8I0+7IuW8xiPUsBz6V+rteaftG/CSx+Nnwf8ReFr2LzDcW7PBt4IlT5kwe2WAoA/F79iv4n/8ACI+PH0G8m2WGqjYAx4Egzt/MtX6AmvyO1bTdU+G/ja5srgfZ9W0e8MUiqfuyxtg/qK/Tv4NeP4PiV8PdK1mFw0hiEU47h1G0/ng0Ae/+DdW/tDSxGxzLD8p9x/k1v15j4T1Q6bq0YJ/dy/Iwr0i+vbfTYjJdzx2sY53zNtFAHzV+3x8KW8e/B99Zso86rob+ejqPm8vq/wCiiuc/Zj+If/CwvhXp80r7r2xH2acE8jGQv6CvcPG3xw+GFrpd7puueLtJWC5iaCWNbhGO1hg8Zr4N/Zl8eab4N+Omt+GLDUFu9A1a4f7LMCNpYt8mPwJoA+26KKKACiiigD5W/bi8IyLp/h/xfaJibT5hHNIvUIMkH8zXoXw/8VReLPA+l62XG2a3Ekp9CBlq7n4teEYvHHw713R5EDma3JTjoy/N/Svh7wF8XJfA/wAG/Enh+6k8vU7dzFDGx+YB8IwH0FY1I8yPRwdZUpNPY2rRZPj1+0I0jgyaJpD4wfu/IcY/HFfWccaxoqIMKoCqPQDgV4t+yr4Jbw34BOqXKf6dqknmsx67QTj8wa9rrmm9bI9vDQahzvd6hRRRWZ2BRRRQAUUVzXxE8cWfw98K3msXjACJSIlP8ch+6PzxT3JlJRV2cj8b/jRB8M9MFpZD7V4hulxbW6DcV/2iB+HHevWv2Kv+Cd9347u7f4nfGWJr1roi4sdInOSw7NIDnjg/KQO1c5/wTr/ZVvfjr41l+M3j+3a40q3uT/ZlncLlJnDHBIPG1SuMcg5r9aYYUgiSONVRFAVVUYAA6ACu6EFFHy2JxEq8vIg0vS7XRtPgsrKBLa0gUJFDGMKijsBVqiitDiCiiigAooooAKKKKACuX+Inw18OfFPw1c6D4m0uDVtMuF2tDOgbHH3lz0I9a6iigD8hPjr+zH8Qf2CfGknxE+F1xPqHgeSTddWPLmIHkrIoPzLwecYHFfW/7O/7Q3h79oTwZFq2kSiK/hULe2Dn54X78dxyOcd6+t9Z0ey1/Tbiw1C1ivbO4QpLBOgdHU9QQeDX5GftI/BrxH/wT/8AjZZ/EbwKJ5vAmqXH+lWvJSLOcxsORjjIJ9q48Rh1VV1uelhMXKjLll8J+idFct8MfiLpHxX8E6Z4n0SUS2F9GHUd0bGSp9xkV1NeC007M+qUlJXQUUUUhhRRRQAUUUUAFFFHPYZNAFXU9StdH0+4vr2eO2tLdDJLNIwVUUdyTX53fFD4u+PP24/icfhl8KhPa+FIpNl5fgMiyqDy7twAvoD3FdN+2/8AGbXPiX460v4F/D12uNS1CVYtRa3Y53EZ8vI7bSD+Ffd/7JP7MOhfsy/DWz0axgSTWJkD6hfso8yaQgZGeoXgcZxXr4XDq3PI+fx2Ld/ZQMr9lf8AYs8E/sx6Db/2dZR33iVowLrWJVBkdschDjKr14yetfQ44paK9Q8IKKKKACiiigApMZpaKAPlr9rj9g3wX+0lot3ew2cWkeMQhMGqQqF8xscCTuwz79zX4gfGT4M+KfgD46uvDniayks723cmOUD5Jl7OjdDxjoeM1/TJXzr+2Z+yRon7UHw6urJ4YrfxNaoX07UNoDK+DhWbrtJ/lQB8rf8ABM39u+TxdNb/AA38f6iJNWRPK0nUZjzOowfLkY9W+9znoAMV+mtfzC65o+vfBv4i3FhcGfS9d0W7wSpKPG68gg9eQR+Br96P2Ef2nYf2lvgxY395Mh8TacPs2pxDCkuAP3gH90k/pQB9J0UUUAVNU/48Zfw/mK5+ug1T/jxl/D+Yrn6ACiiigDV0L/lv/wAB/rWtWToX/Lf/AID/AFrWoAKKKKAM/Wv+PVf98fyNYlbetf8AHqv++P5GsSgAooooA2/7bg/uSfkP8aP7bg/uSfkP8axKKANOWxk1GQ3EZVUfoGPPHH9KZ/Yk/wDfj/M/4VoaX/x4Rfj/ADNW6AMT+xJ/78f5n/Cj+xJ/78f5n/CtuigDOXW4cDKSA98AH+tL/bcH9yT8h/jWJRQBt/23B/ck/If40f23B/ck/If41iUUAaL6XLdM0ysgWQ7wGJzg8+lJ/Yk/9+P8z/hWraf8esP+4v8AKpqAMT+xJ/78f5n/AApV0ua1YTExsI/nIBPOOfStqobv/j1m/wBxv5UAVf7ag/uSfkP8aP7bg/uSfkP8axKKANv+24P7kn5D/Gj+24P7kn5D/GsSigDQ/sSf+/H+Z/wo/sSf+/H+Z/wrbooAxP7En/vx/mf8KdHZSaa4uHKsidQpOeePT3rZqpqn/HhL+H8xQBF/bcH9yT8h/jR/bcH9yT8h/jWJRQBt/wBtwf3JPyH+NNfVIrpWhVXDSDYCwGMnj1rGqW0/4+of99f50AW/7Fn/AL8f5n/Cj+xJ/wC/H+Z/wrbooAxP7En/AL8f5n/CnwwvpL+dLtdG+T5Dz69/pWxWfrf/AB6p/vj+RoAP7ag/uSfkP8aP7bg/uSfkP8axKKANv+24P7kn5D/GmS3yajGbeMMrv0LDjjn+lY9W9L/4/wCL8f5GgCX+xJ/78f5n/Cj+xJ/70f5n/CtuigD8VP8AgrH+zm/w5+KFp45sIFTSvECbZlhHypOuNzHjqxf9K+e/2c/2k3+DNjqmn3NlJqVrckPDCv8ADIBx36cmv26/bS+B9v8AHr4AeI9BaIyX8ELXtltA3GaNSyKPqQK/nmhe78GeKcyRBL3TblleOQdHRiCD+INAH1fJ8aPjb8WpPL8L6DJo9k5+WaJAQB6ktXX+Gv2Nfif8UohfeL/H81sGOGihnfePwxivc/hn4ss/G3gXSNYstgiuIAWRBjYwyCP0r0vwTqn2PUTA7fu5hj2zQB4VoH/BOHwPZ7W1rWtU1mTqfMxg/qK8k/a8/Zp0f4B2fhvxp4Es5LOGznCXPzE/PkkMck9gfzr9FK4r4zfD2D4pfDTXfDc6hjeW7CIkfdkxwf50AeXfD/xVB428F6Rrdu4dLuBWOOzDgj9K6Gvln9i/xdcafJ4i8BaoxS70yZngjk6hQQu39Sa+pqACiiigBCobg9Dwfxr84/j78Of7O/aMuNHs1zBqVzHcBF6BXc5H4AV+jpO0Z9Ofyr4m0xh8Qv2wNbvX/eQac0iL3AC7tv61MnZXNqMeeaifRui6bHo2kWVhEu2O2hSIAf7Kgf0q5RnOT680V559ilZWCiiikMKKKKACvnjxto+o/tG/tC+HPhfpO6SyjnVrvZ02hh5pP0AJr3fxBqaaLoV/fOcLbwO/44OP1rQ/4JE/DxvFPjbxp8UtQj8yR2MFpIw5DMXEmPwIrooxu7nk5hV5YKC6n6W/D3wPpvw58G6R4c0mBLey0+3jgVUGASqgFj7kjP410dFFdZ86FFFFABRRRQAUUUUAFFFFABRRRQAVxnxe+GOk/F74e6z4W1m2S4s9QgaP5lyUbqGHocgV2dFAH5Cfsj+JdW/Zd/aF8RfA/wAV3L/2bJMwsJpj8pYZw6+zbQK/Q7pkHqODXyB/wVm+E7+H5/Cfxj0WMxalpt3HFeyRjkorKUz9WY19FfBnx7D8TPhj4d8RxOHa8tIzKQf+WgUb/wBTXjYynyy511PpMtrc0XTfQ7WiiivNPZCiiigAooooAK4T44fEuD4Q/CvxB4qmZQ9lbsYFP8Uu0lR+ld3Xwv8A8FPvF93c6D4S+H1g5+1a1c+a0a9WKkBR/wCP1tRh7Saic+IqeypOR0v/AASt+CM3inVPEXxs8TxG51DUbh0055hkhS2S49wVK1+mFedfs9/D+1+GPwb8KeHbRBHHa2MbMqjHzMN7fqxr0WvpFpofFt3d2FFFFMQUUUUAFFFFABRRRQAUdaKKAPyx/wCCvX7MsP2Ww+Keg2Sxup8jVhEvUckSt/46tfMP/BNX9oJvgj+0BY217c+VoWvAWN2pbjdz5eB6l2Ffth8dPh/Z/FD4TeKPDV6iyQ31k6YYZ+YfMP1UV/N1eWl/8PfHDwyL5WoaTeq2OmHjcMP5UAf05jXIDyFkx9B/jS/23B/ck/If415F+z943PxE+DPhHX3lE1xeadA87A/8tNilv1NehUAbEt9HqEZt4wyu/QsOOOf6VX/sSf8Avx/mf8Kh0v8A4/ovx/ka6GgDE/sSf+/H+Z/wo/sSf+/H+Z/wrbooAyYM6Ox875xJ02HOMfX61N/bUH9yT8h/jUWu9If+Bf0rJoA2/wC24P7kn5D/ABo/tuD+5J+Q/wAaxKKANeaddWTyYQVYHfl+Bjp2+tQf2LP/AH4/zP8AhRov/H23+4f5itugDE/sSf8Avx/mf8KK26KAOUooooA6DS/+PCL8f5mrdVNL/wCPCL8f5mrdABRRRQBylFFFABRRRQB0tp/x6w/7i/yqaobT/j1h/wBxf5VNQAVDd/8AHrN/uN/Kpqhu/wDj1m/3G/lQBzVFFFABRRRQB1dFFFABVTVP+PCX8P5irdVNU/48Jfw/mKAOfooooAKltP8Aj6h/31/nUVS2n/H1D/vr/OgDpqKKKACs/W/+PVP98fyNaFZ+t/8AHqn++P5GgDEooooAKt6X/wAf8X4/yNVKt6X/AMf8X4/yNAHQUUUUAIRng1+FH/BUL9nX/hS/x1k1rTLTyvD/AIkVryHy4/ljlGPMDEcZZixr92K+Zv2/vgGnx9+BGp6XbW4m16yRrzTiowzTKDtXI5wd1AH5afsJ/FAQ3OoeDr6f5Zv31mGP8XAKj8ATX2hFI0UiSLwykEV+SHhXXb34eeOLPUIm8q70+6wwB7glWB/WvvXV/wBs34f6Xo9vdLdTXt7LGHa2gQEIx/hJzxQB9p6LqC6lpsM6nJIw31q1cXEdnGZZ5Y7ZF58yZwij8TX556Z+2f8AFDxhJJpfw68IM6ztiOby/OI98FTitK3/AGa/2gvjPcifxt4ok0Gzk5MUVw0bAHt5YwKAOQ+PmqaN8I/2srHxP4c1S0vLHUpBJeR2cyyBGOU2nafYGvsO3uoby3juLdw8Eqh42HQqe9fOXxV/4J76N4N+Euta1pur32s+J7GIXAkmBUNggEY3HPc10f7IvxDHjf4TWVtNLvv9L/0aTJySoACk/jmgD26iiigCpq1wLTS72c9I4JG/8dNfF37KcZ1bx34y1x/maVhhvqzf419f+PJjbeCddlHVbR/5Yr5M/Yug/wCKX1m4P3pJQCfof/r1lUfunfgVesj6QooorhPqQooooAKKKKAPN/2iNWOj/CXW5Vba0iLGD/wIV9t/8EtvCMPhf9k/RJFjCzahcy3TNjkhghFfBP7VxP8AwqO6x080Z/Na/Sv9gFUX9lHwDs/58kJ+uxa7KPwnzmYv96l5H0RRRRW55QUV4n8Wv2x/hR8FdXOleKPFdra6op+eyiZXlT/eUkYrpPhF+0N4B+OVnJP4N8RWmsGIZlhjkBlj/wB5QTjv+VAHpFFFFABRRRQAUUUUAFFFFABRRRQB41+198PIvid+zz4y0aWMS4snukUj+KJS4/VRXxf/AMEwfF82q/BTUdAunLXGj3rDaTyA7Nx/47X6O+MLYXvhTWrduVmsZ4z+MbCvyr/4JwXDaX8Wvi7ogOIY75tq9hteQVx4uN6TPRwEuWul3Pv+ikpa8A+sCiiigAooooAQ9K+AP2kLceOv+Ch3ww0GT57e0ntGKHphvLLV+gFfAvjv/Q/+Congp5eFkazC5+kdd2D/AIp5eY/wT9YrWBbW3jiUYWNFQfQDFS0i0te6fLBRRRQAUUUUAFFFFABRRXyV+1t/wUO8GfszXUmhwR/8JD4sUZbT42wkX/XRhyp4PagD61zRX5I+Hf8AgtZ4hbXE/tjwHYjTGfDGC7Yuq+oGwZNfov8As8/tKeDv2k/CI1zwpe+aY8JdWkgCy27kdGXJ44OKAPVJUWSNlYZUgg/jX88v7fPhNPB/7V3j62gXy4Zr95419mJH9K/ocf7pr8Gf+Co2z/hrXX9mP9Um7673oA/QL/glp4in179lPTFun8yW11C6hGeyKwCj8hX17Xw//wAEk/M/4Zxnzny/7TuNvp9/mvuCgC1pf/H9F+P8jXQ1z2l/8f0X4/yNdDQAUUUUAZWu/wDLH/gX9Kya1td/5Y/8C/pWTQAUUUUAaGi/8fbf7h/mK26xNF/4+m/3D/MVt0AFFFFAGf8A2JB/fk/Mf4Uf2JB/ek/Mf4VoUUAY0l7Jprm3QKyJ0LA5559fem/23P8A3I/yP+NRap/x/wAv4fyFVKAND+25/wC5H+R/xo/tuf8AuR/kf8az6KANv+xIP78n5j/Cj+xIP78n5j/CtCigDP8A7Eg/vyfmP8KP7Eg/vyfmP8K0KKAMVtUmtWMIEbCP5ASDzjj1pP7bn/uR/kf8aqXn/H1N/vt/OoqAND+25/7kf5H/ABpV1SW6ZYWVAsh2HAOcHj1rOqW0/wCPqH/fX+dAGt/YkH9+T8x/hR/YkH9+T8x/hWhRQBn/ANiQf35PzH+FI2hw4OHkB7ZI/wAK0aKAMT+25/7kf5H/ABo/tuf+5H+R/wAaz6KAND+25/7kf5H/ABp8V9JqMgt5Aqo/UqOeOf6VmVb0v/j/AIvx/kaAND+xIP78n5j/AAo/sSD+/J+Y/wAK0KKAM/8AsSD+/J+Y/wAKbJpcdshmjdt8fzjdgjjmtKobv/j1m/3G/lQBlf23P/cj/I/40f23P/cj/I/41n0UAaH9tz/3I/yP+NSQzNqzGGYBVUbwU4Oenf61l1oaJ/x9P/uH+YoAt/2JB/fk/Mf4Uf2JB/fk/Mf4VoUUAZ/9iQf35PzH+FRzWKacn2iJmLp2fkHPH9a1Kqap/wAeEv4fzFAGf/bc/wDcj/I/40f23P8A3I/yP+NZ9FAGh/bc/wDcj/I/41JCo1oMJ/lEfTZxnPrnPpWXWroX/Lf/AID/AFoA/Cb/AIKUfs8SfBH4/aje2sPlaF4hP26zCD5Y/wCEp9cqx/Gsn9inRvBvijVtR03XNJgvNXjAmtpJyeR3AGccAHtX6r/8FHP2dk+O/wAA7+e0hMmv6ADfWITGXI+UqfbazH8K/DT4aeMrv4deO9M1e3Zomt5gJB/sE4YflmgD9X9Es7Tw/JC1haQWixkELFGo6fhXstjdrfWcU6nIdQfxrw/w/rlv4k0Wy1S0YPb3cSzKQem4Zx+tej+AdU3RSWTnlfmT6UAdVe2kd/Zz2syh4ZkaN1PQgjH9a/OLwTbt+zr+1hr3hG4Ji0bU3It88Lty3ln8TX6R18Wf8FFfhzJDpvh74i6ZGRe6XcJHcug5KBl2fqTQB7djGR6cUVyXwp8aQ+PvAOjazE+55oFWXnOJABu/WutoA534jKX8AeIQOv2N6+WP2LpB/wAITqi9xPn9RX1p4rt/tfhfV4cZ8y1kH/jpr4+/Y1l+zweJNNY4eF1OP+BH/CsavwnoYF/vkfS1FFFcR9QFFFFABRRRQB5h+0jpbap8ItZRRkxBZOP94V93/wDBMbxNH4k/ZL8NlHDPZSyWjL3GxUFfJPizSV13wzqdgwyJ7d1A9wMj9a6n/gjz8RDpk3jL4Z30myeyl+0wRsfvMS2/A+iiuui9LHgZlH3lI/T2vOv2hvGl38O/gp4x8R2ALXen6e0sQHXdkL/WvRayPF3hmy8ZeG9S0TUYxNZX0DQSoehBroPGP5i/FXibU/FuvXmq6teTX1/cyM8k0zbmJJr0n9lH4ra78J/jh4T1LRbqWLztQhtp4VY7ZY3dVZSO/BP517r+0N/wTB+KHw98XXj+FNMPibw7NKWtpoXVXRSfusCQSfwr1L9iH/gmX4v/AOFgaV4w+JFiukaVpsq3MFizK0k0ikMh4JwAQOtAH65abefb9Ptrnbs86JJdvpuUHH61ZpscaxRqirtVRgAdgOgp1ABRRRQAUUUUAFFFFABRRRQBl+KJhbeG9Vmb7sdnM5/BCa/KT/gnZGdQ+OXxg1JBmE38mG7fM8lfpJ+0h42g+H/wR8Y6xcMEWPTZolY8fM6Mq/qRXwD/AMEufDso+G/ibxTcJtl1e+4Yjk7WfP8AOuTFO1JnoYCPNXR9tjpS0UV8+fWhRRRQAUUUUAIehr8+/wBtaRvh5+2L8J/Gx/d2pnhaWTtiMxgiv0Fr5H/4KTfDGTxl8Dv7es4y1/oMwl3KPmERyzn/AMdFdWGly1EcONp+0otI/RjRb4alpNldqcrcQRyg+zKD/WrtfPP7Cfxmg+NH7O/hvUTN5moWcIs7uPOSjKSFz/wECvoavoT5AKKKKACiiigAooooA574ha63hnwTrmqIu97SzklUe+OK/mf+IXjDUvH3jPV9e1a4e5v764aWR3bJyTX9OWvaRDr2i32nTqGhuoWhYN0wRiv54f2tf2Zdf/Z0+KOraXeWUx0Z5mksb5UJjljJOOegPB4NAHhNfYf/AAS5+Jmq+DP2oNC0m2uJP7O1z/Q57fPyEsygNj1Az+dfHyoWIAHJr9Gf+CUP7LOu6v8AEiL4m6zYy2eiaWCLPz0KNNMSCGAPYbT+dAH7CuwjjLOcADJP0r+en9v/AMWR+Lv2sPHs8D+ZDb3z26N7KSf61+8Hxs8eWnwx+FPibxLfSLHBYWTvljjk/KP1YV/N1qF9f/Ejx9JcSN5uo6xfKu485eRwo/UigD9rP+CU/gt9L/ZL0uW9V4prrUbqZQMDKFgVPT0NfYv9iwf35PzH+FcP+zn4E/4Vr8EfBvh54liuLPTYEuFUY/e+Woc/mK9IoAy5rFNPj+0RMxdOz8g547fWoP7an/uR/kf8a0NU/wCPGX8P5iufoA0P7bn/ALkf5H/Gj+25/wC5H+R/xrPooA1YP+Jxu875fL6eXx1+ufSpv7Eg/vyfmP8ACodC/wCW3/Af61rUAZ/9iQf35PzH+FH9iQf35PzH+FaFFAGVPbjSVE0J3E/IRJz79vpUP9tT/wByP8j/AI1b1r/j1X/fH8jWJQBof23P/cj/ACP+NFZ9FAHV0UUUAc/qn/H/AC/h/IVUq3qn/H/L+H8hVSgAooooA6uiiigAooooA5m7/wCPqb/fb+dRVLd/8fU3++386ioAKltP+PqH/fX+dRVLZ/8AH1D/AL6/zoA6aiiigAooooA5SiiigAq3pf8Ax/xfj/I1Uq3pf/H/ABfj/I0AdBRRRQAVDd/8es3+438qmqG7/wCPWb/cb+VAHNUUUUAFaGif8fT/AO4f5is+tDRP+Pp/9w/zFAG3RRRQAVU1T/jwl/D+Yq3VTVP+PCX8P5igDn6KKKACtXQv+W//AAH+tZVauhf8t/8AgP8AWgDRuraO8tpbeZd8UqFHU9wRgiv5+v8AgoR+z+3wH/aG1u2s7XyNB1Rvt9h5ceI0Ry37sHpkBf1r+gqvjT/gqB+zo3xq+BMusaXa+d4g8Ns15Dt4Lx4HmZI6gIGNAHwp+w/8UP7f8KXPhW8m3XmnnzINx5aM5yB9ABX1Zo+oNpuow3CnhTz7ivyd+C3xAn+GnxG0rWI32wLII5xngxsRu/Svv3xh+1D8P/CFgk02rre3Ekayra2mHfkZweRjrQB9fQzLNGjochhkYrgvjovhnUPhvr2k+JtTstPt7q1cILqZUPmBSUIBP97FfHEP7W/xf+MSHQvhl4YaK2HyfbVj81gvqcqdv51teFf2D/GfxCvBqnxV8YXQaQ73sbeZpfwwSNv4UAcd+xD47js73XfA8l0s8cEry2bhuHUFtxH14r65r41+N/wlsv2Q/jX4T1vw356+HbnasjzMT02+YCST1zX2Fp99FqlhbXkLBoriNZVI9GAP9aAH3MfnW80Z6PGy/mpFfE/7P6nw38evG2hv8oZ3VV/3Sxr7dr4o8ef8W+/bCF1jy7bUhvz0BMhYVE1eLOnDS5KsWfS9FKfvH0zSV559eFFFFABRRRQAV4Hp3i+7/Zb/AGtNB8dW26LRtTmEV1j7u2Q4lJ+gavfK4P4z/DiH4meCrrT9oF5EDLbPjneOcfjgCtKcuVnHiqPtqbS3P188P65aeJNEsdVsZVms72BLiJ1OQVZQw/Q1oV+bv/BLr9rBruxl+DnjO78rxBpsjLprTHmVAxBTJ7glQB6V+kQOa7z5R6aMP0ooooEFFFFABRRRQAUUUUAFFFFABRRWH428Xaf4E8K6pr+qzpbafp8DTzSucAAdPzOB+NAHwt/wVw+L39l/DbRPhvpdwTq/iO8QSwxn5lQMhTPsTkV6R+zR8OV+FfwT8MaD5flzrbLcTjGP3jqGYfnmvjX4Sw3/AO3F+15q3xM1aGUeD9FkzZxyZKbVZjEoHTIJGa/RnjsNo7AdvavIxlS7UEfRZbR5U6j6i0UUV5Z7YUUUUAFFFFABWZ4m8O2Xi7w/qGi6jGJbG/ga3mU9NrDBrTop7CaurM/Pr9jn4i3n7G37Umu/C7xRK1v4b165JtZXO2NXOCj5PGAuR9a/XCOQSIrKcgjINfnv+29+zI3xt8Gx65oEfleMtFXzbR4/ladRk7MjnOT+la//AATx/bZX4iaXH8NfHlz9i8c6SPs8X2g4a7Vf/ZuvHoK+hw9VVY+Z8ji8O6FTyZ950UgOaWuk4QooooAKKKKACuW+IHwv8LfFLRzpninRLPWrP+GO6iV9p9RkcGupooA+bdG/4J5/A3RdYXUYvBkE0qtuEVxteLr/AHStfQuj6NY+H9NgsNOtIrKygXZHBAgVEHoAKu187/tl/tbaJ+y78PLi8eeOfxRdRsNM04kbpGwfmI/ug4ycHqKAPkH/AIK+ftNRW+nWHwq0O8DzTfv9W8s5wvIEbY752NXyv/wTX+ALfGz9oTTri8tfO0PQcX92x6BufKx/wNRXzr4k8Q6/8YviBc6nfSyajresXWfmJJZmOAo+gx+VfvB+wJ+zEv7NvwVsbXUbdE8U6mBc6k+35kcgfuwepUEZ/GgD6aGAMDpS0UUAVNU/48Zfw/mK5+ug1T/jxl/D+Yrn6ACiiigDV0L/AJbf8B/rWtWTofWf/gP9a1qACiiigDP1r/j1X/fH8jWJW3rX/Hqv++P5GsSgAooooA1f7d/6Yf8Aj/8A9aj+3f8Aph/4/wD/AFqyqKANX7D/AGl/pO/y9/8ADjOMcdfwo/sL/pv/AOOf/Xq3pf8Ax4Rfj/M1boAyf7C/6b/+Of8A16P7C/6b/wDjn/161qKAMlddOBmHJ7/N/wDWo/t3/ph/4/8A/WrKooA1f7d/6Yf+P/8A1qP7d/6Yf+P/AP1qyqKANX+yftX77zdvmfPt25xnnHWj+wv+m/8A45/9etC0/wCPWH/cX+VTUAZP9hf9N/8Axz/69DaSbUGYTbjH84BTrjn1rWqG7/49Zv8Acb+VAGf/AG7/ANMP/H//AK1H9u/9MP8Ax/8A+tWVRQBq/wBu/wDTD/x//wCtR/bv/TD/AMf/APrVlUUAav8AYX/Tf/xz/wCvR/YX/Tf/AMc/+vWtRQBk/wBhf9N//HP/AK9BsDpv+kiTzNn8O3Gc8evvWtVTVP8Ajwl/D+YoAqf29/0w/wDH/wD61H9u/wDTD/x//wCtWVRQBq/27/0w/wDH/wD61H9rfav3PlbfM+TduzjPGelZVS2n/H1D/vr/ADoA0P7C/wCm/wD45/8AXo/sL/pv/wCOf/XrWooAyf7C/wCm/wD45/8AXoNudHxMG83d8hXGPfr+Fa1Z+t/8eqf74/kaAIf7d/6Yf+P/AP1qP7d/6Yf+P/8A1qyqKANX+3f+mH/j/wD9aj7d/af+jbPL3/xZzjHPT8Kyqt6X/wAf8X4/yNAFr+wv+m//AI5/9ej+wv8Apv8A+Of/AF61qKAMn+wv+m//AI5/9ejnRWHPnCT/AIDjH/661qydd/5Yf8C/pQAf27/0w/8AH/8A61V9SvoNW0+5srq1WW2uImhkRm4ZWBBHT0NUqKAPwD/bc+BsvwL+POu6XHCU0q8lN9ZMo+QRyEtsH+6CBXXfsc/DfwR8Qob+fXbZtR1mycFLedjsKY6jBzxxX33/AMFQP2fv+FpfBv8A4SjTrbzdb8OkzfLjJtzzL9cBRX5Rfs//ABIk+F/xN03UXYrZu4hul9YyRn+VAH6o+A4rDwnfQQ2NnDZWrfIUhQDj69a9c/X3rxOzuo7y3huYGDxSKJEYHgg816t4X1L+09JidjmRBtagDxz9tP4Xr8S/gfqohi36jpY+2QFR821QSwH1wK8h/ZD+IDeMvhfHY3UmdR0l/s8qsecZJH5DAr7TuLWK9gkt7hQ8EymORT3U9RX5weDbeb9nv9rDWfCt0TDpOsSnyi3CkuQwI+mcUAfX1fJv7cnh1tPk8LeL4Fw1rcrHKy+ilSv6k19ZV5z+0F4HX4gfCrWtO2b5o4/tMXrlPm/pQNOzuZ/hLWY/EPhjS9RjYMtxbRuSP720ZrWrwv8AZL8Wtq3ga40W6f8A03S5ihVuoUk8fhivdK86Ss7H2NGftKakFFFFSbBRRRQAUUUUAeC/HX4X6pYavbfEHwVNJp/iHTSJWFtwzbeQ49xj9a/Qr9hn9ubRv2hfDUOg67NHpXjfT4xFPazNt+04wN6fpn3zXzfXgnxR+Buoabr0Xjb4fXD6R4htH88pA23cw7r71006nRnjYzB837ymfuUGDDI6UtfnJ+yV/wAFQLTVJLXwZ8Xo20XxBHiFNUdCI5j0+cckH3JAr9DdJ1uw16xivNOvIL61kGUmt5A6H8RXUeDtoy9RRRQIKKKKACiiigAoorkviN8VPC/wp8PXGs+JtYttLsoVLEzOA7YGcKvU/gKAOlvr63021kubqZLeCNdzySNhVHqTX5P/ALZn7Smu/tefEq0+DfwteaTQYrnZqOoQH5LjGc5P9wcehyKq/Hz9rr4hftteKpfhx8IrK607wlM3lXeoEFfOXoSzcALz0PPSvpn9mP8AZh8P/s6+FvItEW71+6Ufb9RYfM7cHavoOBXJXxCpKy3PQwuFlXld7HVfAn4NaT8C/hzpvhbS1WQ265uLrGGnkwAWP5CvQqSlrwW3J3Z9XGKilFBRRSVJQtFJkUv4H8qACij8D+VJmgBaKTIpaAE618c/tdfsa3Hi7Uh8Q/hvIdG8ZWR8+SG2Oz7SQc7h/tfkOK+x6StKdSVN80TGrSjWjyyPlf8AZF/4KTJJcW/gD4zxv4e8TWuLcapdDakzDgB8fxEjsMc1+hem6tZ6xZxXVlcxXVvIoZJYWDKwIyDxXxX+0H+yL4I/aAs3m1G0Gna8F/daragLJnsG4ORn0r5Y02w/ab/YfuT/AMI9ev4x8GRsWW2wZYgvXHlht2cV7dLFQqLXRnzNfBVKLutUfsNRX56/DD/grx4PvFisfiD4d1DwpqC/LLMyExk98IFJFfTfhP8AbR+DvjSNJNN8a2O1uguCYT/49iuw889vori4fjV4CmjDp4w0Qr/1/wAX/wAVXP8AiL9qL4XeF42e+8a6SqqMnyrhZD/46TQI9UpkkyQozu6oijJZjgAV8V/Ez/gq78IfBqywaC954svwCFhtI2jBb6svNfL/AIq/ak/aT/a6mn0nwNo1x4N8OShg9wqmCTy8c7nYgMMegqXJR1bLjCU3aKPqn9pr/gpj8PPg3puq6d4dvI/E/iy3drcWcBOyKQZGXPHAPoT0r8Z/i18XvFnx68cXWv8AiK+n1G/uXPlxdVjUnhEUdgMD14rn/HGh33h7xjrWlajcfar+zupIZ5s/fdWIY/nX6xf8E6f+CffhXTfDOh/FDxaV13V5h59hZsv7m35yHII5fpgg9zVEvTRmF/wTh/YJfweth8VPiDpoa/OH0nS7hf8AU5H+tb/a+8McjB9a/S7+3Mf8sP8Ax/8A+tUmrRrDYxoihUVgAo6AYNY1AjV/t3/ph/4//wDWo/t3/ph/4/8A/WrKooA1ft/9pf6Ns8vf/FnOMc9Pwo/sL/pv/wCOf/Xqppf/AB/Rfj/I10NAGT/YX/Tf/wAc/wDr0f2D/wBN/wDxz/69a1FAGTzopBz5wk7Y24x/+uj+3f8Aph/4/wD/AFqXXekP/Av6Vk0Aav8Abv8A0w/8f/8ArUf27/0w/wDH/wD61ZVFAGr9o/tj9zt8nb8+7O72x+tH9hf9N/8Axz/69RaL/wAfTf7h/mK26AMn+wv+m/8A45/9eitaigDlKKKKAOg0v/jwi/H+Zq3VTS/+PCL8f5mrdABRRRQBylFFFABRRRQB0tp/x6w/7i/yqaobT/j1h/3F/lU1ABUN3/x6zf7jfyqaobv/AI9Zv9xv5UAc1RRRQAUUUUAdXRRRQAVU1T/jwl/D+Yq3VTVP+PCX8P5igDn6KKKACpbT/j6h/wB9f51FUtn/AMfUP++v86AOmooooAKz9b/49U/3x/I1oVn63/x6p/vj+RoAxKKKKACrel/8f8X4/wAjVSrWlf8AH9F+P8jQB0NFFFABWTrv/LD/AIF/StasnXf+WH/Av6UAZVFFFAFPWNJtde0q7069iWezuomhmiYZDKwwQfwr+fn9rr4J3XwH+N+v6BIjfY3ma6tJdm1Wjf58L67dwH4V/QlXwh/wVW/Z7Hj34Wx+P9NtvM1bw2hNwy5H+iHJcnHUghetAHhH7H3xSPjz4dLplzLv1HRx5Tbjy0fUN+bYr6g8D6n9j1EwO2I5hgfWvyh/Zr+J0nwx+JljO8m3T7xhb3QJ42np+uK/Tq3uArRzwPuXIdHHcUAez18Uf8FFvh7PDZ+HviJpiFbzTJRBPIvUA5IY/QAV9l6RfLqWnwzqclhhvr3rm/i54Et/iZ8Otd8NzqG+3WzJH6h+xFAHkPww8YQePPAeja3C4b7TApfHZhxj9K6iRVkjdHGUdSjD1BGDXyx+xf4on0e68SeAdTYx3mnTNJDE/UDIGP5mvqjrQB8OR28nwJ/acurGQmLSNYcspP3f3hyPy3V9RKwYAg5BGR9K8y/bQ+GsniLwXB4o09D/AGnozbmZevl9Sfw2ir3wP8fRfELwDY3m8G7t1EFwvcMOB+grmrR6nvZdW0dNnoFFFFcp7QUUUUAFFFFABRRRQB5/8S/gn4c+JduzXlsLbUMfLeQgBs++OtcT4H8ffHr9km8VvDGqy+IfDcZ/485t06BfQR5O3jvXu1JgHgjI7jtWsajicVbCU62r0Z6H8H/+CvfgzWGh0/4g6LeeF9R+48sSGVCfUjaNtfXPgn9qT4WfEC3SXSPG2kSMwyIZruNJP++S2a/NjxP8LPC3jBWGpaPbuzdZIl8tvzWvL9U/ZF0NZmm0PWr/AEaU8jyWPH47q3VVdTyamX1I/C7n7f2Ot6fqkYktL23uUPRoZAw/Sre9fXivwli+A3xJ0N86P8SNUVR0D6jKo/IGrZ+HvxwkXy2+JF7s/wCwjLV+0j3Ob6nWX2T9vtS8TaTo0Ze+1K0tEHVp5lQfqa8m+IX7Zfwg+GsDyar4102Z0GTDYzpPJ9NqtmvyOb9nnx7rj51r4jarIp6qt/K4/ItXT+CP2TfB2na5ZXXiK5vNejEgMqzMV3D6hql1Yo0jga0nqrH0N8Uf+Cs1z4muJdF+DnhG81q+clI76aFmxnjPlbf615j4f/ZN+MH7UmuxeJPjX4iuLHSWbzF0tZGzjOcLHn93+Vfbfw9+FngjwPpcH/CL+H7CygZAyTLEryEf75Gf1rtcfj9a8ypjJPSGh6lHLYx1qO5x/wAMPhJ4X+D/AIfj0fwvpcVhbKoDyBR5kpHdmxz+NdjSEgda4j4o/Gjwf8G9HOoeKtZg01NuY4WYeZL7KD1rz9Zvuz1vdpx7I7fP51leIPFmi+ErVrnW9Vs9JhUZLXkyx/zNfBHjD9vT4h/GfWJvD3wV8KTvGx2/2g0W+XB7lSCB+BqPwz+wF8S/iveDVfiz43u7Tzjveyt5mkOOuChwB+FdCo8qvUdjjeKcnalG5734/wD+Cg3wh8DmSJNXm1m5XjZZRFkJ/wB4E14zqv8AwU61DV5GTwd8Ob7UhnCyEs+ffGyvdvh9+wf8Ivh+kbpoJ1e6XrPeuxyf90kiva9J8D+HNBiWPTtA0uzReB5dnGD+e2nzUY7K4cmJnvKx8D/8NiftJ+JiTo/w5mtI26ebpjH9dtIfjL+2Fe/NF4ajhB7Np5H9K/RJY0QYSNYx/sKF/lS8/wB5v++jS9tHpBB9Wn1qM/OwfGP9sOz+aTw3HKOuBp5P9KX/AIay/af8P86j8PZLtF6+Xpbfz21+iXP95v8Avo0hRW+8ob/eGaPbR6wQfVp9KjPz5s/+CkHj/RWC+I/hXexqv3nEbRfpsrsvDf8AwVI+H91IsWu6LqOjSnhtoaXH/jor7IutC0u+Urc6XYXAPXzbWNv5iuM8Sfs//DrxYjLqPhDTJCwwWhgWI/moFP2lJ7xD2WIj8M7nJeEP2zvhD4z8sWniyC0d+iX2If8A0I163o/ibSPEUIl0rVLPUozyDazrJ/I180eMv+Cbvwi8Tb5LG2vNBuW5EltI8gB+havHtb/4J0+P/BMxu/h58Rrx3Q5jt7q5eEfTCk5o5aUtpWD2mIh8Ub+h+hfK/eBU/wC0MUfwlf4T1HY1+cSfFf8Aau/Z7wviPw8/ijSIeDL5OU2j/ppszXqHwz/4Ka+BvEEyWPjHT7jwpqGdrvjdCp75ZiMflUuhPeOpUcVTektH5n0N46/Z1+HPxGDnXPCmnzzN1nhhRJP++sZrwfxL/wAEw/hPq8rS2EmpaW7chROXA/DivqDwf498PfEDTVv/AA7rFrq9qwz5lrIGx9a3gQ3SoVSpDRM1lRpVdWkz4Wb/AIJW+GFbEXjC/jj/ALvlt/8AFVq6P/wSz+G9vIr6nq+pahg5IV2jz+pr7Voq/rFXuZrB0F9k8S8C/sZ/CX4ftG9h4Wgu5o+kuoBZz9eRXrlxFbaD4fvVtoYrS1gtZXEUKhEACE9B9K0a8v8A2mPHkPw4+CHivWJpBGRaNBGSerP8n/s1ZpynJJs2cYUoNpWPxH+KWoJqnxM8U3qHclxqFxID7Fya/of/AGU9LfR/2ffBNu42sdNhkx/vIp/rX86/gLw7L498f6Ho24vPq2oQ2ue5Mjhf61/TH4D0P/hGfA/h/SMYNjp9vbEe6Rqp/lX0q0Vj4qTu2y9rX/Hqv++P5GsStvWv+PRf98fyNYlMkKKKKALWl/8AH9F+P8jXQ1z2l/8AH9F+P8jXQ0AFFFFAGVrv/LH/AIF/SsmtbXf+WP8AwL+lZNABRRRQBoaL/wAfTf7h/mK26xNF/wCPtv8AcP8AMVt0AFFFFAFT+y7X/nl/48f8aP7Ltf8Anl/48f8AGrdFAGHc3UtjO0EL7Y16DAOM8/1qP+1Lr/nr/wCOj/CjVP8Aj/l/D+QqpQBb/tS6/wCev/jo/wAKP7Uuv+ev/jo/wqpRQB0H9l2v/PL/AMeP+NH9l2v/ADy/8eP+NW6KAKn9l2v/ADy/8eP+NH9l2v8Azy/8eP8AjVuigDBkv7i3kaJJfkjJVcqOg49Kb/al1/z1/wDHR/hUN3/x9Tf77fzqKgC3/al1/wA9f/HR/hTodQnnlSN5NyOwVhgcgnmqVS2n/H1D/vr/ADoA2/7Ltf8Anl/48f8AGj+y7X/nl/48f8at0UAVP7Ltf+eX/jx/xpG0m2KkCPB9Qxq5RQBz/wDal1/z1/8AHR/hR/al1/z1/wDHR/hVSigC3/al1/z1/wDHR/hUtrdS31wsMzb4mzlcAdBnt9Kz6t6X/wAf8X4/yNAGr/Zdr/zy/wDHj/jR/Zdr/wA8v/Hj/jVuigCp/Zdr/wA8v/Hj/jTJtPghheSNNjoNysCTgjnvV6obv/j1m/3G/lQBi/2pdf8APX/x0f4Uf2pdf89f/HR/hVSigC3/AGpdf89f/HR/hVixlbUZjFcHzEC7gOnPA7fWsytDRf8Aj6f/AHD/ADFAGh/Zdr/zy/8AHj/jR/Zdr/zy/wDHj/jVuigCp/Zdr/zy/wDHj/jUN3aRWcJngHlyJ0Oc9eO/1rRqpqn/AB4S/h/MUAZX9qXX/PX/AMdH+FH9qXX/AD1/8dH+FVKKALf9qXX/AD1/8dH+FWrH/iZb/tP7zZjb2xnOen0rKrV0L/lv/wAB/rQBb/su1/55f+PH/Gj+y7X/AJ5f+PH/ABq3RQBU/su1/wCeX/jx/wAaxPGfhjTtb8O3umXVus1nfRtbzwyfMroRyDn6V01Z+t/8eqf74/kaAP5vv2lvhBqHwL+M3iDw3cLIIra6MlpcEYEsZwwZfYEkfhX2N+yx8XrTxd8K7ePVL6OG+0lfInedwCUAGG/PNetf8FZP2fW8X+BdP+ImlW2+/wBDHlXzKOTbEnHHrvcV+Vnga3j1PxFZ6Td6i+n2F7MkM0i5xyQBnH1oA/SPXP23vA/wxguLK3lk8SXgPyW9iOA3oc4/SvL779oD4/ftC3BtPA/h6fw5pch2/aIVAIHq28n9K774Y/sv/D/wDNZ3o01daukKyC4vMOrDrkDAr670xYE06BbVFhttg2xRjCj2oA/LLUPAPjH9lj43eGdX8VXyXkmrMJLi4izh925drcDnjNfeEcscyLJCweJxuRh0I7GuO/b2+GB8cfBt9YtYt+o6BILqMqOdvC4/8eJrmv2YPHQ8dfB/R55JfMvLNfsk2TzlQOf1oA9P1LTbfWNPuLG7jEtrcIYpEboVIwa+HvCz3X7Ovx0vvDmosyaFqkuYpG4TDYIb8OlfdVeIftUfBv8A4Wb4Ka/sI867pY8yBgPmdRklfzP6VMlzKxrTqOnJSR1ysHUMpypGQRS14x+zd8Vj4z8PnRdTfy9c0weW6ycNIo7898n9K9nrgkuV2Z9dTqKrFSiFFFFSahRRRQAUUUUAFFFFABRRRQAUUUUAFFFFAH0B8BPHQvrE6Bdyfv4BmBmP3l9Pwwa9gmmjgjaSV1jjUZZ3OAB6k18RweIv+ETlXVvtK2gtf3hlZsAAdR+IrzH4p/tReP8A9rXxBB8OfhZa3FjpsoEeoX6ZAk7MS3AC9eD1FcsqDlK62MqldUlruev/ALSf7fVp4V1KXwf8M7X/AISfxRJ+6N3AC0cD9MDoS34EV5/8Jf2FfGHxm1SHxr8a9dunaZvOXSGYGRgezADaB9Dmvob9mP8AY18K/AHT4NQmhj1fxc43TanKufLY8kJ3HPuelfQ/fPepdWNNctL7zGNCVV89b7jm/BPw38MfDnSYtO8N6Ja6TaRjAWFOT9Scn9a6Slorkbb3O9JRVkFFFFIYUUUUAFFFFABRRRQAUlLRQBHJDHMhSRFkU8FXUMP1ryr4nfst/DT4r2sqa14YtFumHF5bgrIvuADj9K9ZoqoycdmTKEZq0kfnd42/YJ+InwbvJfEPwe8ZXc5hO8ac7/vsegBXb+dbPwi/4KEaz4U1mDwl8Z9Bn0e/RhEdV2459X5x/wB8ivvevNfjR+z34M+O2iyWXibS457kKRBfIAJoW7ENg8V0qsp6VFc4ZYeVN81F28uh3Hh/xJpXivSoNT0e/g1KwnUNHcW7ZVgf1H41p1+YX/Fy/wDgnZ49jV5ZvEHw0vZuigmMKT6Z+VwD1PU1+ifwz+JWhfFjwhZeI/D92t1Y3KAkA5aJscow7EHI/Cs6lPk1WqNqNf2nuyVpI6qvzx/4KqfGJbfTdE+H1jOPNkP2y9VT/CeFU/itfffiXXrTwv4f1HWL6RYbSxhaaR2OAABx+uK/CL48/FC8+NHxZ1zxJOXk+2XB8iPk7Uz8qj8f510YOnzT5n0OTMK3s6fIt2fRP/BLj4Nv8Q/j5Hr91brNpPh6IzuzLnEzZMRH0K1+2/8Aal1/z1/8dH+FfJP/AATl+Bo+D/7P2mXd3AqazroF9NJt2t5TgNGje65NfVde4fLmlZTPqMxiuD5iBdwGMc/h9avf2Xa/88v/AB4/41n6L/x9N/uH+YrboAqf2Xa/88v/AB4/40f2Xa/88v8Ax4/41booAzrqzis4TNCPLkTkHOfbv9aof2pdf89f/HR/hWrqn/HjL+H8xXP0AW/7Uuv+ev8A46P8KP7Uuv8Anr/46P8ACqlFAGrY/wDEy3/af3mzG3tjPXp9Kt/2Xa/88v8Ax4/41U0L/lt/wH+ta1AFT+y7X/nl/wCPH/Gj+y7X/nl/48f8at0UAZl9CunxrLb/ALtydp75H4/SqX9qXX/PX/x0f4Voa1/x6r/vj+RrEoAt/wBqXX/PX/x0f4UVUooA6uiiigDn9U/4/wCX8P5CqlW9U/4/5fw/kKqUAFFFFAHV0UUUAFFFFAHM3f8Ax9Tf77fzqKpbv/j6m/32/nUVABUtp/x9Q/76/wA6iqW0/wCPqH/fX+dAHTUUUUAFFFFAHKUUUUAFW9L/AOP+L8f5GqlW9L/4/wCL8f5GgDoKKKKACobv/j1m/wBxv5VNUN3/AMes3+438qAOaooooAK0NF/4+n/3D/MVn1oaJ/x9P/uH+YoA26KKKACqmqf8eEv4fzFW6qap/wAeEv4fzFAHP0UUUAFauhf8t/8AgP8AWsqtXQv+W/8AwH+tAGtRRRQAVn63/wAeqf74/ka0Kz9b/wCPVP8AfH8jQBxXjTwvZ+NvCmq6FfwpPaX9u0LxyAEHI4OPY4P4V/PJ8fPhPf8AwL+LWu+FLkSBtNuSIJmBXzYwxCyD2ODX9Gtfm3/wVw/Z/TUdA034oabbg3VoVs9ScZH7okCM49dztQByX7KvxSX4j/DS1jnkDanpoFvMpPJUDCn8hX1J4D1T7RZvaOcvGcr9K/Jb9lv4pP8ADf4lWazy7dMv2FvOM/KMnAb8Mmv078N6sLHULa6RswuAcjoVPIP8qAPSPEOjw+INC1DTLhQ8F3A8LKfcHH64r88P2Z5J/hL8cvF3w3v3McIkdbdX7lCxJH1wK/Rm4vbeztGup5o4LZBuaWRsKB6mvzR/au8f+FbD9prR/FnhHWYNQn3RR35tmyined/PuCaAPs+jrwelVtM1CPVtNtL6E7orqFJlI9GAP9as0AfGf7Rnwu1H4R+NoPiP4SjZLKSXdeQxg4Q9DkDsRj8TXsXw4+IWnfEjwzb6tYuoZhiaHPMb9x9K9e1jSbTXtLudPvoVuLW4QxyRuMgg18P+MPC+u/sm/ET+1dMWS88HX0m3a2SqqTyp9wDWVSHMtD0cJifYytLZn1ZRWN4R8Wab410O31XS51uLaVQTtPKN3U+4rZriPpk1JXQUUUUhhRRRQAUUUUAFFFFABRRRQAVFdXMVnbyzzOsUMa7ndjgAVLXzr8cPG2qfELxfYfDDwaWuL+9lEV00PXPXbx7YP4VSVzGrUVKNynql94o/aw+IsfgXwOkg0OGQG6vFyF2Z5Zj6YHA9a/Sf4A/s9+Gv2ffB8GkaJbq14yg3d+wHmTvjnnrjOeM96zv2Y/2c9H/Z38AW2k2saTazMoe/vtvzSPgZAPpx+tex1wVq3P7sdiaFFr95U+J/gFFFFch2hRRRQAUUUUAFFFFABRRRQAUUUUAFFFct4n+KPhDwXJ5eu+JNO0qT+5cTbTTSb2E5KO7Oporm/DHxI8K+NWxoPiHT9Wb+7bS7jXSUNNbgpKWwUUUUhnO+PvAOjfErwrfeH9etEvNOu4yjK4B2EjAZc9COtfnb8O9c139gT9opvCGvXMkvw91yXdHK2SiqSMOD0BUMQfc1+mlfPv7a3wDg+OHwd1FLW3V/EWlobmwkA+ZsAkx59yR+VdNGdnyS2ZxYik2vaQ+JHjH/AAUt/aEi8O/DvTvBmiXivc6/GJ7lo26W5zgce4WvjT9iH4Ez/Hj466NprxOdKsJFvr6VeiKpLJn2LKB+NeM+LfEGta/qgXXLya7urMG2BmYkoFONvP0r9if+CW/wNtvh98DrfxhOiNqvidRcLKOotzgqn4EN+de3RpqlGyPmcRWdefMz7RtbWKxtYre3jWKCJQiRqMBQOgFS0UVucpoaL/x9N/uH+YrbrE0X/j6b/cP8xW3QAUUUUAVNU/48Zfw/mK5+ug1T/jxl/D+Yrn6ACiiigDV0L/lv/wAB/rWtWToX/Lb/AID/AFrWoAKKKKAM/Wv+PVf98fyNYlbetf8AHqv++P5GsSgAooooA0P7bn/uR/kf8aP7bn/uR/kf8az6KANiKxTUYxcSFld+oU8ccf0p/wDYkH9+T8x/hUul/wDHhF+P8zVugDP/ALEg/vyfmP8ACj+xYP78n5j/AArQooAw11qcAArGfcg8/rS/23P/AHI/yP8AjWfRQBof23P/AHI/yP8AjR/bc/8Acj/I/wCNZ9FAGymlxXSrMzOGkG8gEYyefSnf2JB/fk/Mf4VatP8Aj1h/3F/lU1AGf/YkH9+T8x/hTZNLit42lR5N8YLDJHUc+laVQ3f/AB6zf7jfyoAyv7an/uR/kf8AGj+25/7kf5H/ABrPooA0P7bn/uR/kf8AGj+25/7kf5H/ABrPooA2/wCxIP78n5j/AAo/sSD+/J+Y/wAK0KKAM/8AsSD+/J+Y/wAKjmsU0+M3ETMXTGN2COTj0961Kqap/wAeEv4fzFAGf/bc/wDcj/I/40f23P8A3I/yP+NZ9FAGh/bc/wDcj/I/40qapLdMsLKgWQ7CVBzg8etZ1S2n/H1D/vr/ADoA1v7Eg/vyfmP8KP7Eg/vyfmP8K0KKAM/+xIP78n5j/Cori3Gkqs0LMWJ2kPgjGP8A61atZ+t/8eqf74/kaAKn9tz/ANyP8j/jR/bc/wDcj/I/41n0UAaH9tz/ANyP8j/jT4r6TUpBbyBVR+pXg8c/0rMq3pf/AB/xfj/I0AaH9iQf35PzH+FH9iQf35PzH+FaFFAGf/YkH9+T8x/hUNwP7HZTCS3mZyH56Yx0+ta1ZOu/8sP+Bf0oAi/tuf8AuR/kf8aP7bn/ALkf5H/Gs+igDQ/tuf8AuR/kf8akhmbVmMMwCqo3gpwc9O/1rLrQ0T/j6f8A3D/MUAW/7Eg/vyfmP8K5r4jfC3SviP4H1nw5qKmW31C2kh/eYIVipCt06gkH8K7WigD+Zj45fCnVPgf8Utd8KajFLDNp9wywySYBki3Hy5Bj1ABr33wb+2rdaV8PdN0eDRJtW8SQp5QkI3JgHCkgHPTFfX3/AAV4/ZjPiTw9afFbRbVWvtPAttT8tMvLFgBXJHZAp/OvzQ/Z5+IEHw3+J2majeRLLZO4im3DO1SfvD34oA+mfDvwu+OX7VcizeJNbl8N+HUP+pkbA2/7IXJ7966r41/sLeF/AfwH1a70Uz6j4ksts76hOQWZQQWAxjjAPbvX014H15EvbedJPNtrpQQ4OQQRkGvQfEGkxa7oOp6bMoeO7tZYCD0+ZCB/OgD5E/ZN8bHxn8HtO8183NgxtnHcKOF/QV7LXxn+zL4vtvhT8XPFfgTV5fskVxeyR2xkOFDK7BR7ZzX2Z6c5+lABWP4s8J6Z410O50nVrZbmznUqVYfdOOGHuOtbFFAHwjr2g+KP2SPGhuLYS6r4Oun3EKMrtJ6HphgCR6V9H+C/G2lePNFh1LSrlZopFG5AfmQ+hFemeJPDem+LtGuNK1a1W8sLgbZIXGR9R7818XeOvhd4s/Zh8Sv4h8LSSX/hed8ywKC21f7rgfTrj0rGdPm1R6WFxbo+7LY+pKK4b4X/ABc0X4oaWs9jKsN6o/fWcjAOp9vUfSu5rjaa0Z9HGSmuaL0CiiikWFFFFABRRRQAUUUUAcT8YvHq/DnwLqGqhgLrHl26nu5Bwf0rsv8AgnF+z++m6LefFHxHB52sawSbAyj5o488v9cqw+hr5z/aAtbj4jfF7wX4Agc+XeTKkgX+8xGD+Rr9XvCug2/hfw1pekWkYitrG2SFFXoOMn9Sazry5IKK6nHFe2rtvaP5mrRRRXlnohSfXilryD9rH4jXnws+AfivXtOLLqEdv5cDr1RmZQT+RNVGPM0kTOShFyfQwPjd+2v8N/gjdSade37axrUf3tPsCCy/Unj9a8IT/grJ4aNyFbwJqy2+ceZuTOPX71fGHw48G22v2beIdaJ1O/u3Llpju565PvXoJ8P6a0ew2Nvs9NleqsPTjo9TylUr1PeTsj9A/g/+298MPi9cR2Vtq39jarJwtlqBwxPsQMfrXvyusihlYMrDIZTkGvxP8VfCbTtSia40pBYX6fMhj4Umvsz/AIJ1/tLaz40/tD4deLrqS71bS491lcTElmjyBsJPU9TWFbDqMeaBtSxE1NU6q36n3NRSA55pa889EKKKKACiinRY81M9M0AfEv7e37XGq/DWaDwB4JlKeI75P9JvI+Wt1P8ACvueD0r4Zt/hhqPiCRr/AMSa3d3V7Md7jzCSCfXNdp8eGnuP2y/FR1PcZlnXyvM/65rjH4Vr17dOKpwVjxLe3nKU+nQ80m+G+seFZl1Lwtrt3a30B3oPMIORzx2/Ovu39hb9sS9+Kcj+A/Gkn/FVWiH7PcvwbhF4IPv92vl2ub+HN1N4d/a38CXGmZWee+gSUR91JXOaKkVUi0x2+ryUobdj9l6KapyoPcgE/lTq8Q9oKNwXBI3AdQe9FI33TQB+J/7dHwwj+F/7QmuwWyCOxvn+1W6gcAEAH9c1+lH/AASR8eHxx8AbjQb+4Z7rQ7toIUUj5bfam3t6k18V/wDBVi6t5/jdokUWDLDpxWXHrvJH6EV7t/wRPhuhqPxAkYN9kNvEqnHG/fz+mK+kotypps+MxMVGtJI/Uf8AsWD+/J+Y/wAKP7Eg/vyfmP8ACtCitzlMq4txpKiaFmLE7SHwRj/IqH+2p/7kf5H/ABq3rX/Hqv8Avj+RrEoA0P7bn/uR/kf8aP7bn/uR/kf8az6KANOK+k1CQW8gVUfqVHPHP9Ksf2JB/fk/Mf4VnaX/AMf0X4/yNdDQBn/2JB/fk/Mf4Uf2JB/fk/Mf4VoUUAZNwP7HKmE7hJncH56fT61F/bU/9yP8j/jU2u9If+Bf0rJoA0P7bn/uR/kf8aP7bn/uR/kf8az6KANSGdtWYwzAKoG/KcHPTv8AWp/7Eg/vyfmP8KqaL/x9N/uH+YrboAz/AOxIP78n5j/CitCigDlKKKKAOg0v/jwi/H+Zq3VTS/8Ajwi/H+Zq3QAUUUUAcpRRRQAUUUUAdLaf8esP+4v8qmqG0/49Yf8AcX+VTUAFQ3f/AB6zf7jfyqaobv8A49Zv9xv5UAc1RRRQAUUUUAdXRRRQAVU1T/jwl/D+Yq3VTVP+PCX8P5igDn6KKKACpbT/AI+of99f51FUtn/x9Q/76/zoA6aiiigArP1v/j1T/fH8jWhWfrf/AB6p/vj+RoAxKKKKACrel/8AH/F+P8jVSrWlf8f8X4/yNAHQ0UUUAFZOu/8ALD/gX9K1qydd/wCWH/Av6UAZVFFFABWhon/H0/8AuH+YrPrQ0T/j6f8A3D/MUAbdFFFAGN4w8K6d448L6noOrQi407UIHt54z3Vhg/oa/nX/AGsPgJqf7Ovxm1rwzeRv9k81p7KfbhZIWO4bT325C/hX9INfFP8AwUw/ZdHx2+Gra1o1p5vivQ4fOgWIfPPHliYh65JB/CgD4t/Yx+Mx8X+Fx4a1Cf8A4mulqPILH5pI8j9ck/lX3P4c1QalpMU5Pzxj957Y71+IPgnxdqXwx8aWuqWpeC6s5sSRnjIBwykfnX0vrv7QHj79ofVB4X8CJNo+lSKGupEOG56ksMkDjtQZ1KkKMHOo7JHGftz6fZaJ+0JqV5o99DKk8cc++0kB8uTGW5HQ5Ney/s0/tVadr2hx6J4v1CKx1O1UJFdTMFWZR0yT3/wqLwz+xfoEcSz+JdUu9YvmGZMsSuf97OTWtqn7G3gO9tytqLqwlx8skbFiD+JrX2cj5SXFGAjPlTb87H0Vp+oWuq2q3NlcR3du3IlhYMp/EVYr4a1rwv8AEP8AZa1KPWNI1GbWvDW/EqMxYBfRgfu/hX1n8J/idpnxX8H22t6cwUt8s0GeYnAGQfzrNprRn0uGxVHF01UoyujsqgvLKDULWW2uYUnglXa8cihlYe4NT0UjqPkX4w/su6p4N1Z/GHw1lkhlQ+bNp8bHI9doHUe2KtfCP9pCz8UyLoviYDSNfjPlt5g2JI3THbB9q+sPavEPjh+y/onxQik1HTduj+Il+ZLiEbVkI5AOOn1A71EoqW51UMROg7rY68cgEcgjIor5X8NfFnxd8CdcTwz4/spprBTiK7IywXsVPcY9a+lfDviTTfFelxX+lXcd5ayDIaM5x7H3rjlBxPpaOIhXXu7mnRRRWZ0hRRRQAUUUUAeGeGTGv7fHg03ePK+02+zd0zha/VavyN/aQjvfAfxA8J/ESwQk6fMpcr/eBG3P4Cv1M+Gvjaw+I3gXRPEemzrPa39ssgZTnBHBH5g1zYqPwyOTDvlqTg973OmooorhPQCuJ+M/w3tvi18MfEHhS5+UahblEf8AuuCGB/MAV21FNNxd0KUVJWZ+IXl638AfFV74L8Z2UtmbeQiOXacHnG5T3U4613djr2nalEsltewyqfRxmv0/+LnwF8F/GzSjZeKdHiu2A+S6UbZU/wCBDBP4mvkbxR/wSl0xrx5vDnjW8soGORBOoAX24zXqRxEJfFozyvZVqOkVzI+dNV8TaZotu013eRIqjO0MCx+gr0H/AIJx+ENS8a/HzV/G0EDQ6LYoSZsEK7Hjb9fmBr1Lwb/wSq0S21CO48UeL7zVYEOTbRAFW9ieCK+z/h/8OfD/AML/AA7b6J4b06LTrCEYCxj5nPqx6k/Woq14crjDW44UalSalUVkjpF+6BS0UV5h6oUUUUAFJS0UAfBH/BQj9l3Wtc1S3+KHgu1e61G1X/iYWsKkuwHRwB14AFfIOgfGDTriPyNWD6ffR/LIrLxn+lftm6LIpVlDKeCrDIP1FeMfEb9j34VfFC6e71fwzDFductNaFoiT9FIFd9LEKMeWZ51TDzU3Ok9+h+XutfF7QtNt2a3ma8n/hRBxn3Ne+fsD/s7+IPHHxIj+K3ii0e00uyO6ximUgyvkFWAPYbevvX1d4J/YT+D3gXUEvbXw4Ly4Q5VrqR2AP0LEGve7Ozg0+2jt7WGO2t4xtSKFAqqPYCqqYlOPLBChh5ykpVXt0JqKKK849IKoa9rth4Y0e81bVJ1tdOs4zNPM5wFQdTVu4uIrO3lnnkWGGNS7yOcKqgZJNfl1+3v+2onj2a58AeDLrdoMTlb+9jOPtDjgoD/AHRlhW9Gk6srI5cRXjQhd7nzJ+0l8Vp/jR8ZPEHiIuTbTXBS2T+6igKMfXGfxr9fP+CUPwhufh5+zlDrWoRbLzxFOb6M4wfIZV2g/iDX5gfsR/st6r+0h8VtPgaFo/DNjOkup3ZHAUEfIvq2Sv4V/QTomjWfh3SbTTLCBLaytYxFFFGMKqjsBX0UYqKSR8dKTnJyfUvUUUVRJn61/wAeq/74/kaxK29a/wCPVf8AfH8jWJQAUUUUAWtL/wCP6L8f5GuhrntL/wCP6L8f5GuhoAKKKKAMrXf+WP8AwL+lZNa2u9If+Bf0rJoAKKKKANDRf+Ppv9w/zFbdYmi/8fTf7h/mK26ACiiigCH7JB/zxj/74FH2SD/njH/3wKmooAwb6R7e6kjido0GMKrEAZGar/a5/wDntJ/30am1T/j/AJfw/kKqUAS/a5/+e0n/AH0aPtc//PaT/vo1FRQB0v2SD/njH/3wKPskH/PGP/vgVNRQBD9kg/54x/8AfAo+yQf88Y/++BU1FAHOz3EsM0iJLIqKxUAMeADUf2uf/ntJ/wB9Gi8/4+pv99v51FQBL9rn/wCe0n/fRqS3uJZLiJWldlZgCrMSCM9KrVLaf8fUP++v86AOg+yQf88Y/wDvgUfZIP8AnjH/AN8CpqKAIfskH/PGP/vgUNZwMpBhj544UCpqKAOZ+2T/APPaT/vo0fbJ/wDntJ/30aiooAl+1z/89pP++jVjT5pJ7uNJHaRDnKscg8HtVKrel/8AH/F+P8jQBtfZIP8AnjH/AN8Cj7JB/wA8Y/8AvgVNRQBD9kg/54x/98Co7q1hW3kZYlVlUsGUYII5HNWqhu/+PWb/AHG/lQBz/wBrn/57Sf8AfRo+1z/89pP++jUVFAEv2uf/AJ7Sf99Grmlu11cMszGVQuQrnIzkc81nVoaJ/wAfT/7h/mKANX7JB/zxj/74FH2SD/njH/3wKmooAh+yQf8APGP/AL4FV9QhjhtXkjRY3XGGQbT1x2+tXqqap/x4S/h/MUAYn2uf/ntJ/wB9Gj7XP/z2k/76NRUUAS/a5/8AntJ/30a0NJ/0rzfO/fbcY8z5sdfWsqtXQv8Alv8A8B/rQBofZIP+eMf/AHwKPskH/PGP/vgVNRQBD9kg/wCeMf8A3wKp6pGttCrwjyn3bcx/Lxj2+laVZ+t/8eqf74/kaAMn7XP/AM9pP++jR9rn/wCe0n/fRqKigCX7XP8A89pP++zV6Dy5NLuZrhFn2Bs+YN3AGcc1mVqWMXn6TdR/39y/mooA/mz+P/iiz8cfGnxfrOn2kdlaXmou0dvEMKgGFwPxBr7W/Zd8C2nhL4VaXcpEovdRQXM0uPmIIGB9Bz+dfE3x68FT/Dj4y+LvD9wCk1hqLoQffDf+zV9ufsv+NrTxb8J9KgjlVrzTkFtNFn5gFAwceh5/KtqXxHxPFftPqceTa+p65RRRXUfkRT1jSrfW9MubC6jWa3uI2jdGGQciviDwN8Qdd/Z3+KPijQdF0xtbt2lZFs9pbAUthgAR/kV9watqUGj6bc311IsNvbxtI7scAYFfPf7F8iePP2l/E/jOVSunIsoikdeCZA4Az+VYVbaH6Jwh7X2lT+W34kdl+3BeWMgTXPA19bL/ABPFEVx/30a9O8E/tVfD/wAZyJD/AGn/AGXdNx5N4DnP1AxX1ZrHg3QfEUJi1TRrG/jbqs8IavEPiN+wn8LvHMErWelHQL5uVlsSETPuoXn865j9PN2zvbfUIVmtZ47mJhkPE4YfpU1fJnib9nn41fs0M+peEdVbxD4fjOTbxZOF9DEGya7D4R/tcaL4xuY9H8SQP4e17OxluAUjZvxA2/iaAPYPHHw+0P4iaPJpuuWMd3A4wGYfOh9Qa+QvGPwY8dfs5apJrvg+6l1bQN26WBedi+jDj9K+1NQ1ix0vTZNQu7yG3skXebh5AEx6g5wa+SPix+1FrPxB1KTwl8NIJyJiYZ78KcsO+DxtHuaTt1Lg5KS5Nzq/hT+0NoPxGiS2nddL1gDDW0xwGP8Asn/E16uOeRzXyvb/ALHN4vhsXP8AbHleJ8+aCD8gPXGc9ffNN8K/HTxV8I9UGgeP7Oe5tEOxLzBJA6Z3c7h7CuNxT+E+kp1500lXVvM+q6KyfDPirS/F+mx32k3kd3A4z8jDcvsR1Fa1ZHoJqSugooopDMLxt4PsvHXhm90a+H7m4TAfujY4YV5t+yp+0Rqn7Kvju4+H/jjzW8KXk+La7b7tuTjDD/Z4x9TXs1cb8TvhbpHxQ0VrPUYgLmNf9HuR96I/4dfzqtJLllsctak5NVIfEj9CtL1Sz1rT4b2wuYryzmUNHPC25WB7irdfk/8ACr4//Ej9jTWItD16KbxD4H3YRFyVjXplDyF7cV+inwb/AGh/BHxx0aK98N6vC0zD57G4kCToe42nBP1ArzqlGVPXdGlHERqe7LSXY9MooOR1GPrRXMdYUUUUAFFFFABRRRQAUUUUAFFFFABRRRQAUUVna74i0vwxYyXmr6ja6ZbIMtJdzLH+W4jNPcG0tzRrnPHXxC8PfDbQ7jVvEWqW+mWcKli0rfM3sB1P5V8i/Hr/AIKZeFPBqXWl+B4H1/V1yn2yQFYI29cEfN+Br85/ix8dPGvxx1v7b4o1abUZC/7m2BPlR57IuTiu6lhZz1lojy6+Pp09Ias+if2tv2/tW+Lv2nw14PM2j+FwxR5lOJboepP938jzXh/7O/7NnjD9pLx1aaB4cs32Svm51KVSYbZMjLse+M9Bk17X+yL/AME5vG37Ql5a6vrMEvhrwisgM1zeRFJp1B5WNDhhkdGwRzmv2i+C/wADvCPwF8IxeHvCGlx6daAKZXAHmTsB95yAMnk/nXsU6caatE+cq1ZVpc02Yn7P/wCzz4b/AGdfhfZ+GdDto/Ohi33V9txJcS9d5P6D2ArtPtc//PaT/vs10N1/x6zf7jfyrma0MSX7XP8A89pP++jR9rn/AOe0n/fRqKigDR0t2ubhlmYyrtztc5Gcj1rU+yQf88Y/++BWVov/AB9t/uH+YrboAh+yQf8APGP/AL4FH2SD/njH/wB8CpqKAKOoQRw2ryRosbrghkGD1x2rH+1z/wDPaT/vo1t6p/x4y/h/MVz9AEv2uf8A57Sf99Gj7XP/AM9pP++jUVFAGrpP+leb5377bjHmfNjr61ofZIP+eMf/AHwKz9C/5bf8B/rWtQBD9kg/54x/98Cj7JB/zxj/AO+BU1FAGbqka20KyRL5T7sbo/l4/D6Vl/a5/wDntJ/32a1ta/49V/3x/I1iUAS/a5/+e0n/AH0aKiooA6uiiigDn9U/4/5fw/kKqVb1T/j/AJfw/kKqUAFFFFAHV0UUUAFFFFAHM3f/AB9Tf77fzqKpbv8A4+pv99v51FQAVLZ/8fUP++v86iqW0/4+of8AfX+dAHTUUUUAFFFFAHKUUUUAFW9L/wCP+L8f5GqlW9L/AOP+L8f5GgDoKKKKACobv/j1m/3G/lU1Q3f/AB6zf7jfyoA5qiiigArQ0T/j6f8A3D/MVn1oaJ/x9P8A7h/mKANuiiigAqpqn/HhL+H8xVuqmqf8eEv4fzFAHP0UUUAFauhf8t/+A/1rKrV0H/lv/wAB/rQBrUUUUAFZ+t/8eqf74/ka0Kz9b/49U/3x/I0AYlFFFABW3ov/AB6v/vn+QrErb0T/AI9W/wB8/wAhQB+YX/BVj9jPUNY1L/ha/hCwa53JjWbeCPLcZ/fcdf4V/CvzX+GvxQ1z4U64uo6TPtzxJC3KSL6EdK/puvbKDUrWW2uoUuLeVSjxyKGVgexBr4I/aa/4JOeEPijqF5r3gW8/4RbWZyZHs8f6LK56k5yV+iinsZVaUK0HTqK6Z8g+Dv22PC2q2sa67bT6Zd4+byV8xPrnit3WP2w/h/p1sz29xdXsmOI1hx+ua818ff8ABL/45eDZiln4bTxGq/8ALTSWZwf++gK+e/il8EfHXwXvLS08beGb7w5cXSF4UvEA8xQcEjBPetPaSPlJcL4CU+ZXS7XPc9W8b+P/ANqi+GjeHtPk0vw0JMTTKSF2/wC0+P0r6z+Enwv074R+EbbRdO+eRfnmucYaV+Mn6ZFfNf7BPj6JV1fwrcOqysftNvnALHgEfkDX2RWbberPpcNhaODp+zoxsj0Pwjrw1G2FvM3+kRjA/wBoV0VeP2t1JZzrNExSRTkEV6JoPiiDVI1SRhFcAcqe/wBKR1m4RuUg9DwR2NeA/Hr9jvwf8Z7eS8ggTQvEKgtHe2aBFZu25Rgde9e/UUAfj/8AGTwj8SPhZcWnhLxxfX6+G0lxHcxs8kckeeoJIDHB6dq+lfgn4Z8H6L4Vt5/Cpiuo5FHmXfBlLdwT1H0zX2R48+Hug/Erw/caN4h0+O/splwd4+ZfdT1Br88Pil8HfGf7H/ik65oDy6t4KuJMsOoRf7rDseO1ZVIuS0O7CVo0Z3kj6NrD8W+C9I8babJY6vZR3UTDAZgN6+4bqKo/Dv4iaV8SNBi1LTJQTjEsB+/G3oa6quLWLPp/dqR7pnyj4k+C/jL4K6o2ueBLya+05Tve05Yjvgpzu+pr0H4W/tNaR4sZdN18LousqdhEhxG7fU4wfavbCAwwRkV5V8UP2edA+IUb3Vug0rVwMrcwDAY+47fhWvMpaSON0Z0XzUXp2PVVdZFVlIZWGQw6EUtfJGm+NfiB+zvqCafr9vJq/h/O1Jjlhj1Vuv519EeAfil4f+I1is+k3qtNjL2zkCRPqKlxa1NqeIjN8r0fY6+iiiszpKWraPZa7YyWl/axXdu4wY5UDD8M9DXgvij9ma+8Pakdc+HetXWi6grbxbpO0Yz1xuBzj2r6HoqlJoxqUYVfiR5n4D/bo+LvwdhjsviH4ZfXNHhIjOoeWYyB/v7fm/OvqT4aft6fCT4jQxKddGh3rcGDUgIlz6Biea6D4E+H9N8QeDdRg1PT7bULd5gClxEr9j3IrlPiR/wT7+FHj6SW5t9Nk8PX78+fYsTz64JwK45ulKTUlYyVOvT+CV15n0NoviDTPEdus+laha6lCwyHtZQ4/StBgU+8Cv1r889X/wCCdvxH8D3DXPgD4jzsFOUhu7h1PsMAEVSV/wBsj4V/KIp/EVtH/wA84kYH8SoNR7GMvhkP6zOPxwZ+jAIPTmlr864/24vj/wCEzt8RfDLzgv3mkVlP/jtaVv8A8FPdashjVfhvLG3fZ5n+NL6vMaxlLrdfI/QKivgqL/gqtpQ/13gW/U/7KN/8VT2/4KraJj5PA+ok+6H/AOKpfV6nYr65R7n3lRXwJJ/wVN+0ZFj8PrmVu28OP/Zqzbj/AIKNfEnVyU0P4YB2b7pbzM/zp/V6gvrlLoz9DNw9acI3bkIxHsK/Of8A4aU/at8afJpHgObT1f7rxwqwH/fQpp+E/wC178TWH9q682iQSfeWbEeB/wABWn9Xt8Ukifrd/hi2foBr3jLQvC8LS6xrNjpka8k3U4T+deH+P/29Pg/4DjkH/CQ/2zcrwItOVZQT6ZDV83eCf2AZ/iFqt1F4k+LkmrXdo228tNPuWlMZ9CGAr6G8A/8ABPz4ReCHjnl0iTXbxefOvXYc+uA2KHClD4ncSqYip8EUkeD69/wUK+I3xPupNN+E/gSeQSHal40RnYZ4yVK8fnXmnxG/ZV/ab+KukPr3iO5kvnl+Y6V9sdSB/wBcsY/Sv1A0Hwjonhe3WDSNJs9OiUYCwQqp/PGa1+fU/nTVdQfuRE8K6i/ezbP5+PG3wi8Y/DyaSPxF4d1DStpxuuIGVT9CRXNaTqU2i6pa31uEM9tKsyeYgddykEZB6jIr+hnWPDeleILdoNT0201CFhgrcQq36kZr59+Jn/BP34TfETzpodKbQL+TP7+xYkZ/3ScfpXZDGr7SPPqZZJawdz5t+C//AAWG8beD7e003xd4f0/XrGMrGJrRVtDFGOOERMHAr7t+EX/BSn4KfFVUhbxD/wAI5fYAaLWQtuu70Vi3NfnZ8Tv+CV/i7QfNuPCGrW+vW65IgmJWY+2AuP1r5R8c/Bfxz8L7xovEPh2+0tlbAeROD7giu2NaE/hZ5dTD1afxRP6WrPWLLXdHN7p91Fe2ksZZJoWDKwx1BFYtfzs/DP8Aac+Jfweu2m8NeLNQsT0MUr+cmPTa+QPwr7f+Cn/BX24g8mx+Ivh/zolCqdQ007pGPcspIAH0rY5z9R6K8v8AhH+0t8O/jdZLN4W8SWl7PtDSWm/EsWezD1r1DPpzQBoaL/x9t/uH+YrbrE0X/j6b/cP8xW3QAUUUUAVNU/48Zfw/mK5+ug1T/jxl/D+Yrn6ACiiigDV0L/lt/wAB/rWtWToX/Lb/AID/AFrWoAKKKKAM/Wv+PVf98fyNYlbetf8AHov++P5GsSgAooooAt/2pdf89f8Ax0f4Uf2pdf8APX/x0f4VUooA27W1ivbdZpl3ytnLZI6HHapf7Ltf+eX/AI8f8aNL/wCPCL8f5mrdAFT+y7X/AJ5f+PH/ABo/su1/55f+PH/GrdFAHPLql0qgCXgccgH+lL/al1/z1/8AHR/hVSigC3/al1/z1/8AHR/hR/al1/z1/wDHR/hVSigDdh0+CeFJJE3O6hmOTyTyaf8A2Xa/88v/AB4/41Laf8esP+4v8qmoAqf2Xa/88v8Ax4/40yfT7eGGSRE2uqlgQx4IH1q9UN3/AMes3+438qAMX+1Lr/nr/wCOj/Cj+1Lr/nr/AOOj/CqlFAFv+1Lr/nr/AOOj/Cj+1Lr/AJ6/+Oj/AAqpRQB0H9l2v/PL/wAeP+NH9l2v/PL/AMeP+NW6KAKn9l2v/PL/AMeP+NQ3lnFZ27TQrskXGGyfUVo1U1T/AI8Jfw/mKAMr+1Lr/nr/AOOj/Cj+1Lr/AJ6/+Oj/AAqpRQBb/tS6/wCev/jo/wAKdDqE88qRvJuR2CsMDkHg1SqW0/4+of8AfX+dAG3/AGXa/wDPL/x4/wCNH9l2v/PL/wAeP+NW6KAKn9l2v/PL/wAeP+NVr6FNPjWW3Hlvu25yTxg+talZ+t/8eqf74/kaAM/+1Lr/AJ6/+Oj/AAo/tS6/56/+Oj/CqlFAFv8AtS6/56/+Oj/CpbW6lvp1hmffE2crgDoM9qz6t6X/AMf8X4/yNAGr/Zdr/wA8v/Hj/jR/Zdr/AM8v/Hj/AI1booAqf2Xa/wDPL/x4/wCNVL9f7NaM237vfkNznOMeta1ZOvf8sP8AgX9KAKv9qXX/AD1/8dH+FH9qXX/PX/x0f4VUooAt/wBqXX/PX/x0f4VYsZW1GYxXB8xAu4DpzwO31rMrQ0X/AI+n/wBw/wAxQBof2Xa/88v/AB4/40f2Xa/88v8Ax4/41booAqf2Xa/88v8Ax4/41RvZG02YR258tGUMR15yfWtmsTWv+PpP9wfzNAEX9qXX/PX/AMdH+FH9qXX/AD1/8dH+FVKzPEHifSPCentf61qdppVmvWe8nWJPpliBmgDe/tS6/wCev/jo/wAK+Uf+Ci/7PVx8fPgXfahp8H2jxF4d/wBMtVRRvmUBgYh9Sc/hXpujftTfC3XtZ/su08aaS13naA93GqsfQEtg16j4d8V6DqmoXGkwarZXd68QdrSGdHk8s8bioOccjn3oA/my+H/i6++Gnjiw1aAtDPZzYkQ8cdGB/DNfqh4M8W2XjrwzYa5p7h7W8jEgwfukjJU+4zXy5/wU8/ZctPgV8V08QaGtvB4f8RSNLHaxuoaCbklQnULhc5xjJrhP2O/j5/whesf8ItrVzt0a8b/R2bpDKf6E7RQB98UqsVYEHB9RTVYMoZSGVhkMOhHrS0AbWn+LtQsQF8zzUH8L1uWvxBjOBPbsvupriap6xqtvoek3mo3TbLe1iaZz7KCT/KgD1a38YabP1m8v/eFLq0Wh+LNJudNvmtL6yukKSwSyLhgfxr82NQ+L3xR+Puv31v4NlbR9CgkMYljby8jOAS2QDnGcUq/AX4t583/hOp0m68XJ/nuqHJLRnRDD1aivFGj8bfhPq37IfxEg8TeG5GuPBupS4aJWDCMd0bHoOa938M+IbXxVoNlq1k262uow6+2RnFfOetfAv4v+KNN/sjWfGMmoaWWBaK4ud6/XG72r3r4ceDl8A+DbDRBN55t1+aT1YgZx7cVz1XF6o9rAwrU7xmtDpaKKZNNHbwvLK6xxIMs7HAA9Sa5z1itqmk2et2clpfW0d1byDDRyDINfO/j79mO80O+bXvAF7JY3cZ3/AGMNj3+Xt+dfRWm6paavarc2VzFd27dJIXDL+Yq1VqTiYVKUKq1PmvwD+07eaNfJoXj+ylsbpDs+3FSBxx83r+FfRWmaraazZx3djcR3VvIMrJG2Qa5rx/8ACvw98R7NodXslefGEukwJE/HFV/hP8MLf4WaHPp1veS3iSy+ZmQnC8YwBTk4tXRnTjVhLlk7rudvRRSHoTWZ1n0n+zzb+T4Jlcj/AFk+fyJr1GuJ+Dtj9h8A6epGC+5/1NdtXlz1kzVbBSUtFZgRyQpL99Ef/eQH+lUbjw3pN3/r9MtJv96IVpUU7sVl2Ofk+H3hibmTw9pzfWGmJ8OPCkZyvhvTQf8ArlXR0U+Z9yeSPYxofBug2/8AqtFsYz/switCHTbW3GIraGMeixr/AIVZoouyuVdhFG0YGAPYAUvAYEjIHaiikM/M34jXWt/sO/tV/wDCSQGa78I+ImLujElWUkblPvuH5Cvs7wr+0lo+uW8Et5btbRTKGSaMgoQe/eov2s/gTbfHr4R6lpIiU6zaobjTpmHKyAHj6YJr4L/Zh8fXT2974I1stFq2kMUjSXIYqONvPfqa9GMY14Xe6POg3h6vI9nsfqVpHibS9ehWSxvYpwewbB/I1p18TWN9cabMJrSeS3kHIaNsGvSPCvx41jRykWp41G3H8R4cD681hKg/snfc+kaK5bwn8SNE8Xxj7JcrHP3hmO1s+2etdTXK01oygqjq2iafr1q9tqNlBfW7jDRzoCDV6igGk9z5f+LH/BPT4W/EgTzWGnt4Y1CTLedp+Ahb1IIJr4l+M/8AwTc+IXw5jnvtC8vxTpiZbda/LIq+4YjP4Cv16oBK8g4PtXTTxNSHW5w1cFSqa2sz+eq2vPEnw511JY2vtE1O2k3K2GjdGB6jPvX6Efsh/wDBUy60O90/wz8WSdS0yRhGuvZbzYAT1lAPIH+yM8V9X/G39l3wF8dNNnj13SIo9TZT5ep26hJlOOCWxkj2r8jv2mv2ZfEP7N3i/wCwagPtel3W57O+jX5HTPQ9cHnv6GvWo4iNXTqeBiMHOhruj+h2x1bTdV0Oz1jRLmO5tLpQ8VxC+5XUgmnf2pdf89f/AB0f4V+Wv/BKD9qC/kuLr4Ua9fPNZbRPo/nPnyzkAwqOw++341+n9dZ55b/tS6/56/8Ajo/wo/tS6/56/wDjo/wqpRQBoWt1LezrDM2+Juq4A7Z7Vof2Xa/88v8Ax4/41k6X/wAf0X4/yNdDQBU/su1/55f+PH/Gj+y7X/nl/wCPH/GrdFAGTfL/AGaYzbfuy+Q3Oc9PWqv9qXX/AD1/8dH+FW9d6Q/8C/pWTQBb/tS6/wCev/jo/wAKP7Uuv+ev/jo/wqpRQBpWUz6jMYrg+YgXcBjHP4fWr39l2v8Azy/8eP8AjWfov/H03+4f5itugCp/Zdr/AM8v/Hj/AI0VbooA5SiiigDoNL/48Ivx/mat1U0v/jwi/H+Zq3QAUUUUAcpRRRQAUUUUAdLaf8esP+4v8qmqG0/49Yf9xf5VNQAVDd/8es3+438qmqG7/wCPWb/cb+VAHNUUUUAFFFFAHV0UUUAFVNU/48Jfw/mKt1U1T/jwl/D+YoA5+iiigAqW0/4+of8AfX+dRVLZ/wDH1D/vr/OgDpqKKKACs/W/+PVP98fyNaFZ+t/8eqf74/kaAMSiiigAq3pf/H/F+P8AI1Uq3pf/AB/xfj/I0AdBRRRQAVk69/yw/wCBf0rWrJ17/lh/wL+lAGVRRRQAVoaL/wAfT/7h/mKz60NE/wCPp/8AcP8AMUAbdFFFABWJrX/H0n+4P5mtuuc8V6hb6XHJeXUqw28MO95HOAoBPNAHmnx0+N3h34B/D+/8UeIrpYooUIt4MjfcSdkUdz/TNfhp+0h+1h40/aO8VXWoazfS2els2LfR7eVhBCgPyggYDkf3iM8V2v7eP7VV7+0N8ULm2sZinhTSZGgsYVbiXGcysPXkj8Kn/Yy/Zdf4oa9B4h163b+wbdw0cbDidhz+Q4oA+aLux1LQ/slxPbzWfmjzIJSpQsODlT+I5r7r/YH/AGzfCXwA8C/EDUfFrTan4ukCvp011IZpZlCAeUGY5UZxwPSvSP2/vhro0vwDjv7aygtbnSJ4o4HijCkRkHK8f7or8ueQcCgD1P8AaC/aA8U/tGePrvxB4hu5JnlkP2e0Vj5UC54VV6fjjvXQeCP2WfEXiLwrNrc0h06fy/Ns7c8PIQM/UdsV1X7MHwHi1RYvFeuwb7YHNpA44c/3j7dfyr62VQqgKAoHQAYArnnUs7I9nC4Lnjz1DyH9l/8AaAlvmHgTxfIbbXbNvJtpJuDKBxtOe/QD1r6fr5P+PXwOfxUv/CSeHN1p4itRvAh+UzY/9m4/Wug/Zx/aVXxPs8J+LWFj4itv3Mck3Hn44wff/CtYSUkcGIw8qErPY+kK5D4uabLq3wz8SWsGfNaylYY9kY119MmhS4hkikGY5FKOPVSMGrOU+Q/2N9QibwHqmm8LdWt3+8Hfkt1r3+vlrw7HN8C/2lNQ0K6YxaVq8hZGbhf3hBU/gGr6kGO3TtXDUVpH1OCqKdFLsLiiiisjvCvPfj5qraP8JfEEysVZodgIOD1FehV4f+1xqn2P4aR2obDXdyI8evB/wq46yRhXly0pM0P2VbFrT4S2cjFj58zONx6DaOlewVw3wQ0s6R8K/DluRhvsyufxruaJbsdFctOK8goooqDYKfFEZ5EjHV2Cj8aZW74H086p4t0u2xkNOrH6Aik3ZXA+svDNmNP8P6dbgY2QL+oBrUpqKI0VR0VQv5DFOryTUKKKKQBRRRQAUUUUAFFFFABRRRQAlfml+3p8JLr4MfFnS/iv4chaLT9RnxfJGMKkvO7OOMFcV+l1cV8ZPhnp/wAXPhzrPhjUYlkju4GETEcpIOVI/ECt6NT2c7nNiKXtYWW62Pj7wr4ktfF3h+y1ezYNb3UYcY7EjJH4VrV83/ALVtR+F/j3XPhd4jYwz2czi38zuyk5x7HAr6Qr05KzIo1PaQv1HwTyWsyywyPFIpyGjYqfzFeueAfjrc6c0Vlrp8+1+6tyPvr9fX868gorOUVJanRc+19O1K21azjurSZZ7eQZWRTkGrNfKXw5+JF74I1BQztNp0hxJCx6D1FfUOk6tba5p8N7ZyCWCVdwI/lXn1Kbgy0y5RRRWIwr5Z/4KQeG7DWf2a9SvLqNTc2N1HJBJj5gdrnAPvX1NXwf/wAFUPixBo/gPSPA0Ew+3ajKLuZFPKomRg/XeK6MOm6iscmLajRlc+Mf2G7qaz/as+HEkDMH/tIjCnqPJfiv6Al+6PpX4a/8E0fhvc+OP2ntA1KEboPD+dQn9NpDR/zcV+5dfRnxoUUUUAWtL/4/ovx/ka6Gue0v/j+i/H+RroaACiiigDK13/lj/wAC/pWTWtrv/LH/AIF/SsmgAooooA0NF/4+m/3D/MVt1iaL/wAfbf7h/mK26ACiiigAooooA57VFC30uBjof0FVat6p/wAf8v4fyFVKACiiigDq6KKKACiiigDmboBbmYAYAcgAfWoqlu/+Pqb/AH2/nUVABUtp/wAfUP8Avr/OoqltP+PqH/fX+dAHTUUUUAFIyhgQRkHgg0tFAHKUUUUAFW9L/wCP6L8f5GqlW9L/AOP+L8f5GgDoKKKKACobxQ1pNkZ+Qn9KmqG7/wCPWb/cb+VAHNUUUUAFaGif8fTf7h/mKz60NE/4+n/3D/MUAbdFFFABVPVlBsZCRnGMfmKuVU1T/jwl/D+YoA5+iiigArV0L/lv/wAB/rWVWroX/Lf/AID/AFoA1qKKKACs7W1H2ZDjnfjP4GtGs/W/+PVP98fyNAGJRRRQAV8I/wDBUb9qf/hXfw3Hw30K7VNb14Mb1kbmK2xhlOOjE7SM19f/ABZ+JWl/CL4f6z4q1eVY7TT4Gl2swUyMASEHuccCv58vjJ8TdZ+OXxS1fxJqLtdXmo3B8pFU5EYOEUD/AHQKAJvgb8Kb74v+PLTTIY2+yK4kupscKmf6n+dfsR8NfA1h4B8L2emafbrbQxRhFRR0UDgV4X+xn8A4vht4Lhu7yIf2ndqJbhiOc8YX6cA19QUAfP37dab/ANnDXfaeI/o1flB4N0X/AISLxZpmmE4+0zKlfrN+3Cm/9nDxD7SRn9Gr8nfA+tr4b8YaVqTZ2206uaT2LhbmVz9K9I0yDRtLtbG2QRwW8YRFXoBVuq2m38Oqafb3lu4khnjDoy9CMVZrzj7RWtoFeLfGz4Bw+NFOuaDjT/EUHzho+BMR/X/CvaaKak4u6M6lONWPLJHiPwI/agutOvk8G/EMPZ6jCfKhv5gRu9m/x6V9VwzR3EayROssbDKuhypHqCK+efi58E9H+KFi0kiC11iMfubxBznsG9a8p8B/Grxl+zlrC+HPGtvNqXh4NtiuBlti9Mq3OR04FdkKikfNYjCyoO+6PSv21PhtJrXhO28YaepXU9HbDug+byzyT+G0Vt/Bfx1H4+8A6df7s3UaCK4XuGHAz+AFen6P4g8OfGDwnOun3kOoaffQmKWMMC6hhyGXqK+SfgHdT/DX4xeI/A14dkM0rGJTwN3BXH/AaVWN1c0wNX2dTlezPqGiiiuI+mCvmf8AbCvDfah4S0WM5eSUSlf+BMK+mOvA618q+P5P+E8/ag0jTY/3kOnuI3HUAY3fzNa097nFi37nL3Z9OaDYrpei2Foo2iCFUxV6lb7xxSVmdi0VgooopDCvSvgHpf27xwJmGVt4mb8SOP5V5rXu37Num4t9UviOrLGD+YrKq7QY1ue20UUV5hoFFFFABRRRQAUUUUAFFFFABRRRQAUUUUAfn1/wUk+C82g6lo/xe8PQtHd28qRah5Q5OGG1j9STmk+HPjO28e+ENP1e2YMZIwsoz0kAw365r7m8feC7H4heDdX8O6jEstrqFu8JDDO1ipCt+BOa/Kv4QtqHwN+MWvfDHWw0ML3DG0MnA+8fLI/3g2a9ShP2kOV7o82X7itfpL8z6UooorQ7Qr1T4G+O30XWF0a5k/0K7b5Nx4R8/wD1zXldOime2kSWI7ZIzuVh2NTKPMrDPt76dKKxPBmtL4g8L6ffBstJEN31HH9Kq/ED4iaB8MPDdzrniLUIdPsYELZkcBpCP4VB6n6V5fK72LclFXY34j/ELR/hd4P1HxHrdylvZWcTP87YMjAEhB6k4xX4b/H74xan8c/iZqniXUJGKSyFLeM9I4hwo/ICvSv2vv2vdW/aM8QtZWTSWXhG1f8A0WzyQZCD99/fgHpxXaf8E/P2Nbz49eNIPEmv2RXwPpkoaZplwLxwf9WoP3hwwJGQCK9vDUPZrmlufL43Fe2fLHZH3N/wSe/Z1n+Fvw3uvGGr26x6x4kTzIgyFXitwVGw59WTd+Nffdc74WsYdNWK0tkEVvDCI40XoFGABXRV3HlhRRRQBU1VQbGQkZIwR+dc/XQap/x4y/h/MVz9ABRRRQBq6F/y2/4D/WtasnQv+W3/AAH+ta1ABRRRQBna0o+yocc78Z/A1i1t61/x6r/vj+RrEoAKKKKAOrooooA5/VP+P+X8P5CqlW9U/wCP+X8P5CqlABRRRQB1dFFFABRRRQBzN3/x9Tf77fzqKpbv/j6m/wB9v51FQAVLZ/8AH1D/AL6/zqKpbP8A4+of99f50AdNRRRQAUUUUAcpRRRQAVb0v/j/AIvx/kaqVb0v/j/i/H+RoA6CiiigAqG7/wCPWb/cb+VTVDd/8es3+438qAOaooooAK0NE/4+n/3D/MVn1oaJ/wAfT/7h/mKANuiiigAqpqn/AB4S/h/MVbqpqn/HhL+H8xQBz9FFFABWroX/AC3/AOA/1rKrV0H/AJb/APAf60Aa1FFFABWfrf8Ax6p/vj+RrQrP1v8A49U/3x/I0AYlFFeCftoftEWn7O/wZ1LVfMU6zfI1pp8APzl2G0uP93cG/CgD4M/4KoftRHxh4qj+Gnh++D6RpjCTUWiORLPxhc/7JDAj3rxP9iH4Hv4+8Zp4hvrffp2nuPKDj5Xl6j6jGa8E02y1j4qeOkhaSS+1bVbotLM3JLu3zMfxNfrz+zv8L7P4beCLCxt4lTyowC2OWc8sfzzQB6hp1jHptnFbxjCoMVZoooA8O/bVj8z9nHxP/slD/wCOtX47t96v2R/bGj839nPxaPSMN/461fkD4c0GbxPr1lpcEiRTXcoiRpM7QT60AfSv7Lvx2htreLwnr1wEUcWU7n/xwn8/zr6sr85fil8IfFPwS8WSaR4gspbG7iIeKbBCyL1DKfT/AAr2D4H/ALUz6PHBonipmmtFwsV9/EnbDe1c1Sn1R7mExiSVOofXVFU9L1iy1yzju7C6ju7aQZWSM5Bq5XMe2nfVBWR4n8J6V4x0uSw1azju7dxj5gNy+4PUVr0UA0pKzPmDWfgJ4y+FmsHWPhxqs8sKncbNnOR7bOQ341l+DdF8feP/AI4ad4l17RpNNktWBurgxeWrYXHYDnpX1nRgDoB+ArX2jtZnn/UafOprQKKKKxPRKuqapDoun3N/cMFhtozK5PoK+Zv2YrCTxd8SPFHi+4G4K7JGx/vZXH6V1v7VfxDXQvCI8N2bbtT1X5TGn3hHyCPxyK7T4E+BR4C+HthaOuLydfPuDjncen6YrVe7G/c4Zfva6itonoVFFFZHcFFFFABX0z8ArL7L4FWTGDNMx/WvmY9D9K+sPhBCIfh9pgHcFvzxXPX+EqJ2dFFFeeWFFFFABRRRQAUUUUAFFFFABRRRQAUUUUAFfBP/AAUu+DdxDDpHxZ0OMx3+lusN4YxyRxsc/QJ+tfe1c98QPBNl8R/Bmr+GtRRXtNSt2t23D7uRjd+Ga2pTdOSZhXp+1g4nwv8ADPxlB488F6bq0LAtJGFlX+6w4/pXU181/Au8ufhN8U/FPw41p/s/lXDGDzDgA5G0DP8AsnNe76x468PaBC0uoaxa2yKMnc+T+lerJa6HPRqqULyeqN2ms4jjZ2OEXksegrwLxr+2B4b0MSQ6JbvrE/8ADIeI8/mDXzn4/wDj94t+IUjxzXrWdm3S1tzhfz6/rVxpyZjVxtKnondn35fft9eE/gr4Hu9Jsv8Aif8AiKNyIIIz+5Tj+Jh059q+CPjb+0R4z+PmvSah4i1F2g3furKJtsEQ9AowCffFV/hN+z749+OOuLY+FtBvNUc/NLcBMRxr/eZjjI+ma/Ub9lr/AIJf+GfhdJb6749li8T66oVkswD9lgYc5HAJP1yOK2hRhB3S1PEr4upW0eiPj/8AY4/4J4+IfjpqFh4h8Uwz6L4I4l8xgVlvB1CoOPlP94HjNfsl4L8F6P8AD/w3ZaFoNjDp+mWcYjihhQKMAYycdSe56mtW0s4NPt0gtoY7eBBhY4lCqo9gKmrc4jQ0X/j6b/cP8xW3WJov/H23+4f5itugAooooAqap/x4y/h/MVz9dBqn/HjL+H8xXP0AFFFFAGroX/Lb/gP9a1qydC/5bf8AAf61rUAFFFFAGfrX/Hqv++P5GsStvWv+PVf98fyNYlABRRRQBL9rn/57Sf8AfRo+1z/89pP++jUVFAG7p8KT2kbyIsjnOWYZJ5PerH2SD/njH/3wKi0v/jwi/H+Zq3QBD9kg/wCeMf8A3wKPskH/ADxj/wC+BU1FAHMrdTKoAmkAHAAY0fa5/wDntJ/30aiooAl+1z/89pP++jR9rn/57Sf99GoqKAOht7eKS3iZokZmUEsygknHWpPskH/PGP8A74FFp/x6w/7i/wAqmoAh+yQf88Y/++BUd1awrbSkQxghCQQo9KtVDd/8es3+438qAOf+1z/89pP++jR9rn/57Sf99GoqKAJftc//AD2k/wC+jR9rn/57Sf8AfRqKigDpfskH/PGP/vgUfZIP+eMf/fAqaigCH7JB/wA8Y/8AvgVX1CCOGzd0jVHXBDKoBHIq9VTVP+PCX8P5igDE+1z/APPaT/vs0fbJ/wDntJ/30aiooAl+1z/89pP++jUlvcSyXESNK7KzAFSxIIzVapbT/j6h/wB9f50AdB9kg/54x/8AfAo+yQf88Y/++BU1FAEP2SD/AJ4x/wDfAqnqsaW9ujxKsT78bkGD0NaVZ+t/8eqf74/kaAMn7XP/AM9pP++zR9sn/wCe0n/fRqKigCX7XP8A89pP++jVjT5nnu40ldpEOcqxyDwe1Uqt6X/x/wAX4/yNAG19kg/54x/98Cj7JB/zxj/74FTUUAQ/ZIP+eMf/AHwKz9WAtWhMI8okMCU+XPT0rWrJ17/lh/wL+lAGf9rn/wCe0n/fZo+1z/8APaT/AL6NRUUAS/a5/wDntJ/30auaW7XVwyzMZVC5CucjORzzWdWhov8Ax9P/ALh/mKAL981lp1nPdXCRRwQo0jsyjAUDJNfgX/wUI/aVk+P/AMb9RXTblj4V0eQ2unxIf3b4JBmA9WBH5V+ln/BUD9pv/hSfwbfw3pVx5fiPxKpt42jk2vBF1Mnrg7Cv41+Lfws8B3fxJ8c6botojMJpQZDj7sYOWP5ZoA+q/wBg34KmaRvGF/b/AL2VjBZBl5Azhm/lX6NWdutnaxwoMBBivOfg94NtPDWk2tpaRqlpYwrBGAMZIGCfqcV6XQAUUUUAeSftZQ+d+zx4zX0tGb8kavyC+HtwLfxtokrHAW7jP61+xv7Stv8AavgP43jxk/2bMfyQ1+MvhxvJ8R6cT/DdJ/6FQB/RJ8bP2XPA37Snw3s9J8S6ZGbpbVGtNRhULNbvsHzKcfgfYmvxv/am/wCCfvxA/Zz1Ke7Wzk8QeF2b9zqljGXwM9HQZYY4ycY5r97PDDB/DelsOhtYv/QRVu/0+21SzmtLyCO5tplKSQyruV1IwQR3GKAP5lPA3xT8TfDS83aVfSRRA/PbOSY2+or6a8A/tgaHrCR2/iG3bTLrgGdOYyfXAyRX35+0d/wSw+HPxdNzqfhbHgzXpOd1sgNqf+2Q2jJ9c1+Z3xy/4J9/Fz4KXkxuNCk1zTg37u60kGclcfeZEB2/jUSgpbnXSxVSjs9D6l0bxXpHiGBZtO1G3ukYZG2QZ/LOa1vwP5V+Ydte634TvpI4Z7rSruNsOm4xOD6Eda7/AEH9pbx74fVFGpfa417XSl8/iTWDovoepDMov40fftFfHNh+2l4hhUC60y1uD3KgL/SrU37bGqshEWiW6N6swP8ASo9lI6fr1HufXlcH8TvjDofwz0mWe7uEnvcHyrSNgWZu2cdBXyd4k/aq8b+II3iguIrCFhj/AEaPa35g15HqWrXus3jXN9cy3Vw33pJmLMfxNXGi+py1cwja1NH1F8GfA+rfF3xw/wAQPFCE2UUmbWCUfeIPy4HoAMV9TgAcAYHSuN+D8y3Hw18PuoAH2cDj2Arsqxk7s9HD01CCfVhRRRUHSFFFFAAeh+lfWnwmYP8AD/SyOm3H8q+S/WvqH4F3wvPANumcmGRkP51zV/hKiehUUUVwFhRRRQAUUUUAFFFFABRRRQAUUUUAFFFFABSfpS0UwPzI/wCCpXwpPh7xfovj7TUMKakvkXTxjH70ZwSf91RXwXbRX2uXiW8K3F5cSHCxxq0jt9AOTX7bftqfDVfiX+z14mtFiEl7YxfbLbIyQ4wOPwJr8f8A4FeMZ/h78X/DGsxLGz2uoRq3mDI2swRv0Jr3MJPmp27Hy2Pp+zq3WzPQPhR+wv8AFz4tNBJp3hmeysXfD3V9iIIPXYxDGvvH4Ef8Ek/DHhVoNQ+Ieqf8JJeRsHFlajZbEddrqwJP4Gvv7StSg1jTba+tWD29xGJI2HQqRkVbruPLMnwH4J0P4f6ZZ6N4e0230nTIiEW2t12qBnpiu7+yQf8APGP/AL4Fc/a/8fUP++v866agCH7JB/zxj/74FH2SD/njH/3wKmooAzdVjS3t1eJFiff95Bg9DWX9rn/57Sf99mtbWv8Aj1X/AHx/I1iUAS/bJ/8AntJ/30aPtc//AD2k/wC+jUVFAF2wmknu40kdpEOcqxyDwe1bH2SD/njH/wB8CsTS/wDj+i/H+RroaAIfskH/ADxj/wC+BR9kg/54x/8AfAqaigDJ1ZRa+UYQIid2Sny+npWf9rn/AOe0n/fRrR13/lj/AMC/pWTQBL9rn/57Sf8AfRo+1z/89pP++jUVFAGjpbtc3DLMxlXbna5yM5HrWp9kg/54x/8AfArK0X/j7b/cP8xW3QBD9kg/54x/98CipqKAOUoqX7JP/wA8ZP8Avg0fZJ/+eMn/AHwaANvS/wDjwi/H+Zq3VHT544bNEeRUdcgqzAEcmrH2uD/ntH/30KAJqKh+1wf89o/++hR9rg/57R/99CgDmqKl+yT/APPGT/vg0fZJ/wDnjJ/3waAIqKl+yT/88ZP++DR9kn/54yf98GgDoLT/AI9Yf9xf5VNVW1uoVtogZYwQgBBYelSfa4P+e0f/AH0KAJqhu/8Aj1m/3G/lR9rg/wCe0f8A30KjuLiKS3lVZUZmUgKrAknHSgDnqKl+yT/88ZP++DR9kn/54yf98GgCKipfsk//ADxk/wC+DQ1rMqkmKQAcklTQB01FQ/a4P+e0f/fQo+1wf89o/wDvoUATVU1T/jwl/D+YqX7XB/z2j/76FV9QmSe0kSN1kc4wqnJPI7UAYVFS/ZJ/+eMn/fBo+yT/APPGT/vg0ARVLaf8fUP++v8AOj7JP/zxk/74NPghkhuInkjZEV1JZlIA5oA6OioftkH/AD2j/wC+hR9rg/57R/8AfQoAmrP1v/j1T/fH8jVr7XB/z2j/AO+hVPVHW6t1WFhKwbJVDuOMHnigDGoqX7JP/wA8ZP8Avg0fZJ/+eMn/AHwaAIqt6X/x/Rfj/I1D9kn/AOeMn/fBqxYxvb3kbyq0Scjc4wOh9aAN6ioftkH/AD2j/wC+hR9rg/57R/8AfQoAmrJ17/lh/wAC/pWh9rg/57R/99Cs/Vv9K8ryf323OfL+bHT0oAyqKl+yT/8APGT/AL4NH2Sf/njJ/wB8GgCKpY9VtdDt7zUL2Zbe1t4Gkkkc4CqCOTR9kn/54yf98Gvh7/gqT+0Mfhf8JT4I0+fyNc8TRtFIuSrLa8hyMdDnbQB+bX7an7QN5+0N8c9c1szSNpFvK1rpsLjHlwg8j/vrcfxr3j9iH4Rjw74Zk8X3sWL7Uxstgw+7H2YfXca+Sfgv8O7r4ofEPTNKiRjC0oe4kHIRBzk/UjH41+r3g3w/bWsthpllEIrO2ULGijgKvSgD0vw5YDT9JgjxhmG5vxrToAC8DoOKKACiiigDifjZa/bfhF4wgxnfpk4/8cNfifaoYfEUK/3bsD8nr9zvGVj/AGn4R120xnzrCZMfVa/Du9j+y+MLtP8AnleuPyloA/px8G/8ino+f+fSL/0EVs1xfwi1qLVPhj4aunuI2aSxjJO4emK677XB/wA9o/8AvoUATVzusxrNeTI6q6MACrDIPArc+1wf89o/++hWRqETz3bvEjSIcYZRkHj1oA8g+IX7Mnwz+KFpJb674S06QSfektoVgkPvvQA/rXzj4y/4JLfCXXkYaLdaj4dJ6GN2uMf99vX3J9kn/wCeMn/fBo+yT/8APGT/AL4NAH5j6p/wRmsId39nfEG8m9BPZRr/AOzGotJ/4Iv3N82Z/HTxRbsFktkJ/nX6e/ZJ/wDnjJ/3wa09KkS3hdJWWN9/3XOD0HrQB+fXgn/gjD4B0Ob7Rr/i3U9fXac2vkCBc44+ZHzX5W/HfwbZ/Dv4yeM/DWnxtHZaXqlxaQK5JIjRyF5PXgV/TJ9rg/57R/8AfQr8AP8AgpH4Lj8F/tXeLIo+V1DZqOR0JlZmNAHsv7OOoDUvhHozg58ven5MRXpteCfscawl78N7ux3Ze0uemegYsa97rz56SZ9hh5c1KLCiiioOgKKKKACvdP2b9YBh1LS2bkESov5k14XXXfCzxF/wjfjOynZtsMreTJ6YYgZrOpHmi0Nbn1rRTVYSKGXlWGQfY06vLNAooooAKKKKACiiigAooooAKKKKACiiigAooooAp6vYx6ppd5ZSqGjuIXjZT3yDX4CfE7w63gz4l6/pKExvY3roCOCCDkV/QPX4Z/tl2Uen/tNePY4hhTqDnA+gr08C/eaPEzSPuRkftR+xv4p/4S79mvwHeGXzpY9Nht5HJyS6ooOa9pr5I/4JY3Nzqn7JemOySSeVqV1ECATwNmBX159kn/54yf8AfBr2D50LX/j6h/31/nXTVzkMEkM0TvGyKHBLMpAHNbv2uD/ntH/30KAJqKh+2Qf89o/++hR9rg/57R/99CgCrrX/AB6r/vj+RrEra1R1ubdVhYStuztQ5OMH0rK+yT/88ZP++DQBFRUv2Sf/AJ4yf98Gj7JP/wA8ZP8Avg0AS6X/AMf0X4/yNdDWBYxvb3kTyo0SZPzOMDoa2ftcH/PaP/voUATUVD9rg/57R/8AfQo+1wf89o/++hQBQ13/AJY/8C/pWTWtq3+leV5P77bnPl/Njp6VnfZJ/wDnjJ/3waAIqKl+yT/88ZP++DR9kn/54yf98GgC3ov/AB9t/uH+YrbrE0tTa3RMw8oFDgyfL3HrWr9sg/57R/8AfQoAmoqH7XB/z2j/AO+hRQBNRRRQBz+qf8f0v4fyFVKt6p/x/wAv4fyFVKACiiigDq6KKKACiiigDmbz/j6m/wB9v51FUt3/AMfU3++386ioAKltP+PqH/fX+dRVLaf8fUP++v8AOgDpqKKKACiiigDlKKKKACrel/8AH/F+P8jVSrel/wDH/F+P8jQB0FFFFABUN3/x6zf7jfyqaobv/j1m/wBxv5UAc1RRRQAVoaJ/x9P/ALh/mKz60NE/4+n/ANw/zFAG3RRRQAVU1T/jxl/D+Yq3VTVP+PCX8P5igDn6KKKACtXQv+W//Af61lVq6F/y3/4D/WgDWooooAo63rNp4d0e81O/mW3srSJpppWOAqKMkn8K/nZ/bJ+PF5+0H8dNe8QSSP8AYIpmtbKEtlUjQ7Mr/vbQ341+pX/BVz9or/hVvwZXwdpl15WueJCYm287bYYEoPpkPX5AfBP4dzfFD4jaZoyqTbtIHuHH8MYIyf1FAH2H+xT8KT4R8Fy+JL2HF/qw/dbhysXH9VNfYXw/s8zT3JHCjatcPpunw6Tp9tZWyBILeMRoq9ABXqnhG0+y6JCSMNJ85/GgDaooooAKKKKALFhZDUrr7KRkTIY/zr8JfHFu2nfEbxDEwwY9UnGPpMa/e3wTGJPFemq3IMgz+Yr8Nv2itLOj/HDxlahdpXUpiB9WJoA/eH9mHVBrXwB8D3o6TacrcfUj+leoV4L+wjqB1L9kz4bSMcuNMAb673r3qgAroNK/48Y/x/ma5+ug0r/jxj/H+ZoAt0UUUAFYmtf8fSf7n9TW3WJrf/H0n+5/U0AZ9fl5/wAFhPhSY7rwz49tbTf5oazvZwPugBRED+JNfqHXlH7UPwatfjt8F/EHheeLzLiSEz2nb9+gJj59N2KAPxX/AGQfGq6D46l0adwkGpJtGTx5gwF/ma+16/MvVNP1b4b+Mri2mV7LVdLumjOQQVdGIz9Mivvb4N/E+y+JnhO3u45ANQhUJdQ55Vh3+mMfnXLWjrc9/L6ycfZs76iiiuY9kKKKKAClVipBBww5BpKKAPqv4ReL18V+FYQ7Zu7UCKRe/sfyFdxXyX8MPGjeC/EkU7sfsUx2Tr2x619X2txHeW8c8Lh4pF3Kw6EV51WHLI0TJaKKKwGFFFFABRRRQAUUUUAFFFFABRRRQAUUUUANkkEas7cKqlifoCa/B/8Aag8QJ4s/aA8balCweGfUJCjD0wK/YD9q34zWfwT+Det6vLMqajcRNb2MZOC8h9PwzX4n+E9CvfiH4607TIUlubzVL2OI7AWY73AY/gCT+FetgYPWR4GZ1FpBH7pf8EwvCk3hP9kfw7FMu1ryeW+X3WQIQa+sK434OeA4/hf8LvDHhWLldJsIrQt/eKKAT+ldlXqngkV1/wAes3+438q5mumuv+PWb/cb+VczQAUUUUAaGi/8fTf7h/mK26xNF/4+m/3D/MVt0AFFFFAFTVP+PGX8P5iufroNU/48Zfw/mK5+gAooooA1dC/5bf8AAf61rVk6F/y2/wCA/wBa1qACiiigDP1r/j1X/fH8jWJW3rX/AB6r/vj+RrEoAKKKKAOrooooA5/VP+P+X8P5CqlW9U/4/wCX8P5CqlABRRRQB1dFIrBlBByDyCKWgAooooA5m7/4+pv99v51FUt3/wAfU3++386ioAKls/8Aj6h/31/nUVS2rBbmEk4AdSfzoA6aiiigAooooA5SiiigAq3pf/H/ABfj/I1Uq1pbBb6LJx1H6GgDoaKKKACobv8A49Zv9xv5VNUN3/x6zf7jfyoA5qiiigArQ0T/AI+n/wBw/wAxWfV/RWAu2BOMoQPzFAG5RRRQAVU1T/jwl/D+Yq3VTVP+PCX8P5igDn6KKKACtXQv+W//AAH+tZVauhMMzDPPBx+dAGtVfUL+DS9Pub25cRW9vE00jt0VVBJP5CrFfIf/AAUy/aCPwT/Z/u7KwuRDrviFmsbUZ52ceb/44xoA/Jn9ub48T/Hz9oDX9YWXfplnKbGyVHJQxxkqHA/2gAa9z/Yh+Fv/AAjng+48T3sO291I7YNw5WMZB/MgV8bfC3wTcfEbx9pWixKZBcTL5rdcRgjcfyr9V9D0e38P6PZ6baoI4LWJYlVenAAJ/SgDStYjPcxRgZLMBXr1vCLeCOIcBBivNvCVp9q1qHIyI/mNemdeaACiiigAooooA6L4fp5ni/Th6Nn9RX4y/t1aP/wj/wC1V44tNu0C6Rx/wKNT/Wv2j+GMfmeMLX/ZVj/Kvyf/AOCqGhDSP2sNduFTat5HHID64jQUAfoT/wAEzPEQ1z9lvQbcHP8AZ5Nqfb+L+tfV9fBP/BH3VXuvgV4js5H3G31lgo9F8qOvvagAroNK/wCPGP8AH+Zrn639KYGxQA5wSD+dAFyiiigArE1v/j6T/c/qa26xNb/4+k/3P6mgDPooooA/OD/gpV+xI3iiK7+KPg2zzqEMedUsbdP9aqj/AFgA7gL+O7mvzP8AAPj7WPhf4kjv7F2Qo22WBj8rgHkEf56V/SZLEk8bRyIskbcMrDII9xX46/8ABUj4B/Dz4R+NdL1TwpqMVrq2t/v7vQo+VhGCDIOOBlQME5yelDV0VGTi7o6v4XfF7RfihpazWMyx36rmazY/Oh/wruq/M7wF/wAJH/wkMH/CM/aDqS5dRbnnAGT147V9T/Dn9qJFuY9F8b2r6VqEZ8trtlIViOPm9/oK45U7bH0WHximrVND6Koqpp+rWWr2yXFjdRXcDDIeJs1brE9O99gooopDCvZ/gr8UlsSmharLiFji3mY/dP8AdP614xSqxVgynBHIIqZRU1ZjTPuGlrwT4W/Gr7EsOk665aEYWO7PVfZq92t7qG8hWWCVZomGVdDkGvNlBwdmaXJaKKKzAKKKKACiiigAooooAKKKaWC5JOB6npQA6sHxv440T4d+GrzX/EF9Hp+l2i7pJpDjtnA9+DXl/wAev2uPAXwH0uU6hqcep6zj91pVm26Rj7npj8a/Kb9oz9q7xh+0XrjNfztY6NG2LfS4WxGg7E+p/Guyjh5VXd7Hn4jGQoqy1Zf/AGvP2ntR/aO8eNJFug8PWLGOwtQeCv8AfI9Sc/nX1x/wSb/ZFudW8QD4s+JbBotOtAV0dZgf30hGGkweCu1uD6ivEP2Ef2FtY/aC8XWmteIbeXTPBdpKHlmmXabsj/lmn19/Sv3L8M+GdM8H6FZ6Po9nHY6dZxiKGCIYVVFe7GKguVHy05yqScpbmpRRRVGZFdf8es3+438q5mumuv8Aj1m/3G/lXM0AFFFFAGhov/H23+4f5itusPRWAuzk4ypA/MVuUAFFFFAFTVP+PGX8P5iufroNU/48Zfw/mK5+gAooooA1dC/5b/8AAf61rVkaGw3TDPJA4/OtegAooooAz9a/49V/3x/I1iVt61/x6r/vj+RrEoAKKKKACiiigDoNL/48Yvx/mat1U0v/AI8Ivx/mat0AFFFFAHKUUUUAFFFFAHS2n/HrD/uL/KpqhtP+PWH/AHF/lU1ABUN5/wAes3+438qmqG7/AOPWb/cb+VAHNUUUUAFFFFAHV0UUUAFVNU/48Jfw/mKt1U1T/jwl/D+YoA5+iiigAqW0/wCPqH/fX+dRVLaf8fUP++v86AOmooooAKz9a/49U/3x/I1oVn63/wAeqf74/kaAMSiiigAq3pf/AB/Rfj/I1Uq3pf8Ax/xfj/I0AdBRRRQAVk67/wAsP+Bf0rWrJ13/AJYf8C/pQBku4jUsxwoGSTX4gf8ABS344P8AFL9oDUdItLh30fw8fsMcYbKGZSd8g+oI/Kv1o/ak+LEHwZ+B3inxLIy/aILRkt4ycF3YhcD3wxP4V/PtZ299418WQwu8l1fahcqruxLMzMwBJP40AfXX7B3w1EFnqHjG7i+eQm3tSw5A5DH+VfX9c38OfCEHgTwTpOiQIF+ywKJMd5MDcfzrpKAOx+HttlrmcjoNo/Su0rB8F2v2fRUbHMh3Gt6gAooooAKKKKAO2+EcXmeLFb+7E39K/Nf/AILK6GdP+Onhu+VMC8012ZvcOB/Sv00+DEO7X7mT+7Fj9K+EP+C1ui79Q8BaqFxtt5IC31cn+lAGj/wRT8RiS38d6Hv+5tu9ufUouf0r9Sq/G/8A4ItaqLH40+M7VnwLrR4wq57iYH+lfshQAVz+q/8AH9J+H8hXQVz+q/8AH9J+H8hQBUooooAK2tE/49X/AN/+grFra0T/AI9X/wB/+goA0aKKiurmKzt5Z55FihiUu8jHAVQMkk0Aef8Ax++Nmi/s/wDwx1fxjrbhobOMmK3DhXnkwSqL7nBr+dn4yfFTXfjl8StX8UazM1zf6jcFlQZwi9FUD6AV9J/8FJf2upfj98TpfD+iXUo8I6FI0EcYJVZ5lOGcjocMGAPoa8x/Za+Do8Wax/wkWqQk6bZPmJWHEr/1HJ/KplLlV2bUqbqzUUeyfsz/AAfXwH4dTWL+LbrV8gbkcxJ2H1612/j/AOD/AIZ+I8Lf2rYqLvGFu4sCQfjXagY6UVwuTvc+rjRhGHs7aHytefA74h/Cm5e88Fa093ZA7vs6vtOPQgnmrmjftTeIfDMotfGPhqcsh2tcRRmP8ckHNfTvuOD6iqGqaDpuuRGPULG3vEPH76MMf1FVz3+JGH1dw1pSsefeGv2lPA3iTaq6k1lKesdwhGPxwBXoWn+JNI1WMNZ6pZzg9Ns6Z/LNea+JP2Y/A3iFmcWEljIejW8hUfkK4S//AGQZrFi+geKLiz7hDlf13UWg+oc2IhvFM+llwwypDD1U5owR1GK+WG+Evxj8M/8AIM8QfbUXoJLon9M0jeKfjv4ZRmubJLuKMZYiDfwPfFHJ2Y/rLXxQaPqiur8H/ErWvBsipa3Hm2mfmt5OV/Cvh/w/+1R4+1TzRD4cXVPJ4k+zwfd+uF4rbj/au8S2/F74JnTHXqP/AGWk6La1RKx1Hufph4X+PGh6wqRXwfTrjod3Kn8hXoVnq1jqMYe1vIJ1PTbIM/lmvyVX9sLy+LjwrcJ6/Of/AImrVr+3JbaW48rSr21frhLhl/pXNLCN7GqxtH+Y/WvHtmivyzs/+ClGo6eoENtdOB2llZv5irjf8FUfEUK4i0aKT/fP/wBjWX1SoP69Q/mP1Ao2k9ATX5n2/wDwUN+M3iS3WXRPAslxHIPkkitTID+SVNH+0B+1r42+XTPClxYBujPphXH47an6tLq0H1yn9lN/I/SogrywKj1YYFc/4h+IHhjwnbvNq/iHTbBFGSJLqPd/3znNfAkHwg/a7+Ja7dX8QLoltJ1K3jQMPwGK6Hw//wAEx9Q16Zbn4gfEC+1Uk5eBWaTPr82+l7GEfimL6xVl8EPvPTviV/wUc+F/glpbXSGuvFGpLwsNorIpP1KkGvBr747ftHftTXkmm+CNFuPCOgzHa02xoG2nuXYgN+FfV3w1/Yn+E3wzEb2XhyPUbpOfO1Eifn1wwOK9ws7K3063W3tII7W3UYEMKhEH4Cj2lOHwRv6i9jWq/wASVl2R+MX7WH7JniT9n/T9E1nW9YGuXGrFxc3CKfkkAUkE5OeWrS/4J2fBfwT8cv2gLPw/41MktkltJdxWYYKlw6FcI2QQQd3TvX6I/tyfC0fFH9nvXbeOPdd6aPt0JUcgJ874/Ba/JX9nX4nSfBn40eFfFfmSRRaZfRyXCrnLRBgXU/XFerhqntIa7nhY2iqNT3dmf0f2Ph3TfCfheHSdItI7HTrWNY4beFcKigjgCqFaFjrEXiDwnZ6nCQ0V5bxTqR6MAf61n11nnhRRRQBLa/8AH1D/AL6/zrpq5m1/4+of99f5101ABRRRQBn61/x6r/vj+RrErb1r/j1X/fH8jWJQAUUUUAWtL/4/ovx/ka6Gue0v/j+i/H+RroaACiiigDK13/lj/wAC/pWTWtrv/LH/AIF/SsmgAooooA0NF/4+m/3D/MVt1iaL/wAfTf7h/mK26ACiiigDlKKt/wBl3X/PL/x4f40f2Xdf88v/AB4f40Aaul/8eEX4/wAzVus6zvIrO3WGZtki5yu0+pqb+1LX/nr/AOOn/CgC3RVT+1LX/nr/AOOn/Cj+1LX/AJ6/+On/AAoA5+irf9l3X/PL/wAeH+NH9l3X/PL/AMeH+NAFSirf9l3X/PL/AMeH+NH9l3X/ADy/8eH+NAG1af8AHrD/ALi/yqaqMGoW8MMcbvtdVClSp4IH0p/9qWv/AD1/8dP+FAFuobv/AI9Zv9xv5VF/alr/AM9f/HT/AIUybUIJ4XjSTc7qVUbTySOKAMKirf8AZd1/zy/8eH+NH9l3X/PL/wAeH+NAFSirf9l3X/PL/wAeH+NI2l3KgkxcDnqD/WgDoaKqf2pa/wDPX/x0/wCFH9qWv/PX/wAdP+FAFuqmqf8AHhL+H8xR/alr/wA9f/HT/hUV1dRXtu0MLb5WxhcEdDnvQBiUVb/su6/55f8Ajw/xo/su6/55f+PD/GgCpUtp/wAfUP8Avr/Opv7Luv8Anl/48P8AGljsZ7eRJZI8IjBmOQcDPtQBv0VU/tS1/wCev/jp/wAKP7Utf+ev/jp/woAt1n63/wAeqf74/kal/tS1/wCev/jp/wAKr30y6jEI7c+Y4bcRjHHTv9aAMeirf9l3X/PL/wAeH+NH9l3X/PL/AMeH+NAFSrel/wDH/F+P8jR/Zd1/zy/8eH+NSWttLY3CTTLsjXILdcZB9KANyiqn9qWv/PX/AMdP+FH9qWv/AD1/8dP+FAFusnXf+WH/AAL+lW/7Utf+ev8A46f8Ko6pKt5EJITuWEEuT8uPz+lAH5Wf8Fhvi55lx4U+H9pK21QdSujG2Ofnj2N+hr5R/Yl+H48VfEqTV7qItaaVH5mWHBdsgfkcVyv7W3xMf4sftA+MdeWZ5LWW9MdujHIRFVVIH/AlNfXP7G3gdfCvwitb6RMXWqt9oYkc7CBgfmDQB7wTuJPc80Y3cDrRWnoeh3urX0C29nNOpcZKocfnQB6RpMAttNto/wC6lWqszaXd2cY861liAHUqcVWoAKKKKACiiigD1L4I2+6TUZvTao/I18df8FoNJMnwn8KaiFyYtRWIt6Aq5r7Y+CtsY9DuZsf6yXA/Amvl7/gr9povP2ZLWbblrfVUfPoPLegD4Z/4JO+IP7K/aisbMtj7fbNDj1wGb+lfuhX8+H/BOO//ALP/AGyPh7IX2Rm4mVv+/Elf0Cf2pa/89f8Ax0/4UAW65/Vf+P6T8P5CtX+1LX/nr/46f8Kz7q1lvp2mhXfE2MNkDoMd6AM+irf9l3X/ADy/8eH+NH9l3X/PL/x4f40AVK2tE/49X/3/AOgqh/Zd1/zy/wDHh/jVyxmTT42iuD5b7twGCeMD0oA1K+G/+Co37U//AApr4V/8Ihod0U8S+IVaFjGRuht8AOT6blY4+lfY3ibxppfhXw9qOr3twsdtZW7zuzAjhVJx+lfzrftWfHK8/aE+NWveK55WktZpTDYoSfkt1Y+WMeuDQBw/w/8ABt78SPGFppNuWaS4fMkp5Krnlifxr9E/Cvhqz8I6BZ6TYxrHBbxheB1Pcn8Sa8h/ZZ+Fo8I+Ff7bvocanqAym4cpH6fiMGvdK4qkuZ2PpsFQ9nDme7CiiisT0gooooAKKKKACqmsE/2Re8n/AFD9/wDZNW6p60caPfH/AKYP/wCgmmtyZbHhH7EcaSan4vDxo4+ThlB/iPrX1VJpdlN9+xtW/wB63Q/0r5X/AGHgTfeLm7ZT/wBCNfWNeitj4uW5mSeF9Gl+/pNi3/bsn+FfGf7c3hmz0fxJoN1ZWkNrHNbbWWFAgJ3N6V9v18k/t9wD+zPC8+OfMZP/AB1jTJPBfgn+z34l+O1t4rn0CSzjTw3p51K8+1yMmYwrn5cA5OENec6Xp02qajb2cI3TTyCNB6knivQ/g58ctS+D+neLbfTky2vWAsJGz0TDg/o5q5+yv4Tbxx8ffBmnFd0f2+KSRf8AZVxmpk+VNlwjzSUT9pfhB4JsPB/w08M6Yljaq8FjEXbyF3FmUMcnHqa7dQE+6Ag/2Bj+VNjjEMaRqMLGqoB7AY/pT6+Yk23c+4jFRSSDnuSfqaSloqSgooooAq6pp0esabeWEyhoruCS3cH0dSp/nX4G/GzwZP4C+K/ifRJk8vyb6bYMY+QuxX9MV+/mdvPcc1+Rf/BT7wOnhj9oBdUhTZDq1nHIMDgsiIG/U16OClabj3PHzKnemp9j9Q/2A/iY/wATP2TfDFzdXAuNSsoTbXRzkgiRtoP/AAECvdq/OP8A4IzeOluPCvjrwa8xkuvtSXsEbHpGERTj8Sa/Sf8Asu6/55f+PD/GvaPmipRVv+y7r/nl/wCPD/Gj+yrr/nl/48P8aAIbX/j6h/31/nXTVgx2M9vIkskeERgzHIOBn2rT/tS1/wCev/jp/wAKALdFVP7Utf8Anr/46f8ACj+1LX/nr/46f8KAIta/49V/3x/I1iVsXsyajCIrc+Y4O4jGOPx+tUv7Luv+eX/jw/xoAqUVb/su6/55f+PD/Gj+y7r/AJ5f+PD/ABoATS/+P6L8f5GuhrDtraWxuEmnTZGp5brjg+laP9qWv/PX/wAdP+FAFuiqn9qWv/PX/wAdP+FH9qWv/PX/AMdP+FAFXXf+WP8AwL+lZNa19/xMtn2b95szu7Yz06/Sqn9l3X/PL/x4f40AVKKt/wBl3X/PL/x4f40f2Xdf88v/AB4f40AS6L/x9N/uH+YrbrGs4202YyXA8tGUqD15yPSr39qWv/PX/wAdP+FAFuiqn9qWv/PX/wAdP+FFAFuiiigDn9U/4/5fw/kKqVb1T/j/AJfw/kKqUAFFFFAHV0UUUAFFFFAHM3n/AB9Tf77fzqKpbv8A4+pv99v51FQAVLaf8fUP++v86iqW0/4+of8AfX+dAHTUUUUAFFFFAHKUUUUAFW9L/wCP+L8f5GqlW9L/AOP+L8f5GgDoKKKKACobv/j1m/3G/lU1Q3f/AB6zf7jfyoA5qiiigArQ0X/j6f8A3D/MVn1oaL/x9P8A7h/mKANuiiigAqpqn/HjL+H8xVuqmqf8eEv4fzFAHP0UUUAFebftNePpfhn+zj8Q/ENs/l3lnpjvbkHB8zBxXpNfJf8AwVC8QS6D+yXrKxZH26+htHwf4WSXP8qAPxU0i2n8U+MLWEDdNeXeSOuSzbj/AFr9ZvDuixeHdB0/S4VCxWkCwqB7V+Zv7NekjWvjd4YicZQXG4j6I1fqKB5syj++4X8zigDbe88M/DfwLf8Aj/xzP5Ph+zO2G0U4kvJecIo54yMZx3rybwD8Zv2hf2sdN8Raj8I2svAPg7SSUt0WMrNO2OF3h1ySAeccV5n/AMFOvEWpar4y+H/ww0oMLeKyglS3jJAlmmVCCcdTkfrX2/8AAG78Pfsv6L8MPg4satrviCzN7KQRuDMQW3e4MmKAPzi8C/8ABRb49eEvGw0bVb9vF+Lk28+l3kLzySYPKp83Xj0Nfpn4L1Q/FT4d2/i+Hw9eeEbnO280nU1MRhbAyQWVRjnrjtXyj+zL+znYaD+1p8XPH/iS2VdC8GXUkts06jY05RG78fdkNdH4a/4KEaX+154+Hwj1Dw3c6ToOsSui6pp+ovFOVQbl+6oIzjB570AfQ8cccx2xXljM/UJDeRux+gByaI4Xk3fdRUGXeRgir9WPA/Gvh3TfBvhjwb+3A+leHvEWq6b4G8Iw/bNRvNQ1WWVBJFgshLNjkq3yk817XputP+2BPqctjqsmifCfTbpopF0+4Md9qcuT95lIaNPvdCQeDQB7rm3/AOgjpv8A4Hxf/FU+OAThhDc2dywGdlvdJI35Kc18YfF74V/DH4d/FrwT4EsrPxHfXuup51zLN4nuY1tY/nyT1/ue3WsL4k/CGO3+PHhXQP2e/Eev63dW95G+qvFqc11awIHBO6TcR2bKkfzoA/Wn4a6edP8ACdqrLtZyXIIx15r5g/4Kq2wuP2VdVJGfLuVcf98NX1v4dtbqx0HT7e9ZXvI7eNJ2ToZAoDEfjmvk/wD4KmSCP9lPWwf4pgB/3yaAPye/YPmFv+1b4AkPQXkg/wDIL1+/VfgF+wrC037VPgFF6m8kP/kF6/f2gAroNK/48Y/x/ma5+ug0r/jxj/H+ZoAt0UUUAFYutf8AH0n+5/U1tVia3/x9J/uD+ZoA+F/+CqXxmk+HvwNg8OWUrR33iOf7OXjbDRomHJ+hwRX5O/A7wG3xA+IVhZFc2sTCeYnptU5x+OK+sf8Agrx4outR+PGk6QJW+w2WlxyCLsJC8gJ/LFcH+xb4bjh0nV9bIzLIwhU+gGc/zqJy5YnXhaftKqiz6Xt4UtYIoYlCxRoERR2UDA/Sn0UVwH1oUUUUgCiiigAooooAKz/ET+XoGpMf4bdz+hrQrC8d3As/BeuTE4CWrf4f1prcmXws8h/YVQvZ+KZ/7zKAf+BV9V18x/sJ2ZTwJrF1j/WXJT8sH+tfTlekfFPcK+R/2+7xDp/he13fvN7SY9sMK+sdQ1C20mxlvLydLW1iG55pDhVH1r85f2m/irF8UviFJJYsW0yyXyLdv7wyTu/MmgR49X13/wAEyPDP9r/tGQ3rrujsbGaT6N8pB/Svn/xP8H9e8JfDnw14x1C3MGm69LKlnuHLhFVt30IYV9b/APBJ+ONviZ4ikOPMWyYL9NpzXPiHamzswi5q0bn6jdcn3opKWvnD7EKKKKACiiigAr4A/wCCsXg9bvwp4U8SbPmtZHtWb/fYEf8AoNff9fLP/BSTQk1b9mPUZiuXs76GUcdPlcmujDvlqJnJi481GSPkz/gkn4yTwv8AtOR2Ttj+2LFrNRnqxcN/Ja/cmv50/wBhPVG0X9rT4aXIcoq6qA2D1HlvxX9FSNuVT6jNfRnxo6iiigCK6/49Zv8Acb+VczXTXX/HrN/uN/KuZoAKKKKANDRf+Ppv9w/zFbdYmi/8fTf7h/mK26ACiiigCpqn/HjL+H8xXP10Gqf8eMv4fzFc/QAUUUUAauhf8tv+A/1rWrJ0L/lt/wAB/rWtQAUUUUAZ+tf8eq/74/kaxK29a/49V/3x/I1iUAFFFFAHV0VD9rg/57R/99Cj7XB/z2j/AO+hQBi6p/x/y/h/IVUq7qEMk927xI0iHGGUZB4Heq/2Sf8A54yf98GgCKipfsk//PGT/vg0fZJ/+eMn/fBoA6aioVvIGAImj59WAo+1wf8APaP/AL6FAE1FQ/a4P+e0f/fQo+1wf89o/wDvoUAc/d/8fU3++386iqzcW8slxKyxOysxIZVJBGetR/ZJ/wDnjJ/3waAIqls/+PqH/fX+dH2Sf/njJ/3wafBBLDPHI8UiorBmYoeADQB0dFQ/a4P+e0f/AH0KPtcH/PaP/voUATUVD9rg/wCe0f8A30KPtcH/AD2j/wC+hQBzVFS/ZJ/+eMn/AHwaPsk//PGT/vg0ARVb0v8A4/4vx/kah+yT/wDPGT/vg1YsY3t7qOSVGjQdWZSAMjFAG9RUP2uD/ntH/wB9Cj7XB/z2j/76FAE1Q3f/AB6zf7jfyo+1wf8APaP/AL6FR3FxFJbyqsqMzKQFVgSTjpQBz1FS/ZJ/+eMn/fBo+yT/APPGT/vg0ARVoaL/AMfT/wC4f5iqn2Sf/njJ/wB8GrmlqbW4LTK0SspUM4IGeD1/CgDaoqH7XB/z2j/76FH2uD/ntH/30KAJqqap/wAeEv4fzFS/a4P+e0f/AH0Kr6hMk9pIkbrI5xhVOSeR2oAwqKl+yT/88ZP++DR9kn/54yf98GgCKvk3/gqBoT63+yXrTIpb7Hew3TY7BUk5/Wvrf7JP/wA8ZP8Avg1xHx0+Fq/F74L+MfBk7fZZtYsXghlkGNjEEbhn0zQB+Bf7MerRaL8b/DUsx2xtOUJPbKNX6f8AMbg91IP5c1+R/iTRNV+Gfji7sLpJLPVNLuijK3DKyng/iMfnX3/8AP2ldE+J2h2tnqV3HYeIoUCzRTNgSn+8p6frQB9T6t+zjpvxe+N/w/8Ai3dzQnQ9D07/AE8SdUmgVPLP0yGr4i1r9qV/HH/BRTw94rFwI9E03V0sIVJwixIdrY9iUzX2p4H8fHw/Z6hpV7G194f1OFoLq3VuqsCCQc+hNfM3j7/gmBpfjfWptY+F/jy0tUlkM/8AZ+qBvNiYnJAKqBgH3oA90/4KgfHDS/hL8HZPDXhzybfW/GziW8a3I3+VtB3k/WMLXxr/AMEy/hDrPiX4qap41gspHsvD2m3DQOwwstw8TrGoPqH2/nXsem/8Ev8AxV4o1y11H4rfE+1vLO2AQRwb2mKD+FTtIFfYHhnw74b+GPgu08G+C9OXTNDtuWcD95cPxl3PqcCgD5B+GP7EviG41Txt4z8fXG/X9W+03Vj4eWVgstw5ZkMpGDgEjAGQcmvRf2KPhD4s+D9nqfh3xR4Sl0621fUftVxqnmN5UKDcAqjOOhHbtXvn+etH5/maAPCtI+AOueKf2m/HnjfxzYeR4ba2az0XLHcdwADL6Y3E9e1S/smfDj4r/sx6prehQ+BG8WeHbm/8yx1qEfPtZgGdn4JGAPXvX014J8E3Hii8VmDR2SHLyNnn2Fe8WOnwadax28EYSKMYVR2oAfZySzWcDzx+VMyKXT+6xHIr4i/4K7a0ml/sxx2+7D3mpJEB6jy3/wAK+46/LT/gtN8QIVtPBng9JQ8jlr+RFP3dpZef++qAPjT/AIJ62rX37XngBACVFzMxPp+4kr97q/Gz/gkl4FbxR8fdQ1YQs/8AYtgLgMFJwWYp/Jq/Zj7JP/zxk/74NAEVdBpX/HjH+P8AM1ifZJ/+eMn/AHwa2NPmjhtVjkcRuucq5weue9AF6ioftcH/AD2j/wC+hR9rg/57R/8AfQoAmrE1v/j6T/cH8zWr9rg/57R/99CsvVFa6uFaEGVQuCyDcM5PHFAH4s/8FcNDuNP/AGh7C8aNvs13pMe2THG7zJMj8q5T9i/xJBNoOq6JuAuInEyqepBJz/Kvv/8A4KXfsz6h8aPhCmt6NZSza74eZrlYo0+aeMgBl57Abmr8bPAvjPU/hp4qg1O0DwzQttkhYEFlzypH0qJx5lY6sNV9jUUmfpTRXG/DX4paN8TNFju7CdUuQAJrVj86N347iuyrgaa3PrIyUleIUUUUigooooAKKKKACuA+PWrjR/hP4glJwzwhF9/mWu/r56/bI8Tf2b4N07So2/eXk25lz/Bg/wBRVwV5I58RLkpSZx/wH/ab8O/CP4ejSLjTrq7v2neVzGo2chcc59q2PEX7eV+6MujaBBCT0kmdsj3xzXi/wB+AXib9ofxsvhvw1DGbnYZZJpjhI1weTz7GvtXwn/wRj8W31xDLrvjrRLO2/wCWkNuknmfgSCK9A+PPh/x98cvGHxIdl1TU5fsxPFvEdi/TjGa9V/ZD/Yx8UftHeLLed7WbT/CdrKrXupSKQGAwfLT1Y8fga/S/4Q/8Epvg58PbxL3XZJvGNwMEw6k6GEEdwFCmvrDSvC9l4ctVsdH01LLT4vliit48KF7Y9aAPz1/4Kk/BGz0P9m3wY3h+1Fro/hG48hIUydscnlxr9elfFP7BPxis/hH8eLCTVJ1t9K1JGspZWPCFyArH2HNfuN8SvhrZ/FDwRq/hnV7NprPULd4TuQnYxUhXHuCc/hX4GftMfsz+Kf2bfHt5pOq2VwNPEhayvyhCSx5+X5uzYxUTipxcWaU5unJTXQ/cu3njuoI5oXWWGRQ6OpyGUjII/CpK/Hz9nH/goR4v+DVvBo+uI3ibw9HgLDMf3sK+iHIH51+hXwl/bU+F/wAWoIltddj0jUXA3WN+SrA+m7G39a8Gph503tofV0cZSrLezPeaKhtby3vohJbTxXMZ6PC4cH8qm9q5juCiiikAV87/ALfkiR/st+KN/wDE6AfXY9fRFfFH/BUb4lW2hfB+x8JpOo1DVrpZzHnny0yD/wChCt6KcqiSObEyUaMmz4A/ZHjeb9pD4fpECZDqi4A6/cav6Qrf/UR/7o/lX8/P/BObwLdeMv2r/BU0SbrXSbn7ddEjhYwCuT+LCv6BBdQKAPOj/wC+hX0h8WTUVD9rg/57R/8AfQo+1wf89o/++hQAt1/x6zf7jfyrma6K4uIpLeRVlRmZSAoYEk4rC+yT/wDPGT/vg0ARUVL9kn/54yf98Gj7JP8A88ZP++DQBb0X/j6b/cP8xW3WLpim1uC0ytEpUqGcEDPHf8K1PtcH/PaP/voUATUVD9rg/wCe0f8A30KPtcH/AD2j/wC+hQBFqn/HjL+H8xXP1vX80c9pIkbrI5xhVOSeR2rG+yT/APPGT/vg0ARUVL9kn/54yf8AfBo+yT/88ZP++DQBoaF/y2/4D/WtasnSj9laQTfudwGN4xnGfX61ofa4P+e0f/fQoAmoqH7ZB/z2j/76FH2uD/ntH/30KAKutf8AHqv++P5GsStrVHW5t1WFhK27O1Dk4wfSsr7JP/zxk/74NAEVFS/ZJ/8AnjJ/3waKAIqKKKAOg0v/AI8Ivx/mat1U0v8A48Ivx/mat0AFFFFAHKUUUUAFFFFAHS2n/HrD/uL/ACqaobT/AI9Yf9xf5VNQAVDd/wDHrN/uN/Kpqhu/+PWb/cb+VAHNUUUUAFFFFAHV0UUUAFVNU/48Jfw/mKt1U1T/AI8Jfw/mKAOfooooAKltP+PqH/fX+dRVLaf8fUP++v8AOgDpqKKKACs/W/8Aj1T/AHx/I1oVn63/AMeqf74/kaAMSiiigAq3pf8Ax/xfj/I1Uq3pf/H/ABfj/I0AdBRRRQAVk67/AMsP+Bf0rWrJ13/lh/wL+lAHwn+3J/wT9sfj4s3i7wgtvpnjRFLXCsAEvwOzHjD9PmJ6LivyK8c/DXxX8JfEUthr2k32jXttKUEksTIhYd0cjDD3Ff0mVyvjr4W+FPiVp8ln4l0Gx1aNlKB7m3R3QEfwsQSp+lAH4J+Bf2sviB4JWKD+1DqVmhx5V7mTj0BzxX0h8Lv+ChPh+11KJ/E+i3FoMbZJ7dtw+u0LX0j8U/8Agkb8O/EzSXHhHVr7wvOxLmN83SMTzj5mG0fSvj74kf8ABLj4x+C2u59K0638S2EeTH9hlLXDr/1zC/1oA+4fAn7Svw3+IUaPpXiW0jkbpFesIG+nzkV6db3MN5GJLeaK5Q9GgcSA/iK/Dzxj8K/GnwwuFXxF4f1Tw9ODx9sgaE/gTWh4O+O3jzwLOH0nxPqCBekclw8if98k4oA/bjB3Ywc+neu78F/DK51to7q+Vrey67W4Z/8ACvyY+GH/AAVC+IXgWRW1fSdM8TBeB58aRH8whr6e8I/8FpNDuYYhr/gqTT2Aw32OZpR+A2igD9MLDT4NMtY7e2jWKJBgKoqxXwTa/wDBY34OPDmez1yOTuq2WR/6FXKeMv8Ags74LsrWRvDPhm91O4wdgvcwDPbpmgD9CPF3i3SvBHh+91rWryKw0yzjaWaeVgAFAyevU+1fzz/tifHqf9oj45a14iV2OmrIbexj/uxrhcj6lc/jXQ/tMft4fEX9pndY6nc/2RoIOV0uxbap/wB9gBu/EVv/ALC/7Eus/tKeNLTUNStZrXwTZyCS7vDlRMAfuIe5/HsaAP0D/wCCSPwNuPh38E7nxbqdsIb/AMSSedASuGFthcKe/wB5Sa+8aoaDoln4b0az0vT4EtrK0iWKKKNQqqo9AKv0AFc/qv8Ax/Sfh/IV0Fc/qv8Ax/Sfh/IUAVKKKKACtrRP+PV/9/8AoKxa2tE/49X/AN/+goAvTRJcRPFIoeN1KsrdCDwRX5Z/t/8A/BNa4vLvU/iF8MrJZQ+64v8ARYwN2eWZ4wOp6/KAScAV+p9IeeDyKAP5d9L1fXfh3r3nWr3Wk6lbttZWVo3Ug8qynBHTpX098MP2vLHUI4bHxXE1tdcKLyIEo31XHH51+oX7UH/BPH4cftHJJqAtx4Z8TbSE1LT4gqknqXjBUOc45P8AWvyX+PX7AvxS+Bt9dPPokut6LEzFdR01WmVUBxukAGE/OolBS3OmjiKlF+6z6u0nWrDXrVLnT7yG8hYZDQyBvzAPFXa/NDwz441/wXdCXS9RuLUoeY1clPxXOK918Hftm6pa+VB4g06K8QcG4h+RvyArmlSa2Pap5hTlpPQ+uqK8q8O/tMeBPECLu1M6fKeq3ShAPxJrvNP8ZaFqyhrPWLK4B/uTA1k4tbo9CNWEvhZs0VB9vtsZ+0RY9d4rH1rx94d8OwtLqOs2duq9jKN35UrMtyit2b0kixozuwRFGWZjgAepr4D/AGiviIPiB8QLg27lrCy/cQc8EDkn8ya9D+On7UKa/Yz6F4WLpaSjZNen5XYei+g9wa4b9mf9n3Xv2ifiXYaDpdtLJa+YJL+7CkrbxZ5Zj2yePxrqpwtqzwcdiVU/dw2P0N/4JE/BVvD/AIJ1z4hXcbpNrDCzt1kGP3cfzB19jvPPtX6I1znw68B6V8MPBOkeF9Fh8nTNMt1t4V77VGMk9zXR10HjhXS2f/HrD/uD+Vc1XS2f/HrD/uD+VAE1cZ8VPg/4S+NHhmbQfF+jW+safJ0WZAWjbsykg4YetdnRQB+Sv7Rf/BHrVtPlvdW+FmpRX1ny66PqDhZV4ycSsQPwxX58+Pvg74z+F2pT23iHw9qOmPA+0zyWz+SSP7smNp/A1/TXdf8AHrN/uN/KuC8ReD9D8X2Ztdc0ex1e3Ix5d7bpMB9AwNAH8+Hw+/ag+JvwvkRdC8VX0NvGMC1kmZof++QRX0v4A/4KseMNJjjTxVolrrQHBktQIXP4nNfa/wAUf+CY/wAHPiJdXN9bWFz4f1KYf62ymYRL7iIELXy98QP+COeuafA7eEfF0WryZysV/CtuPpuBasZUact0dMMRVp/DI73w7/wVQ+GuoRp/a2k6npUhHzbSZQP++Ursrf8A4KSfBSeHzP7Wv04+61lLn/0GviPXv+CYfxy0FWZtF0+/A/587xpCfw2Vyz/8E/fjok3lf8K/1Bucbljcr+e2ud4OmdizKstz7Q8d/wDBUz4d6Tp83/CM6df61e4Ij81WhQHsSGXkV+cvxq+NHiX4/eOJ/EHiC4M07fJBCgO2GPsqjJ7AflX0F4R/4JW/HXxVJF5mjWGkQMw3tfXbRsB3IUpzX3b+zH/wSk8G/CXVLLxF4yvD4s1q3KyR2skYW2iYckFckSDPqK2p0IUtYnLWxVSvpJ6GL/wS1/ZUvPhT8PNR+IPiK0NtrWvRqlpHIu2SK23LkMDyCWTPbg19yVu30MdvpbRRIscSKqqijAUAgAAVhV0HIFFFFAEtr/x9Q/76/wA66auZtf8Aj6h/31/nXTUAFFFFAGfrX/Hqv++P5GsStvWv+PVf98fyNYlABRRRQBa0v/j+i/H+Rroa57S/+P6L8f5GuhoAKKKKAMrXf+WH/Av6Vk1ra7/yx/4F/SsmgAooooA0NF/4+m/3D/MVt1iaL/x9N/uH+YrboAKKKKAOUorQ/sSf+/H+Z/wo/sWf+/H+Z/woA0NL/wCPCL8f5mrdZVvqMdlEIHVi8ZIJUDHU1L/bcH9yT8h/jQBoUVn/ANtwf3JPyH+NH9twf3JPyH+NAGJRWh/Yk/8Afj/M/wCFH9iT/wB+P8z/AIUAZ9FaH9iT/wB+P8z/AIUf2JP/AH4/zP8AhQBq2n/HrD/uL/Kpqy4NYhjhjQrJlVAOAOw+tSf23B/ck/If40AaFQ3f/HrN/uN/Kqv9twf3JPyH+NNfVIrlGhVXDSDYMgYyePWgDGorQ/sSf+/H+Z/wo/sSf+/H+Z/woAz6K0P7En/vx/mf8KbJo80cbOWjwoJOCf8ACgDdorP/ALbg/uSfkP8AGj+24P7kn5D/ABoA0Kqap/x4S/h/MVF/bcH9yT8h/jTJb5NRjNvGGV36Fhxxz/SgDHorQ/sSf+/H+Z/wo/sSf+/H+Z/woAz6ltP+PqH/AH1/nVv+xJ/78f5n/CkOnyWJWeRlKRsCQpOeo9qANyis/wDtuD+5J+Q/xo/tuD+5J+Q/xoA0Kz9b/wCPVP8AfH8jR/bcH9yT8h/jUc866sohhBVlO/L8DHTt9aAMiitD+xJ/78f5n/Cj+xJ/78f5n/CgDPq3pf8Ax/xfj/I1L/Yk/wDfj/M/4Uq2r6XNHPKVZM4wnJ5BoA2qKz/7bg/uSfkP8aP7bg/uSfkP8aANCsnXf+WH/Av6VN/bcH9yT8h/jUM//E42+T8vl9fM46/TPpQBlUVof2JP/fj/ADP+FH9iT/34/wAz/hQBn1oaJ/x9P/uH+Yo/sSf+/H+Z/wAKdCh0eYPN8wdSB5fPceuKADXPBug+JImj1XRrHUFYYP2i3Rz+ZFfPvxE/4J0fA74iS3FzP4Sh0/UJhzdWskike4Xdt/Svov8AtuD+5J+Q/wAaP7bg/uSfkP8AGgD80fHn/BFXSJVuJfCfja8SRySlvfxII19sqCa8G8Sf8Eh/iz4fZ1g1DQtSXG5fJll3Ef8AfAr9p/7ag/uSfkP8agnhbVnE0JCqo2Hfwc9e31oA/CC6/wCCafxst52jXw0swB+/Gxwa6Xw3/wAEqPi/ryr9oTStIz1+2SSAj8lNftt/Yk/9+P8AM/4Uf2JP/fj/ADP+FAH5zfBH/gkh4W8L3VvqPj7VpPEM6D59Nh+W2J/3htav0J+HfhXSfBujrpei2EOnWECIkcMCBQAAQPr+NaH9iT/34/zP+FPt3GkSuk3zF1BHl8+vrQBsUVn/ANtwf3JPyH+NH9twf3JPyH+NAGhXP6r/AMf8n4fyFaH9twf3JPyH+NV5bJ9SkNxEVVH6BuvHH9KAMyitD+xJ/wC/H+Z/wo/sSf8Avx/mf8KAM+trRP8Aj1f/AH/6Cqv9iT/34/zP+FS210ml+ZBKGZt2cpyOQKANais/+24P7kn5D/Gj+24P7kn5D/GgDQrldUtYbyS5huIY54mZg0cihlPPcGtr+24P7kn5D/Gqr6XLdM0yMgWQ7wGJzg8+lAHzB8av2B/hP8aPtFzc6HHo2sSrgahp4Ksv/AM7f0r4X+Kv/BIvxn4cluLnwbrNr4hsFUlIbvKXLewCrt/Wv2G/sSf+/H+Z/wAKP7En/vx/mf8ACgD+cvxx+yz8U/h0sj6/4J1XT4lJ/etGCp9xgk1599l1ix4H2y3I9nWv6cJvDRuBiVLeUejjP9K53Vvht4J1uEwax4asr51JVi0IweT7igd2tj+bQalrm3b9tvsf9dHqex8PeIfEt5Fa21rf6jPK2EjVXYk/jX9E6/s/fCRWBHgPTQRyP3P/ANlXX6D4Z8KeGYRFpeg21kg6COBf8aB8zfU/Fv8AZ5/4JefE/wCLV9b3HiTT5PBuhb1aSe+GJ5Iz1MYGQT9a/Vr4C/s7+EP2d/CaaL4YsFikYA3N6wzLcN6se3QcDjivaV1m3RcCNwB2Cj/Gqv8AYs/9+P8AM/4UEmfRWh/Yk/8Afj/M/wCFH9iT/wB+P8z/AIUAZ9dLZ/8AHrD/ALg/lWV/Ys/9+P8AM/4VPb6xDHDGhWTKqAcAf40AalFZ/wDbcH9yT8h/jR/bcH9yT8h/jQBbuv8Aj1m/3G/lXM1svqkVwphVXDSDYMgYyePWq39iT/34/wAz/hQBn0Vof2JP/fj/ADP+FH9iz/34/wAz/hQBn11VYcmkTRRs5aMhQScE9vwq5/bcH9yT8h/jQBo0Vn/23B/ck/If40f23B/ck/If40AS6p/x4y/h/MVz9bEt9HqEZt4wyu/QsOOOf6VX/sSf+/H+Z/woAz6K0P7En/vx/mf8KP7En/vx/mf8KAKlr/x9Q/76/wA66asM6dJZbZ3ZSkbAkKTnrVz+24P7kn5D/GgDQorP/tuD+5J+Q/xo/tuD+5J+Q/xoANa/49V/3x/I1iVrzTrqyeTCCrA78vwMdO31qD+xJ/78f5n/AAoAz6K0P7En/vx/mf8ACj+xZ/78f5n/AAoAh0v/AI/4vx/ka6GsVbV9LljnlKsoOMJyehq1/bcH9yT8h/jQBoUVn/23B/ck/If40f23B/ck/If40ARa7/yx/wCBf0rJrVuP+Jxjyfl8vr5nHX6Z9Ki/sSf+/H+Z/wAKAM+itD+xJ/78f5n/AAo/sWf+/H+Z/wAKADRf+Ptv9w/zFbdY0MZ0iYPN8wdSB5fPcetWf7bg/uSfkP8AGgDQorP/ALbg/uSfkP8AGigD/9k=" /></p>\r\n\r\n<p>As&iacute; que vamos a probar si se visualiza correctamente.<br />\r\n<br />\r\n<span style="color:#c0392b">Adem&aacute;s, debajo del texto se mostrar&iacute;a el siguiente video para hacer m&aacute;s din&aacute;mica la onda</span></p>	\N		3
2	video	1		https://youtu.be/VsCBdhM9W3o?si=DgKoHgVpZ9PHLayR		3
\.


--
-- Data for Name: django_admin_log; Type: TABLE DATA; Schema: public; Owner: -
--

COPY public.django_admin_log (id, action_time, object_id, object_repr, action_flag, change_message, content_type_id, user_id) FROM stdin;
1	2025-05-24 01:37:05.641415-06	1	Victor Méndez	2	[{"changed": {"fields": ["Nombre completo", "Email address", "Fecha de nacimiento", "G\\u00e9nero", "Instituci\\u00f3n (Escuela/Empresa)", "Nivel de estudios", "Ocupaci\\u00f3n"]}}]	6	1
2	2025-05-30 00:52:29.699653-06	1	Opción a - Si	2	[{"changed": {"fields": ["Texto"]}}]	10	1
3	2025-05-30 00:52:35.967365-06	2	Opción b - No	2	[{"changed": {"fields": ["Texto"]}}]	10	1
4	2025-05-30 00:52:41.36665-06	3	Opción a - Si	2	[{"changed": {"fields": ["Texto"]}}]	10	1
5	2025-05-30 00:52:46.852658-06	4	Opción b - No	2	[{"changed": {"fields": ["Texto"]}}]	10	1
6	2025-05-30 19:45:33.012261-06	4	Opción b - No	2	[{"changed": {"fields": ["Columna"]}}]	10	1
7	2025-05-30 19:45:54.063906-06	5	Opción a - Aristóteles	2	[{"changed": {"fields": ["Columna"]}}]	10	1
8	2025-05-30 19:46:05.434038-06	6	Opción b - Simón Bolívar	2	[{"changed": {"fields": ["Columna"]}}]	10	1
9	2025-06-04 01:55:23.999523-06	3	Problema 3 - Test Dominó	2	[{"changed": {"fields": ["Fichas"]}}]	13	1
10	2025-06-04 01:56:34.509985-06	4	Problema 4 - Test Dominó	2	[{"changed": {"fields": ["Fichas"]}}]	13	1
11	2025-06-04 01:59:35.864559-06	9	Problema 9 - Test Dominó	2	[{"changed": {"fields": ["Fichas"]}}]	13	1
12	2025-06-04 02:00:01.322999-06	11	Problema 11 - Test Dominó	2	[{"changed": {"fields": ["Fichas"]}}]	13	1
13	2025-06-04 02:01:04.546271-06	15	Problema 15 - Test Dominó	2	[{"changed": {"fields": ["Fichas"]}}]	13	1
14	2025-06-04 02:01:25.856573-06	17	Problema 17 - Test Dominó	2	[{"changed": {"fields": ["Fichas"]}}]	13	1
15	2025-06-04 02:01:46.753993-06	19	Problema 19 - Test Dominó	2	[{"changed": {"fields": ["Fichas"]}}]	13	1
16	2025-06-04 02:02:12.589897-06	21	Problema 21 - Test Dominó	2	[{"changed": {"fields": ["Fichas"]}}]	13	1
17	2025-06-04 02:02:22.415367-06	23	Problema 23 - Test Dominó	2	[{"changed": {"fields": ["Fichas"]}}]	13	1
18	2025-06-04 02:02:52.974585-06	23	Problema 23 - Test Dominó	2	[{"changed": {"fields": ["Fichas"]}}]	13	1
19	2026-06-03 13:21:53.086193-06	1	Curso de prueba	1	[{"added": {}}]	15	1
20	2026-06-03 13:23:25.62615-06	1	Curso de prueba - Lección 1: Introducción	1	[{"added": {}}]	17	1
21	2026-06-03 13:31:02.719581-06	1	Curso de prueba - Lección 1: Introducción	2	[{"changed": {"fields": ["Orden"]}}]	17	1
22	2026-06-03 19:36:26.586304-06	2	Curso de prueba - Lección 2: Nueva información	1	[{"added": {}}]	17	1
23	2026-06-04 13:01:06.736616-06	1	Curso de prueba	2	[{"changed": {"fields": ["Imagen de portada"]}}]	15	1
24	2026-06-04 13:43:32.123319-06	1	Curso de prueba	2	[{"changed": {"fields": ["Imagen de portada"]}}]	15	1
25	2026-06-08 23:19:48.188716-06	1	Curso de prueba	3		15	1
26	2026-06-09 01:50:56.004902-06	2	Primer curso varios elementos	1	[{"added": {}}, {"added": {"name": "Lecci\\u00f3n", "object": "Primer curso varios elementos - Lecci\\u00f3n 1: Introducci\\u00f3n"}}]	15	1
27	2026-06-09 01:55:19.926151-06	3	Primer curso varios elementos - Lección 1: Introducción	2	[{"added": {"name": "recurso leccion", "object": "Lecci\\u00f3n 1: Introducci\\u00f3n - Texto / Lectura (1)"}}, {"added": {"name": "recurso leccion", "object": "Lecci\\u00f3n 1: Introducci\\u00f3n - Video Embebido (1)"}}]	17	1
28	2026-06-09 02:32:41.304982-06	1	Anton - Primer curso varios elementos	1	[{"added": {}}]	16	1
\.


--
-- Data for Name: django_content_type; Type: TABLE DATA; Schema: public; Owner: -
--

COPY public.django_content_type (id, app_label, model) FROM stdin;
1	admin	logentry
2	auth	permission
3	auth	group
4	contenttypes	contenttype
5	sessions	session
6	users	customuser
7	tests	preguntavalores
8	tests	resultadovalores
9	tests	testvalores
10	tests	opcionvalores
11	tests	partetest
12	tests	resultadodomino
13	tests	problemadomino
14	tests	testdomino
15	courses	curso
16	courses	inscripcion
17	courses	leccion
18	courses	leccioncompletada
19	courses	recursoleccion
\.


--
-- Data for Name: django_migrations; Type: TABLE DATA; Schema: public; Owner: -
--

COPY public.django_migrations (id, app, name, applied) FROM stdin;
1	contenttypes	0001_initial	2025-05-24 01:24:14.920966-06
2	contenttypes	0002_remove_content_type_name	2025-05-24 01:24:14.920966-06
3	auth	0001_initial	2025-05-24 01:24:14.996925-06
4	auth	0002_alter_permission_name_max_length	2025-05-24 01:24:14.999931-06
5	auth	0003_alter_user_email_max_length	2025-05-24 01:24:15.011502-06
6	auth	0004_alter_user_username_opts	2025-05-24 01:24:15.020332-06
7	auth	0005_alter_user_last_login_null	2025-05-24 01:24:15.026757-06
8	auth	0006_require_contenttypes_0002	2025-05-24 01:24:15.02874-06
9	auth	0007_alter_validators_add_error_messages	2025-05-24 01:24:15.036625-06
10	auth	0008_alter_user_username_max_length	2025-05-24 01:24:15.041936-06
11	auth	0009_alter_user_last_name_max_length	2025-05-24 01:24:15.050901-06
12	auth	0010_alter_group_name_max_length	2025-05-24 01:24:15.058427-06
13	auth	0011_update_proxy_permissions	2025-05-24 01:24:15.069149-06
14	auth	0012_alter_user_first_name_max_length	2025-05-24 01:24:15.077203-06
15	users	0001_initial	2025-05-24 01:24:15.183921-06
16	admin	0001_initial	2025-05-24 01:24:15.222545-06
17	admin	0002_logentry_remove_auto_add	2025-05-24 01:24:15.234658-06
18	admin	0003_logentry_add_action_flag_choices	2025-05-24 01:24:15.245612-06
19	sessions	0001_initial	2025-05-24 01:24:15.264532-06
20	tests	0001_initial	2025-05-29 00:33:15.032626-06
21	tests	0002_resultadovalores_clasificaciones_and_more	2025-06-02 15:37:17.06012-06
22	tests	0003_alter_resultadovalores_clasificaciones_and_more	2025-06-02 15:42:17.168799-06
23	tests	0004_alter_resultadovalores_clasificaciones_and_more	2025-06-02 15:42:17.24827-06
24	tests	0005_remove_resultadovalores_clasificaciones_and_more	2025-06-02 15:42:17.327701-06
25	tests	0006_resultadovalores_clasificaciones_and_more	2025-06-02 15:43:57.198993-06
26	tests	0007_alter_resultadovalores_clasificaciones_and_more	2025-06-02 15:46:48.086024-06
27	tests	0008_testdomino_resultadodomino_problemadomino	2025-06-03 10:40:08.879529-06
28	tests	0009_resultadodomino_baremo_resultadodomino_diagnostico_and_more	2025-06-13 14:57:12.665215-06
29	tests	0010_resultadodomino_grupo_edad	2025-06-13 19:37:07.325743-06
30	courses	0001_initial	2026-05-26 13:59:17.857692-06
31	courses	0002_leccioncompletada	2026-06-03 01:15:57.876823-06
32	courses	0003_remove_leccion_contenido_remove_leccion_video_and_more	2026-06-08 23:29:52.859981-06
\.


--
-- Data for Name: django_session; Type: TABLE DATA; Schema: public; Owner: -
--

COPY public.django_session (session_key, session_data, expire_date) FROM stdin;
fhu6t5ybvjgdhao4z2ro0k2rgzm80jpf	.eJxVjEEOwiAQRe_C2pCBQKEu3XsGwswwUjU0Ke3KeHdt0oVu_3vvv1TK21rT1suSJlZnZdTpd8NMj9J2wPfcbrOmua3LhHpX9EG7vs5cnpfD_TuouddvHYTIIeNA4sCwt0HK4EaKkSNAYBrFBg9CjN4HCQ5AikhGyyZ6iur9AQjQONQ:1uLWPG:pa38pQvVhcj_GL_72dESZt9jSmA8V62BpEnFvBzTBes	2025-06-14 18:18:30.538261-06
brb2r9w7wyjvtk0d3s7a4jo56whvzo00	.eJxVjjsOwyAQRO9CHSFA_Jwyfc5gwS4bnFggGVxZuXvsyEXSzpt5mo2NYe15XFtaxgnZlUl2-c1igFcqB8BnKI_KoZa-TJEfFX7Sxu8V03w7u3-CHFre144AdMRogbSQaJSjZPUA3qMXwiEMpJwRBBiNceS0EJSIQlQovQG_S5fU1rkHrN-j1r8_QZA-6w:1uMEfw:JVLdmFcFVwuEVWTPpxBNfty1VOpDZJsDtOPYhJL-0-U	2025-06-16 17:34:40.913308-06
pgplgl09cirgim09eyhidou9f3y8imts	.eJxVjsEOwiAQRP-FsyHQQJd69O43ENhlbbUpCdBT47_bmh70Om_mZTbhw9pGv9ZU_ETiKrS4_GYx4CstB6BnWB5ZYl5amaI8KvKkVd4zpfl2dv8EY6jjvgZGNJFij2yUJtsBp94M6Bw5pYBw4A6sYqRoLTAYpTgxh9iRdhbdLi2prnMLlL9HQb8_QYU-5Q:1uS046:3tMYEM6HuPJCqBfIY9tNhXNSGOZVB7WIF88KN8Zv2jY	2025-07-02 15:11:26.895253-06
hutg9l8n0ti9jwk675syp093ysm9jkr2	.eJxVj00OwiAYRO_CuiHwAQW6dO8ZCH-1aAum0JXx7ramC93Om3nJvJCxW5vMVuNqUkADAtT9Zs76R8wHCHebbwX7ktuaHD4q-KQVX0uI8-Xs_gkmW6d9zSgRo1ReqxA0MEVED5yNnHjZM-l4oIIAI5xRUIQKK4Frph2zMDo_OrpLW4rLs5iUk0_FhLKkXNBAZS8UVUpoDFRzrTq0xrrNzYbyfSTh_QFZWUjU:1vVCWg:i3VTYWBVq54NsUxIfWEkPLPxtFKT2LIza01ee2NIO2k	2025-12-29 11:38:26.876169-06
8zg07pe6tga0u6ufqscfnl4zm6ohhm4h	.eJxVjEEOwiAQRe_C2pCBQKEu3XsGwswwUjU0Ke3KeHdt0oVu_3vvv1TK21rT1suSJlZnZdTpd8NMj9J2wPfcbrOmua3LhHpX9EG7vs5cnpfD_TuouddvHYTIIeNA4sCwt0HK4EaKkSNAYBrFBg9CjN4HCQ5AikhGyyZ6iur9AQjQONQ:1vW7Gu:azTQYp2y6AzQftOyxM8bFpEfh8N1Wm1KKW_EH09fGWk	2026-01-01 00:13:56.092274-06
kj3su1t5ymsfdgof8kkj1bjh473uspca	.eJxVjMsOwiAQRf-FtSGApUO7dO83EJhhLGrB9LEy_rtt0oVu7zn3vIUP6zL4dU6TzyR6ocXpd4sBH6nsgO6h3KrEWpYpR7kr8qCzvFZKz8vh_gWGMA_bGxixiRRb5EZpsgY4tU2HzpFTCgg7NmAVI0VrgaFRihNziIa0s-i26JLT-Ko-l4y5eqpjLlX0GtpWA5ydlZ0Bo7vPF0M0RUo:1vWhQ2:_FwVO65xvKgvGCdQdxjI78MDsTs1-v9ZBbUzMBzP694	2026-01-02 14:49:46.486431-06
iqco8ya3safitc1cw90p5k4i66ys5jpr	.eJxVj0sOAiEQRO_C2hAYwe5x6d4zEOimHfyAmc_KeHdH40K39apeUg8V4jIPYZnyGAqrvbJq85ulSJdc34DPsZ6aplbnsST9rugvnfSxcb4evt0_wRCnYV2DELnEaUfijGXfgeSd6wmR0Rhg6qUDb4Q4eQ8CzhjJIjF1bNETrtK55Nu9hVILlRa43Uptam8BPHq7xV73bguIGzXmabnOkdvnEeDzBV1uS24:1wBInv:6uGCOnQL1jGSHqCAd0dXlP6FhrrfY5GW2VUnQekVK0o	2026-04-24 14:50:15.38783-06
tcpdquqkle0t3xj5gg3uiht5i72qzvrp	.eJxVjEEOwiAQRe_C2pCBQKEu3XsGwswwUjU0Ke3KeHdt0oVu_3vvv1TK21rT1suSJlZnZdTpd8NMj9J2wPfcbrOmua3LhHpX9EG7vs5cnpfD_TuouddvHYTIIeNA4sCwt0HK4EaKkSNAYBrFBg9CjN4HCQ5AikhGyyZ6iur9AQjQONQ:1wGMmn:SaP_Orr8Ik6jLqtOeTYBmhXdgv8oO9TluZG1UtRUESE	2026-05-08 14:06:01.930035-06
ck0x4cnoqlh8ykzr6grr3id2zig1t77l	e30:1wSKew:LpuavTFMvXoYIRYxXmMM9hkE3lJLqzUpRhSNGrdMa8U	2026-06-10 14:15:22.040662-06
zmippbf00a1ghy67hxxkc16d0eetj2c1	.eJxVjDsOwjAQBe_iGlnEu14vlPScwfJnjQPIkeKkQtwdIqWA9s3Meykf1qX6tcvsx6zOyqjD7xZDekjbQL6Hdpt0mtoyj1Fvit5p19cpy_Oyu38HNfT6rQcUREuOI4KDQHJEZjCciC0LnZx1yFQMCFlrMyAPUIpxwg4iFqPeH5yjNic:1wX7F7:ZPaCrrGjk7grm7Nl6gAsrPhfvfM_ZnrS5kYl9HH6aUI	2026-06-23 18:56:29.91281-06
\.


--
-- Data for Name: tests_opcionvalores; Type: TABLE DATA; Schema: public; Owner: -
--

COPY public.tests_opcionvalores (id, letra, texto, columna, pregunta_id) FROM stdin;
7	a	Banquero	S	4
8	b	Político	Y	4
9	a	Si	T	5
10	b	No	X	5
11	a	Matemáticas	R	6
12	b	Teología	Z	6
13	a	Inducir a la gente a obtener resultados prácticos	S	7
14	b	Inducir a la gente a interesarse por los derechos de otros seres humanos	X	7
15	a	El colorido y la formalidad del acto mismo	T	8
16	b	La influencia y la fuerza del grupo	Y	8
17	a	Los altos ideales y el respeto	R	9
18	b	El desinterés y la condolencia	T	9
19	a	Literatura	X	10
20	b	Física y química	Z	10
21	a	Dignatarios de la iglesia resuelven importante problema religioso	R	11
22	b	Grandes mejoras en las condiciones del mercado	Y	11
23	a	La suprema corte anuncia su decisión	S	12
24	b	Nueva teoría científica es promulgada	Z	12
25	a	Si	R	13
26	b	No	X	13
27	a	Desarrollar maestría en su habilidad favorita	S	14
28	b	Hacer labor social o de servicio público	T	14
29	a	Nuevos productos industriales	Y	15
30	b	Aparatos científicos tales como microscopios, péndulos, brújulas, etc.	Z	15
31	a	Una institución donde se debaten problemas nacionales	S	16
32	b	Una orquesta de música clásica	X	16
33	a	Exaltar las tendencias altruístas y caritativas	S	17
34	b	Fomentar la relación espiritual y el sentido de comunión con el altísimo	Y	17
35	a	Seminario de estudios científicos	X	18
36	b	Arte y decoración	Z	18
37	a	Comparación de méritos en los sistemas de gobierno de España y nuestro país	T	19
38	b	Comparación del desarrollo de las grandes creencias religiosas	Y	19
39	a	La preparación que da en los aspectos de utilidad práctica y recompensa monetaria	R	20
40	b	La preparación que da para participar en las actividades de la comunidad y en la ayuda de seres	S	20
41	a	Alejandor, Julio César y Carlomagno	T	21
42	b	Aristóteles, Sócrates y Kant	X	21
43	a	Si	R	22
44	b	No	Z	22
45	a	Ser consejero de empleados	S	23
46	b	Tener un puesto administrativo	T	23
47	a	Historia de la religión en nuestro país	T	24
48	b	Historia del desarrollo industrial en nuestro país	X	24
49	a	Mayor preocupación por lo derechos y el bienestar de los ciudadanos	R	25
50	b	Mayor conocimiento de las leyes fundamentales del comportamiento humano	S	25
51	a	Elevar el nivel de la vida	X	26
52	b	Influir la opinión pública	Z	26
53	a	El progreso de los servicios sociales en la ciudad de donde usted reside	R	27
54	b	Pintores contemporáneos	Y	27
55	a	Estoy de acuerdo con esta afirmación	S	28
56	b	Estoy en desacuerdo	T	28
57	a	Las secciones de compra y venta de casas y precios del mercado	X	29
58	b	La información sobre galerías de pinturas	Y	29
59	a	La religión	T	30
60	b	La educación física	Z	30
61	a	Dar más ayuda a los pobres, enfermos y ancianos	Z	31
62	b	Desarrollar la industria y el comercio	T	31
63	c	Introducir los más elevados principios de la ética en su política y en su diplomacia	X	31
64	d	Colocar a la nación en una posición de prestigio y respeto en relación con otras naciones	R	31
65	a	Leyendo libros serios para elevar su nivel cultural	Y	32
66	b	Tratando de ganar jugando al 'tenis' o compitiendo en carreras	R	32
67	c	Concurriendo a escuchar conciertos sinfónicos	S	32
68	d	Concurriendo a escuchar un sermón religioso de gran trascendencia	X	32
69	a	Darle mayor importancia al estudio de las bellas artes	S	33
70	b	Incrementar el interés por el estudio de los problemas sociales	Z	33
71	c	Dotar de mayor número de aparatos y elementos indispensables a los laboratorios	Y	33
72	d	Aumentar el valor práctico de la enseñanza	T	33
73	a	Sea eficiente, trabajador y que tenga manera práctica de pensar	T	34
74	b	Se interese seriamente en pensar acerca de su actitud hacia la vida	X	34
75	c	Posea cualidades como lider y organizador	R	34
76	d	Demuestre sensibilidad artística y sentimental	S	34
77	a	Aplicar este dinero para ayudar al progreso industrial y comercial	T	35
78	b	Ayudar a los grupos religiosos a desarrollar sus actividades	X	35
79	c	Cederlo para el desarrollo de la investigación científica de la localidad	Y	35
80	d	Darlo a una sociedad para el fomento del bienestar familiar	Z	35
81	a	Los argumentos que tratan sobre la vida de grandes hombres	R	36
82	b	El ballet o representaciones similares	S	36
83	c	Argumentos que versan sobre el sufrimiento humano y el amor	Z	36
84	d	Argumentos que se proponen demostrar algún punto de vista	Y	36
85	a	Matemático	T	37
86	b	Gerente de ventas	Z	37
87	c	Sacerdote	S	37
88	d	Político	X	37
1	a	Si	R	1
2	b	No	S	1
3	a	Si	T	2
5	a	Aristóteles	R	3
4	b	No	Z	2
6	b	Simón Bolívar	X	3
89	a	Hacer una colección de esculturas y pinturas escogidas	R	38
90	b	Establecer un centro para el cuidado y rehabilitación de retrasadps mentales	Y	38
91	c	Postularse para senador o ministro de estado	X	38
92	d	Establecer un negocio o una organización industrial de su propiedad	Z	38
93	a	El significado de la vida	S	39
94	b	Las últimas novedades en el campo de la ciencia	T	39
95	c	La literatura	R	39
96	d	El socialismo y el mejoramiento social	Y	39
97	a	Escribir y publicar un ensayo o artículo original sobre biología	T	40
98	b	Permanecer en un rincón lejano del país donde se pueda disfrutar de hermosos paisajes	R	40
99	c	Inscribirse en un torneo local de tenis u ptrp deporte	X	40
100	d	Iniciarse en un nuevo campo de negocios	Z	40
101	a	Representan las conquistas del hombre sobre las fuerzas de la naturaleza	X	41
102	b	Acrecientan nuestro conocimiento sobre la geografía, la meteorología, la oceanografía, etc.	T	41
103	c	Son lazos de unión para los intereses y sentimientos de todas las naciones	Y	41
104	d	Cada uno de ellos contribuye un poco a la comprensión del universo	S	41
105	a	Nuestra fe religiosa	Z	42
106	b	Nuestros ideales de la belleza	T	42
107	c	Nuestros compañeros o la organización para la cual trabajamos	S	42
108	d	Nuestros ideales acerca de la caridad	X	42
109	a	La fundadora de la Cruz roja: Florence Nightingale	X	43
110	b	Napoleón	Y	43
111	c	Henry ford	S	43
112	d	Galileo	R	43
113	a	Pueda adquirir prestigio social y se gane la admiración de los demás	Y	44
114	b	Guste de ayudar a la gente	X	44
115	c	Sea fundamentalmente espiritual en sus actitudes hacia la vida	Z	44
116	d	Tenga talento artístico	T	44
117	a	Tenga éxito en su profesión y se gane la admiración de los demás	Y	45
118	b	Le guste ayudar a la gente	X	45
119	c	Sea fundamentalmente espiritual en sus actitudes hacia la vida	Z	45
120	d	Tenga talento artístico	T	45
121	a	Como la expresión de las más altas aspiraciones y sentimientos espirituales	Z	46
122	b	Como uno de los más valiosos e irremplazables cuadros que jamás se hayan pintado	S	46
123	c	En relación a las múltiples habilidades de Leonardo y su lugar en la historia	R	46
124	d	Como la quinta esencia de la armonía y la composición	T	46
\.


--
-- Data for Name: tests_partetest; Type: TABLE DATA; Schema: public; Owner: -
--

COPY public.tests_partetest (id, tipo, instrucciones, test_id) FROM stdin;
1	PRIMERA	Distribución de 3 puntos entre dos opciones: (3,0), (0,3), (2,1) o (1,2)	1
2	SEGUNDA	Asignación de rangos 4-3-2-1 a cuatro opciones	1
\.


--
-- Data for Name: tests_preguntavalores; Type: TABLE DATA; Schema: public; Owner: -
--

COPY public.tests_preguntavalores (id, texto, pagina, parte_id) FROM stdin;
1	El principal objeto de la investigación científica es el descubrir la verdad y no darle una aplicación práctica.	2	1
2	La Biblia se debe mirar desde un punto de vista de su bella mitología y de su hermoso estilo literario y no como una revelación espiritual.	2	1
3	¿A cuál de los siguientes hombres cree que debe atribuírsele más mérito como contribuidor al progreso de la humanidad?	2	1
4	Dando por hecho que usted tiene la habilidad necesaria, preferiría ser:	2	1
5	¿Crees justificable que los grandes artistas como Beethoven, Wagner y Byron, hayan sido egoístas e indeferentes a los sentimientos de otros?	2	1
6	¿Cuál de estas dos disciplinas cree que llegará a tener en el futuro mayor valor para la humanidad?	2	1
7	¿Cuál considera usted que debe ser la función más importante de los grandes dirigentes modernos?	2	1
8	Cuando presencia una ceremonia pomposa(eclesiástica o académica, toma de posesión de un alto puesto, etc.), qué le impresiona más:	2	1
9	¿Cuáles de estos rasgos de carácter, considera más deseables?	3	1
10	Si fuera un profesor universitario y tuviera la habilidad necesaria, preferiría dar clase de:	3	1
11	Si viera las siguientes noticias en el periódico matutino, con encabezados de igual tamaño ¿Cuál leería con más atención?	3	1
12	En las mismas circunstancias de la pregunta anterior:	3	1
13	Cuando visita una catedral le impresiona más el sentido de reverencia y religiosidad que las características arquitectónicas y los frescos e imágenes?	3	1
14	Suponiendo que tenga tiempo disponible, preferiría utilizarlo en:	3	1
15	En una exposición le gusta más ir a lugares donde pueda ver:	3	1
16	Si tuviera la oportunidad y si ninguna de estas dos actividades existiesen en donde usted vive, que preferiría fundar:	3	1
17	La finalidad de las iglesias en la actualidad debería ser:	4	1
18	Si tuviera que pasar algún tiempo en una sala de espera y hubiera solo dos revistas, ¿cuál escogería?	4	1
19	Preferiría usted escuchar una serie de conferencias sobre:	4	1
20	¿Cuál de las siguientes funciones de la educación formal considera más importante?	4	1
21	Tiene usted más interés en leer relatos sobre la vida y obra de hombres como:	4	1
22	¿Nuestro actual desarrollo industrial y científico es muestra de mayor grado de civilización que el alcanzado por cualquier otra sociedad de tiempos anteriores, por ejemplo, los griegos?	4	1
23	Si estuviera empleado en una organización industrial y suponiendo que los sueldos fueran iguales preferiría usted:	4	1
24	Si de dos libros tuviera que elegir uno, ¿cuál de los dos siguientes escogería?	5	1
25	Aprovecharía más a la sociedad moderna:	5	1
26	Si usted estuviera en condiciones propicias para elevar el nivel de la vida o para modificar la opinión pública según sus deseos, preferíria usar su influencia para:	5	1
27	¿Qué preferiría escuchar? Una serie de conferencias populares sobre:	5	1
28	La evidencia acumulada hasta ahora parece demostrar que el universo se ha desarrollado hasta su estado actual de acuerdo con leyes naturales de tal manera que no será necesario recurrir a una causa primera, propósito cósmico o divinidad para explicarlo:	5	1
29	En el periódico dominical, ¿qué es lo que usted leería con más interés?	5	1
30	¿Qué considera usted más importante en el desarrollo de la educación de los hijos?	5	1
31	Le parece a usted que un buen gobierno debe preocuparse más por:	7	2
32	En su opinión, ¿Cómo podría utilizar mejor el domingo un hombre de negocios que trabaja toda la semana?	7	2
33	Si pudiera alterar el programa de enseñanza en su localidad, trataría usted de:	7	2
34	En amigos de su propio sexo, prefiere usted a uno que:	7	2
35	Si viviera en una ciudad pequeña y progresista y tuviera más ingresos de los necesarios para cubrir todas sus necesidades, preferiría:	7	2
36	Cuando va usted al teatro, por lo regular disfruta más:	7	2
37	Suponiendo que usted tenga la habilidad necesaria y que el sueldo para cada uno de los siguientes empleos fuera el mismo, ¿cuál preferiría usted desempeñar?	8	2
38	Si tuviera suficiente tiempo y dinero, le gustaría más:	8	2
39	Estando en una velada con amigos íntimos del propio sexo, ¿qué tema preferiría usted tratar?	8	2
40	¿Qué preferiría usted hacer en sus vacaciones venideras si tuviera la habiliadad y los medios?	8	2
41	Las grandes exploraciones y descubrimientos como los de Colón, Magallanes, Marco polo y Byrd, le parecen más significativos a causa de que:	8	2
42	Debemos normar nuestra conducta de acuerdo con, o brindar nuestra mayor lealtad a:	9	2
43	Hasta que punto admira usted a las siguientes personas:	9	2
44	(Responder si eres o te identificas del sexo masculino) Al escoger a su esposa preferiría usted una mujer que:	9	2
45	(Responder si eres o te identificas del sexo femenino) Preferiría usted un esposo que	9	2
46	Examinando el cuadro de Leonardo da Vinci 'La última cena', tendería usted a pensar de él:	9	2
\.


--
-- Data for Name: tests_problemadomino; Type: TABLE DATA; Schema: public; Owner: -
--

COPY public.tests_problemadomino (id, numero, tipo, matriz_filas, matriz_columnas, fichas, respuesta, configuracion_extra, test_id) FROM stdin;
7	7	MATRIZ	2	4	[{"fila": 0, "columna": 0, "inferior": 5, "superior": 2}, {"fila": 0, "columna": 1, "inferior": 2, "superior": 5}, {"fila": 0, "columna": 2, "inferior": 5, "superior": 2}, {"fila": 0, "columna": 3, "inferior": 2, "superior": 5}, {"fila": 1, "columna": 0, "inferior": 5, "superior": 2}, {"fila": 1, "columna": 1, "inferior": 2, "superior": 5}, {"fila": 1, "columna": 2, "inferior": 5, "superior": 2}, {"fila": 1, "columna": 3, "inferior": null, "superior": null}]	[5, 2]	\N	1
1	1	MATRIZ	2	3	[{"fila": 0, "columna": 0, "inferior": 4, "superior": 2}, {"fila": 0, "columna": 1, "inferior": 4, "superior": 2}, {"fila": 0, "columna": 2, "inferior": 4, "superior": 2}, {"fila": 1, "columna": 0, "inferior": 4, "superior": 2}, {"fila": 1, "columna": 1, "inferior": 4, "superior": 2}, {"fila": 1, "columna": 2, "inferior": null, "superior": null}]	[2, 4]	\N	1
4	4	MATRIZ	3	3	[{"fila": 0, "columna": 0, "inferior": 0, "superior": 2}, {"fila": 0, "columna": 1, "inferior": 0, "superior": 2}, {"fila": 0, "columna": 2, "inferior": 0, "superior": 2}, {"fila": 1, "columna": 0, "inferior": 1, "superior": 1}, {"fila": 1, "columna": 1, "inferior": 1, "superior": 1}, {"fila": 1, "columna": 2, "inferior": 1, "superior": 1}, {"fila": 2, "columna": 0, "inferior": 0, "superior": 0}, {"fila": 2, "columna": 1, "inferior": 2, "superior": 0}, {"fila": 2, "columna": 2, "inferior": null, "superior": null}]	[0, 2]	\N	1
5	5	MATRIZ	2	3	[{"fila": 0, "columna": 0, "inferior": 3, "superior": 5}, {"fila": 0, "columna": 1, "inferior": 6, "superior": 2}, {"fila": 0, "columna": 2, "inferior": 1, "superior": 4}, {"fila": 1, "columna": 0, "inferior": 2, "superior": 5}, {"fila": 1, "columna": 1, "inferior": 6, "superior": 2}, {"fila": 1, "columna": 2, "inferior": null, "superior": null}]	[4, 1]	\N	1
6	6	MATRIZ	2	3	[{"fila": 0, "columna": 0, "inferior": 0, "superior": 5}, {"fila": 0, "columna": 1, "inferior": 4, "superior": 2}, {"fila": 0, "columna": 2, "inferior": 3, "superior": 6}, {"fila": 1, "columna": 0, "inferior": 5, "superior": 0}, {"fila": 1, "columna": 1, "inferior": 2, "superior": 4}, {"fila": 1, "columna": 2, "inferior": null, "superior": null}]	[3, 6]	\N	1
8	8	MATRIZ	2	4	[{"fila": 0, "columna": 0, "inferior": 2, "superior": 3}, {"fila": 0, "columna": 1, "inferior": 4, "superior": 0}, {"fila": 0, "columna": 2, "inferior": 4, "superior": 0}, {"fila": 0, "columna": 3, "inferior": 2, "superior": 3}, {"fila": 1, "columna": 0, "inferior": 4, "superior": 0}, {"fila": 1, "columna": 1, "inferior": 2, "superior": 3}, {"fila": 1, "columna": 2, "inferior": 2, "superior": 3}, {"fila": 1, "columna": 3, "inferior": null, "superior": null}]	[0, 4]	\N	1
9	9	MATRIZ	3	3	[{"fila": 0, "columna": 0, "inferior": 6, "superior": 2}, {"fila": 0, "columna": 1, "inferior": 4, "superior": 5}, {"fila": 0, "columna": 2, "inferior": 6, "superior": 2}, {"fila": 1, "columna": 0, "inferior": 4, "superior": 5}, {"fila": 1, "columna": 1, "inferior": 6, "superior": 2}, {"fila": 1, "columna": 2, "inferior": 4, "superior": 5}, {"fila": 2, "columna": 0, "inferior": 6, "superior": 2}, {"fila": 2, "columna": 1, "inferior": 4, "superior": 5}, {"fila": 2, "columna": 2, "inferior": null, "superior": null}]	[2, 6]	\N	1
2	2	MATRIZ	2	3	[{"fila": 0, "columna": 0, "inferior": 4, "superior": 3}, {"fila": 0, "columna": 1, "inferior": 4, "superior": 3}, {"fila": 0, "columna": 2, "inferior": 4, "superior": 3}, {"fila": 1, "columna": 0, "inferior": 1, "superior": 6}, {"fila": 1, "columna": 1, "inferior": 1, "superior": 6}, {"fila": 1, "columna": 2, "inferior": null, "superior": null}]	[6, 1]	\N	1
17	17	MATRIZ	3	3	[{"fila": 0, "columna": 0, "inferior": 2, "superior": 3}, {"fila": 0, "columna": 1, "inferior": 2, "superior": 4}, {"fila": 0, "columna": 2, "inferior": 2, "superior": 5}, {"fila": 1, "columna": 0, "inferior": 1, "superior": 2}, {"fila": 1, "columna": 1, "inferior": 1, "superior": 3}, {"fila": 1, "columna": 2, "inferior": 1, "superior": 4}, {"fila": 2, "columna": 0, "inferior": 0, "superior": 4}, {"fila": 2, "columna": 1, "inferior": 0, "superior": 5}, {"fila": 2, "columna": 2, "inferior": null, "superior": null}]	[6, 0]	\N	1
10	10	MATRIZ	3	3	[{"fila": 0, "columna": 0, "inferior": 3, "superior": 3}, {"fila": 0, "columna": 1, "inferior": 4, "superior": 4}, {"fila": 0, "columna": 2, "inferior": 5, "superior": 5}, {"fila": 1, "columna": 0, "inferior": 2, "superior": 2}, {"fila": 1, "columna": 1, "inferior": 3, "superior": 3}, {"fila": 1, "columna": 2, "inferior": 4, "superior": 4}, {"fila": 2, "columna": 0, "inferior": 1, "superior": 1}, {"fila": 2, "columna": 1, "inferior": 2, "superior": 2}, {"fila": 2, "columna": 2, "inferior": null, "superior": null}]	[3, 3]	\N	1
12	12	MATRIZ	3	3	[{"fila": 0, "columna": 0, "inferior": 3, "superior": 1}, {"fila": 0, "columna": 1, "inferior": 2, "superior": 2}, {"fila": 0, "columna": 2, "inferior": 1, "superior": 3}, {"fila": 1, "columna": 0, "inferior": 3, "superior": 2}, {"fila": 1, "columna": 1, "inferior": 2, "superior": 3}, {"fila": 1, "columna": 2, "inferior": 1, "superior": 4}, {"fila": 2, "columna": 0, "inferior": 3, "superior": 3}, {"fila": 2, "columna": 1, "inferior": 2, "superior": 4}, {"fila": 2, "columna": 2, "inferior": null, "superior": null}]	[5, 1]	\N	1
13	13	MATRIZ	2	4	[{"fila": 0, "columna": 0, "inferior": 2, "superior": 3}, {"fila": 0, "columna": 1, "inferior": 4, "superior": 5}, {"fila": 0, "columna": 2, "inferior": 2, "superior": 3}, {"fila": 0, "columna": 3, "inferior": 4, "superior": 5}, {"fila": 1, "columna": 0, "inferior": 5, "superior": 4}, {"fila": 1, "columna": 1, "inferior": 3, "superior": 2}, {"fila": 1, "columna": 2, "inferior": 5, "superior": 4}, {"fila": 1, "columna": 3, "inferior": null, "superior": null}]	[2, 3]	\N	1
14	14	MATRIZ	2	4	[{"fila": 0, "columna": 0, "inferior": 1, "superior": 0}, {"fila": 0, "columna": 1, "inferior": 2, "superior": 1}, {"fila": 0, "columna": 2, "inferior": 3, "superior": 2}, {"fila": 0, "columna": 3, "inferior": 4, "superior": 3}, {"fila": 1, "columna": 0, "inferior": 3, "superior": 2}, {"fila": 1, "columna": 1, "inferior": 4, "superior": 3}, {"fila": 1, "columna": 2, "inferior": 5, "superior": 4}, {"fila": 1, "columna": 3, "inferior": null, "superior": null}]	[5, 6]	\N	1
15	15	MATRIZ	3	3	[{"fila": 0, "columna": 0, "inferior": 3, "superior": 2}, {"fila": 0, "columna": 1, "inferior": 0, "superior": 2}, {"fila": 0, "columna": 2, "inferior": 4, "superior": 2}, {"fila": 1, "columna": 0, "inferior": 3, "superior": 6}, {"fila": 1, "columna": 1, "inferior": 0, "superior": 6}, {"fila": 1, "columna": 2, "inferior": 4, "superior": 6}, {"fila": 2, "columna": 0, "inferior": 3, "superior": 1}, {"fila": 2, "columna": 1, "inferior": 0, "superior": 1}, {"fila": 2, "columna": 2, "inferior": null, "superior": null}]	[1, 4]	\N	1
16	16	MATRIZ	3	3	[{"fila": 0, "columna": 0, "inferior": 4, "superior": 1}, {"fila": 0, "columna": 1, "inferior": 4, "superior": 6}, {"fila": 0, "columna": 2, "inferior": 4, "superior": 2}, {"fila": 1, "columna": 0, "inferior": 1, "superior": 1}, {"fila": 1, "columna": 1, "inferior": 1, "superior": 6}, {"fila": 1, "columna": 2, "inferior": 1, "superior": 2}, {"fila": 2, "columna": 0, "inferior": 5, "superior": 1}, {"fila": 2, "columna": 1, "inferior": 5, "superior": 6}, {"fila": 2, "columna": 2, "inferior": null, "superior": null}]	[2, 5]	\N	1
23	23	MATRIZ	3	3	[{"fila": 0, "columna": 0, "inferior": 6, "superior": 2}, {"fila": 0, "columna": 1, "inferior": 1, "superior": 4}, {"fila": 0, "columna": 2, "inferior": 0, "superior": 5}, {"fila": 1, "columna": 0, "inferior": 1, "superior": 5}, {"fila": 1, "columna": 1, "inferior": 0, "superior": 2}, {"fila": 1, "columna": 2, "inferior": 6, "superior": 4}, {"fila": 2, "columna": 0, "inferior": 0, "superior": 4}, {"fila": 2, "columna": 1, "inferior": 6, "superior": 5}, {"fila": 2, "columna": 2, "inferior": null, "superior": null}]	[2, 1]	\N	1
20	20	MATRIZ	3	3	[{"fila": 0, "columna": 0, "inferior": 3, "superior": 2}, {"fila": 0, "columna": 1, "inferior": 5, "superior": 1}, {"fila": 0, "columna": 2, "inferior": 4, "superior": 6}, {"fila": 1, "columna": 0, "inferior": 5, "superior": 1}, {"fila": 1, "columna": 1, "inferior": 4, "superior": 6}, {"fila": 1, "columna": 2, "inferior": 3, "superior": 2}, {"fila": 2, "columna": 0, "inferior": 4, "superior": 6}, {"fila": 2, "columna": 1, "inferior": 3, "superior": 2}, {"fila": 2, "columna": 2, "inferior": null, "superior": null}]	[1, 5]	\N	1
25	35	MATRIZ	2	4	[{"fila": 0, "columna": 0, "inferior": 5, "superior": 1}, {"fila": 0, "columna": 1, "inferior": 5, "superior": 1}, {"fila": 0, "columna": 2, "inferior": 5, "superior": 2}, {"fila": 0, "columna": 3, "inferior": 5, "superior": 3}, {"fila": 1, "columna": 0, "inferior": 2, "superior": 4}, {"fila": 1, "columna": 1, "inferior": 2, "superior": 4}, {"fila": 1, "columna": 2, "inferior": 2, "superior": 5}, {"fila": 1, "columna": 3, "inferior": null, "superior": null}]	[6, 2]	\N	1
21	21	MATRIZ	3	3	[{"fila": 0, "columna": 0, "inferior": 6, "superior": 0}, {"fila": 0, "columna": 1, "inferior": 6, "superior": 1}, {"fila": 0, "columna": 2, "inferior": 6, "superior": 3}, {"fila": 1, "columna": 0, "inferior": 5, "superior": 3}, {"fila": 1, "columna": 1, "inferior": 5, "superior": 0}, {"fila": 1, "columna": 2, "inferior": 5, "superior": 1}, {"fila": 2, "columna": 0, "inferior": 4, "superior": 1}, {"fila": 2, "columna": 1, "inferior": 4, "superior": 3}, {"fila": 2, "columna": 2, "inferior": null, "superior": null}]	[0, 4]	\N	1
22	22	MATRIZ	3	3	[{"fila": 0, "columna": 0, "inferior": 5, "superior": 4}, {"fila": 0, "columna": 1, "inferior": 3, "superior": 2}, {"fila": 0, "columna": 2, "inferior": 1, "superior": 6}, {"fila": 1, "columna": 0, "inferior": 3, "superior": 4}, {"fila": 1, "columna": 1, "inferior": 1, "superior": 2}, {"fila": 1, "columna": 2, "inferior": 5, "superior": 6}, {"fila": 2, "columna": 0, "inferior": 1, "superior": 4}, {"fila": 2, "columna": 1, "inferior": 5, "superior": 2}, {"fila": 2, "columna": 2, "inferior": null, "superior": null}]	[6, 3]	\N	1
24	24	MATRIZ	3	3	[{"fila": 0, "columna": 0, "inferior": 5, "superior": 4}, {"fila": 0, "columna": 1, "inferior": 6, "superior": 3}, {"fila": 0, "columna": 2, "inferior": 1, "superior": 2}, {"fila": 1, "columna": 0, "inferior": 1, "superior": 3}, {"fila": 1, "columna": 1, "inferior": 5, "superior": 2}, {"fila": 1, "columna": 2, "inferior": 6, "superior": 4}, {"fila": 2, "columna": 0, "inferior": 6, "superior": 2}, {"fila": 2, "columna": 1, "inferior": 1, "superior": 4}, {"fila": 2, "columna": 2, "inferior": null, "superior": null}]	[3, 5]	\N	1
18	18	MATRIZ	3	3	[{"fila": 0, "columna": 0, "inferior": 0, "superior": 5}, {"fila": 0, "columna": 1, "inferior": 3, "superior": 4}, {"fila": 0, "columna": 2, "inferior": 2, "superior": 3}, {"fila": 1, "columna": 0, "inferior": 1, "superior": 6}, {"fila": 1, "columna": 1, "inferior": 4, "superior": 5}, {"fila": 1, "columna": 2, "inferior": 3, "superior": 4}, {"fila": 2, "columna": 0, "inferior": 2, "superior": 3}, {"fila": 2, "columna": 1, "inferior": 5, "superior": 2}, {"fila": 2, "columna": 2, "inferior": null, "superior": null}]	[1, 4]	\N	1
28	42	MATRIZ	3	3	[{"fila": 0, "columna": 0, "inferior": 1, "superior": 5}, {"fila": 0, "columna": 1, "inferior": 2, "superior": 3}, {"fila": 0, "columna": 2, "inferior": 2, "superior": 1}, {"fila": 1, "columna": 0, "inferior": 3, "superior": 5}, {"fila": 1, "columna": 1, "inferior": 4, "superior": 3}, {"fila": 1, "columna": 2, "inferior": 4, "superior": 1}, {"fila": 2, "columna": 0, "inferior": 5, "superior": 4}, {"fila": 2, "columna": 1, "inferior": 6, "superior": 2}, {"fila": 2, "columna": 2, "inferior": null, "superior": null}]	[0, 6]	\N	1
29	43	MATRIZ	2	4	[{"fila": 0, "columna": 0, "inferior": 3, "superior": 1}, {"fila": 0, "columna": 1, "inferior": 5, "superior": 3}, {"fila": 0, "columna": 2, "inferior": 0, "superior": 5}, {"fila": 0, "columna": 3, "inferior": 2, "superior": 0}, {"fila": 1, "columna": 0, "inferior": 0, "superior": 5}, {"fila": 1, "columna": 1, "inferior": 2, "superior": 0}, {"fila": 1, "columna": 2, "inferior": 4, "superior": 2}, {"fila": 1, "columna": 3, "inferior": null, "superior": null}]	[4, 6]	\N	1
30	44	MATRIZ	2	4	[{"fila": 0, "columna": 0, "inferior": 6, "superior": 0}, {"fila": 0, "columna": 1, "inferior": 3, "superior": 2}, {"fila": 0, "columna": 2, "inferior": 0, "superior": 3}, {"fila": 0, "columna": 3, "inferior": 2, "superior": 6}, {"fila": 1, "columna": 0, "inferior": 3, "superior": 2}, {"fila": 1, "columna": 1, "inferior": 6, "superior": 0}, {"fila": 1, "columna": 2, "inferior": 2, "superior": 6}, {"fila": 1, "columna": 3, "inferior": null, "superior": null}]	[3, 0]	\N	1
31	45	MATRIZ	2	4	[{"fila": 0, "columna": 0, "inferior": 3, "superior": 2}, {"fila": 0, "columna": 1, "inferior": 5, "superior": 4}, {"fila": 0, "columna": 2, "inferior": 2, "superior": 1}, {"fila": 0, "columna": 3, "inferior": 4, "superior": 3}, {"fila": 1, "columna": 0, "inferior": 4, "superior": 1}, {"fila": 1, "columna": 1, "inferior": 6, "superior": 3}, {"fila": 1, "columna": 2, "inferior": 3, "superior": 0}, {"fila": 1, "columna": 3, "inferior": null, "superior": null}]	[0, 5]	\N	1
32	46	MATRIZ	3	3	[{"fila": 0, "columna": 0, "inferior": 2, "superior": 1}, {"fila": 0, "columna": 1, "inferior": 1, "superior": 0}, {"fila": 0, "columna": 2, "inferior": 3, "superior": 1}, {"fila": 1, "columna": 0, "inferior": 2, "superior": 1}, {"fila": 1, "columna": 1, "inferior": 1, "superior": 3}, {"fila": 1, "columna": 2, "inferior": 3, "superior": 4}, {"fila": 2, "columna": 0, "inferior": 4, "superior": 2}, {"fila": 2, "columna": 1, "inferior": 2, "superior": 3}, {"fila": 2, "columna": 2, "inferior": null, "superior": null}]	[5, 6]	\N	1
33	47	MATRIZ	3	3	[{"fila": 0, "columna": 0, "inferior": 5, "superior": 5}, {"fila": 0, "columna": 1, "inferior": 1, "superior": 1}, {"fila": 0, "columna": 2, "inferior": 3, "superior": 3}, {"fila": 1, "columna": 0, "inferior": 3, "superior": 3}, {"fila": 1, "columna": 1, "inferior": 2, "superior": 2}, {"fila": 1, "columna": 2, "inferior": 4, "superior": 4}, {"fila": 2, "columna": 0, "inferior": 1, "superior": 1}, {"fila": 2, "columna": 1, "inferior": 6, "superior": 6}, {"fila": 2, "columna": 2, "inferior": null, "superior": null}]	[2, 2]	\N	1
27	41	MATRIZ	3	3	[{"fila": 0, "columna": 0, "inferior": 6, "superior": 0}, {"fila": 0, "columna": 1, "inferior": 5, "superior": 5}, {"fila": 0, "columna": 2, "inferior": 5, "superior": 2}, {"fila": 1, "columna": 0, "inferior": 4, "superior": 5}, {"fila": 1, "columna": 1, "inferior": 3, "superior": 2}, {"fila": 1, "columna": 2, "inferior": 3, "superior": 0}, {"fila": 2, "columna": 0, "inferior": 2, "superior": 2}, {"fila": 2, "columna": 1, "inferior": 1, "superior": 0}, {"fila": 2, "columna": 2, "inferior": null, "superior": null}]	[5, 1]	\N	1
19	19	MATRIZ	3	3	[{"fila": 0, "columna": 0, "inferior": 2, "superior": 2}, {"fila": 0, "columna": 1, "inferior": 6, "superior": 6}, {"fila": 0, "columna": 2, "inferior": 3, "superior": 3}, {"fila": 1, "columna": 0, "inferior": 3, "superior": 3}, {"fila": 1, "columna": 1, "inferior": 2, "superior": 2}, {"fila": 1, "columna": 2, "inferior": 6, "superior": 6}, {"fila": 2, "columna": 0, "inferior": 6, "superior": 6}, {"fila": 2, "columna": 1, "inferior": 3, "superior": 3}, {"fila": 2, "columna": 2, "inferior": null, "superior": null}]	[2, 2]	\N	1
35	25	FLOR	\N	\N	[{"inferior": 2, "posicion": 1, "rotacion": 0, "superior": 5, "coordenadas": {"x": 0, "y": -135}}, {"inferior": 6, "posicion": 2, "rotacion": 55, "superior": 4, "coordenadas": {"x": 105, "y": -65}}, {"inferior": 2, "posicion": 3, "rotacion": 125, "superior": 5, "coordenadas": {"x": 105, "y": 70}}, {"inferior": 2, "posicion": 4, "rotacion": -125, "superior": 5, "coordenadas": {"x": -105, "y": 70}}, {"inferior": 6, "posicion": 5, "rotacion": -55, "superior": 4, "coordenadas": {"x": -105, "y": -65}}, {"inferior": null, "posicion": "respuesta", "rotacion": 0, "superior": null, "coordenadas": {"x": 0, "y": 140}}]	[6, 4]	{"posicion_respuesta": "centro", "tiene_ficha_central": false, "num_fichas_perimetro": 6}	1
3	3	MATRIZ	3	3	[{"fila": 0, "columna": 0, "inferior": 6, "superior": 6}, {"fila": 0, "columna": 1, "inferior": 2, "superior": 0}, {"fila": 0, "columna": 2, "inferior": 5, "superior": 3}, {"fila": 1, "columna": 0, "inferior": 6, "superior": 6}, {"fila": 1, "columna": 1, "inferior": 2, "superior": 0}, {"fila": 1, "columna": 2, "inferior": 5, "superior": 3}, {"fila": 2, "columna": 0, "inferior": 6, "superior": 6}, {"fila": 2, "columna": 1, "inferior": 2, "superior": 0}, {"fila": 2, "columna": 2, "inferior": null, "superior": null}]	[3, 5]	\N	1
11	11	MATRIZ	3	3	[{"fila": 0, "columna": 0, "inferior": 2, "superior": 6}, {"fila": 0, "columna": 1, "inferior": 1, "superior": 6}, {"fila": 0, "columna": 2, "inferior": 0, "superior": 6}, {"fila": 1, "columna": 0, "inferior": 2, "superior": 5}, {"fila": 1, "columna": 1, "inferior": 1, "superior": 5}, {"fila": 1, "columna": 2, "inferior": 0, "superior": 5}, {"fila": 2, "columna": 0, "inferior": 2, "superior": 4}, {"fila": 2, "columna": 1, "inferior": 1, "superior": 4}, {"fila": 2, "columna": 2, "inferior": null, "superior": null}]	[4, 0]	\N	1
37	27	FLOR	\N	\N	[{"inferior": 2, "posicion": 1, "rotacion": 0, "superior": 6, "coordenadas": {"x": 0, "y": -135}}, {"inferior": 3, "posicion": 2, "rotacion": 55, "superior": 6, "coordenadas": {"x": 105, "y": -65}}, {"inferior": 3, "posicion": 3, "rotacion": 125, "superior": 5, "coordenadas": {"x": 105, "y": 70}}, {"inferior": 1, "posicion": 4, "rotacion": -125, "superior": 4, "coordenadas": {"x": -105, "y": 70}}, {"inferior": 2, "posicion": 5, "rotacion": -55, "superior": 4, "coordenadas": {"x": -105, "y": -65}}, {"inferior": null, "posicion": "respuesta", "rotacion": 0, "superior": null, "coordenadas": {"x": 0, "y": 140}}]	[1, 5]	{"posicion_respuesta": "centro", "tiene_ficha_central": false, "num_fichas_perimetro": 6}	1
38	28	FLOR	\N	\N	[{"inferior": 1, "posicion": 1, "rotacion": -40, "superior": 6, "coordenadas": {"x": -80, "y": -90}}, {"inferior": 6, "posicion": 2, "rotacion": 40, "superior": 3, "coordenadas": {"x": 80, "y": -90}}, {"inferior": 3, "posicion": 3, "rotacion": 105, "superior": 2, "coordenadas": {"x": 125, "y": 50}}, {"inferior": 4, "posicion": 4, "rotacion": -105, "superior": 1, "coordenadas": {"x": -125, "y": 50}}, {"inferior": null, "posicion": "respuesta", "rotacion": 0, "superior": null, "coordenadas": {"x": 0, "y": 140}}]	[2, 4]	{"posicion_respuesta": "centro", "tiene_ficha_central": false, "num_fichas_perimetro": 5}	1
41	31	ESPIRAL	\N	\N	[{"tamaño": {"alto": 50, "ancho": 22}, "inferior": 1, "posicion": 1, "rotacion": 0, "superior": 0, "coordenadas": {"x": 10, "y": -20}, "escala_puntos": 0.8}, {"tamaño": {"alto": 58, "ancho": 26}, "inferior": 3, "posicion": 2, "rotacion": 80, "superior": 2, "coordenadas": {"x": -40, "y": 40}, "escala_puntos": 0.85}, {"tamaño": {"alto": 65, "ancho": 32}, "inferior": 5, "posicion": 3, "rotacion": 155, "superior": 4, "coordenadas": {"x": -115, "y": 5}, "escala_puntos": 0.9}, {"tamaño": {"alto": 72, "ancho": 37}, "inferior": 0, "posicion": 4, "rotacion": 220, "superior": 6, "coordenadas": {"x": -110, "y": -85}, "escala_puntos": 0.95}, {"tamaño": {"alto": 90, "ancho": 45}, "inferior": 2, "posicion": 5, "rotacion": -90, "superior": 1, "coordenadas": {"x": -10, "y": -135}, "escala_puntos": 1.0}, {"tamaño": {"alto": 104, "ancho": 52}, "inferior": 4, "posicion": 6, "rotacion": -30, "superior": 3, "coordenadas": {"x": 110, "y": -70}, "escala_puntos": 1.05}, {"tamaño": {"alto": 112, "ancho": 56}, "inferior": null, "posicion": "respuesta", "rotacion": 0, "superior": null, "coordenadas": {"x": 120, "y": 75}, "escala_puntos": 1.1}]	[5, 6]	{"direccion": "horario", "num_fichas": 6, "ficha_inicial": {"tamaño": "pequeño", "posicion_central": true}, "crecimiento_progresivo": true}	1
42	32	ESPIRAL	\N	\N	[{"tamaño": {"alto": 50, "ancho": 22}, "inferior": 6, "posicion": 1, "rotacion": 0, "superior": 4, "coordenadas": {"x": 10, "y": -20}, "escala_puntos": 0.8}, {"tamaño": {"alto": 58, "ancho": 26}, "inferior": 5, "posicion": 2, "rotacion": 80, "superior": 4, "coordenadas": {"x": -40, "y": 40}, "escala_puntos": 0.85}, {"tamaño": {"alto": 65, "ancho": 32}, "inferior": 4, "posicion": 3, "rotacion": 155, "superior": 4, "coordenadas": {"x": -115, "y": 5}, "escala_puntos": 0.9}, {"tamaño": {"alto": 72, "ancho": 37}, "inferior": 3, "posicion": 4, "rotacion": 220, "superior": 4, "coordenadas": {"x": -110, "y": -85}, "escala_puntos": 0.95}, {"tamaño": {"alto": 90, "ancho": 45}, "inferior": 2, "posicion": 5, "rotacion": -90, "superior": 4, "coordenadas": {"x": -10, "y": -135}, "escala_puntos": 1.0}, {"tamaño": {"alto": 104, "ancho": 52}, "inferior": 1, "posicion": 6, "rotacion": -30, "superior": 4, "coordenadas": {"x": 110, "y": -70}, "escala_puntos": 1.05}, {"tamaño": {"alto": 112, "ancho": 56}, "inferior": null, "posicion": "respuesta", "rotacion": 0, "superior": null, "coordenadas": {"x": 120, "y": 75}, "escala_puntos": 1.1}]	[4, 0]	{"direccion": "horario", "num_fichas": 6, "ficha_inicial": {"tamaño": "pequeño", "posicion_central": true}, "crecimiento_progresivo": true}	1
43	33	ESPIRAL	\N	\N	[{"tamaño": {"alto": 50, "ancho": 22}, "inferior": 2, "posicion": 1, "rotacion": 0, "superior": 2, "coordenadas": {"x": 10, "y": -20}, "escala_puntos": 0.8}, {"tamaño": {"alto": 58, "ancho": 26}, "inferior": 4, "posicion": 2, "rotacion": 80, "superior": 3, "coordenadas": {"x": -40, "y": 40}, "escala_puntos": 0.85}, {"tamaño": {"alto": 65, "ancho": 32}, "inferior": 5, "posicion": 3, "rotacion": 155, "superior": 5, "coordenadas": {"x": -115, "y": 5}, "escala_puntos": 0.9}, {"tamaño": {"alto": 72, "ancho": 37}, "inferior": 0, "posicion": 4, "rotacion": 220, "superior": 6, "coordenadas": {"x": -110, "y": -85}, "escala_puntos": 0.95}, {"tamaño": {"alto": 90, "ancho": 45}, "inferior": 1, "posicion": 5, "rotacion": -90, "superior": 1, "coordenadas": {"x": -10, "y": -135}, "escala_puntos": 1.0}, {"tamaño": {"alto": 104, "ancho": 52}, "inferior": 3, "posicion": 6, "rotacion": -30, "superior": 2, "coordenadas": {"x": 110, "y": -70}, "escala_puntos": 1.05}, {"tamaño": {"alto": 112, "ancho": 56}, "inferior": null, "posicion": "respuesta", "rotacion": 0, "superior": null, "coordenadas": {"x": 120, "y": 75}, "escala_puntos": 1.1}]	[4, 4]	{"direccion": "horario", "num_fichas": 6, "ficha_inicial": {"tamaño": "pequeño", "posicion_central": true}, "crecimiento_progresivo": true}	1
40	30	FLOR	\N	\N	[{"inferior": 3, "posicion": 1, "rotacion": 0, "superior": 0, "coordenadas": {"x": 0, "y": -135}}, {"inferior": 0, "posicion": 2, "rotacion": 55, "superior": 4, "coordenadas": {"x": 105, "y": -65}}, {"inferior": 5, "posicion": 3, "rotacion": 125, "superior": 3, "coordenadas": {"x": 105, "y": 70}}, {"inferior": 6, "posicion": 4, "rotacion": -125, "superior": 2, "coordenadas": {"x": -105, "y": 70}}, {"inferior": 1, "posicion": 5, "rotacion": -55, "superior": 3, "coordenadas": {"x": -105, "y": -65}}, {"inferior": null, "posicion": "respuesta", "rotacion": 0, "superior": null, "coordenadas": {"x": 0, "y": 140}}]	[3, 6]	{"posicion_respuesta": "centro", "tiene_ficha_central": false, "num_fichas_perimetro": 6}	1
36	26	FLOR	\N	\N	[{"inferior": 6, "posicion": 1, "rotacion": 0, "superior": 0, "coordenadas": {"x": 0, "y": -135}}, {"inferior": 5, "posicion": 2, "rotacion": 55, "superior": 0, "coordenadas": {"x": 105, "y": -65}}, {"inferior": 4, "posicion": 3, "rotacion": 125, "superior": 0, "coordenadas": {"x": 105, "y": 70}}, {"inferior": 2, "posicion": 4, "rotacion": -125, "superior": 0, "coordenadas": {"x": -105, "y": 70}}, {"inferior": 1, "posicion": 5, "rotacion": -55, "superior": 0, "coordenadas": {"x": -105, "y": -65}}, {"inferior": null, "posicion": "respuesta", "rotacion": 0, "superior": null, "coordenadas": {"x": 0, "y": 140}}]	[3, 0]	{"posicion_respuesta": "centro", "tiene_ficha_central": false, "num_fichas_perimetro": 6}	1
39	29	FLOR	\N	\N	[{"inferior": 4, "posicion": 1, "rotacion": -25, "superior": 1, "coordenadas": {"x": -70, "y": -145}}, {"inferior": 0, "posicion": 2, "rotacion": 25, "superior": 4, "coordenadas": {"x": 70, "y": -145}}, {"inferior": 6, "posicion": 3, "rotacion": 90, "superior": 2, "coordenadas": {"x": 155, "y": -25}}, {"inferior": 1, "posicion": 4, "rotacion": 145, "superior": 6, "coordenadas": {"x": 100, "y": 95}}, {"inferior": 2, "posicion": 5, "rotacion": -145, "superior": 3, "coordenadas": {"x": -100, "y": 95}}, {"inferior": 3, "posicion": 6, "rotacion": -90, "superior": 0, "coordenadas": {"x": -155, "y": -25}}, {"inferior": null, "posicion": "respuesta", "rotacion": 0, "superior": null, "coordenadas": {"x": 0, "y": 140}}]	[5, 5]	{"posicion_respuesta": "centro", "tiene_ficha_central": false, "num_fichas_perimetro": 7}	1
44	34	ESPIRAL	\N	\N	[{"tamaño": {"alto": 50, "ancho": 22}, "inferior": 4, "posicion": 1, "rotacion": 0, "superior": 5, "coordenadas": {"x": 10, "y": -20}, "escala_puntos": 0.8}, {"tamaño": {"alto": 58, "ancho": 26}, "inferior": 1, "posicion": 2, "rotacion": 80, "superior": 2, "coordenadas": {"x": -40, "y": 40}, "escala_puntos": 0.85}, {"tamaño": {"alto": 65, "ancho": 32}, "inferior": 5, "posicion": 3, "rotacion": 155, "superior": 6, "coordenadas": {"x": -115, "y": 5}, "escala_puntos": 0.9}, {"tamaño": {"alto": 72, "ancho": 37}, "inferior": 2, "posicion": 4, "rotacion": 220, "superior": 3, "coordenadas": {"x": -110, "y": -85}, "escala_puntos": 0.95}, {"tamaño": {"alto": 90, "ancho": 45}, "inferior": 6, "posicion": 5, "rotacion": -90, "superior": 0, "coordenadas": {"x": -10, "y": -135}, "escala_puntos": 1.0}, {"tamaño": {"alto": 104, "ancho": 52}, "inferior": 3, "posicion": 6, "rotacion": -30, "superior": 4, "coordenadas": {"x": 110, "y": -70}, "escala_puntos": 1.05}, {"tamaño": {"alto": 112, "ancho": 56}, "inferior": null, "posicion": "respuesta", "rotacion": 0, "superior": null, "coordenadas": {"x": 120, "y": 75}, "escala_puntos": 1.1}]	[1, 0]	{"direccion": "horario", "num_fichas": 6, "ficha_inicial": {"tamaño": "pequeño", "posicion_central": true}, "crecimiento_progresivo": true}	1
26	36	MATRIZ	3	3	[{"fila": 0, "columna": 0, "inferior": 3, "superior": 5}, {"fila": 0, "columna": 1, "inferior": 2, "superior": 1}, {"fila": 0, "columna": 2, "inferior": 1, "superior": 3}, {"fila": 1, "columna": 0, "inferior": 5, "superior": 5}, {"fila": 1, "columna": 1, "inferior": 4, "superior": 1}, {"fila": 1, "columna": 2, "inferior": 3, "superior": 3}, {"fila": 2, "columna": 0, "inferior": 0, "superior": 5}, {"fila": 2, "columna": 1, "inferior": 6, "superior": 1}, {"fila": 2, "columna": 2, "inferior": null, "superior": null}]	[3, 5]	\N	1
45	37	ESPIRAL	\N	\N	[{"tamaño": {"alto": 50, "ancho": 22}, "inferior": 5, "posicion": 1, "rotacion": 0, "superior": 4, "coordenadas": {"x": 10, "y": -20}, "escala_puntos": 0.8}, {"tamaño": {"alto": 58, "ancho": 26}, "inferior": 6, "posicion": 2, "rotacion": 80, "superior": 6, "coordenadas": {"x": -40, "y": 40}, "escala_puntos": 0.85}, {"tamaño": {"alto": 65, "ancho": 32}, "inferior": 1, "posicion": 3, "rotacion": 155, "superior": 0, "coordenadas": {"x": -115, "y": 5}, "escala_puntos": 0.9}, {"tamaño": {"alto": 72, "ancho": 37}, "inferior": 2, "posicion": 4, "rotacion": 220, "superior": 2, "coordenadas": {"x": -110, "y": -85}, "escala_puntos": 0.95}, {"tamaño": {"alto": 90, "ancho": 45}, "inferior": 4, "posicion": 5, "rotacion": -90, "superior": 3, "coordenadas": {"x": -10, "y": -135}, "escala_puntos": 1.0}, {"tamaño": {"alto": 104, "ancho": 52}, "inferior": 5, "posicion": 6, "rotacion": -30, "superior": 5, "coordenadas": {"x": 110, "y": -70}, "escala_puntos": 1.05}, {"tamaño": {"alto": 112, "ancho": 56}, "inferior": null, "posicion": "respuesta", "rotacion": 0, "superior": null, "coordenadas": {"x": 120, "y": 75}, "escala_puntos": 1.1}]	[6, 0]	{"direccion": "horario", "num_fichas": 6, "ficha_inicial": {"tamaño": "pequeño", "posicion_central": true}, "crecimiento_progresivo": true}	1
46	38	ESPIRAL	\N	\N	[{"tamaño": {"alto": 50, "ancho": 22}, "inferior": 3, "posicion": 1, "rotacion": 0, "superior": 1, "coordenadas": {"x": 10, "y": -20}, "escala_puntos": 0.8}, {"tamaño": {"alto": 58, "ancho": 26}, "inferior": 0, "posicion": 2, "rotacion": 80, "superior": 5, "coordenadas": {"x": -40, "y": 40}, "escala_puntos": 0.85}, {"tamaño": {"alto": 65, "ancho": 32}, "inferior": 4, "posicion": 3, "rotacion": 155, "superior": 2, "coordenadas": {"x": -115, "y": 5}, "escala_puntos": 0.9}, {"tamaño": {"alto": 72, "ancho": 37}, "inferior": 1, "posicion": 4, "rotacion": 220, "superior": 6, "coordenadas": {"x": -110, "y": -85}, "escala_puntos": 0.95}, {"tamaño": {"alto": 90, "ancho": 45}, "inferior": 5, "posicion": 5, "rotacion": -90, "superior": 3, "coordenadas": {"x": -10, "y": -135}, "escala_puntos": 1.0}, {"tamaño": {"alto": 104, "ancho": 52}, "inferior": 2, "posicion": 6, "rotacion": -30, "superior": 0, "coordenadas": {"x": 110, "y": -70}, "escala_puntos": 1.05}, {"tamaño": {"alto": 112, "ancho": 56}, "inferior": null, "posicion": "respuesta", "rotacion": 0, "superior": null, "coordenadas": {"x": 120, "y": 75}, "escala_puntos": 1.1}]	[4, 6]	{"direccion": "horario", "num_fichas": 6, "ficha_inicial": {"tamaño": "pequeño", "posicion_central": true}, "crecimiento_progresivo": true}	1
47	39	ESPIRAL	\N	\N	[{"tamaño": {"alto": 50, "ancho": 22}, "inferior": 3, "posicion": 1, "rotacion": 0, "superior": 1, "coordenadas": {"x": 10, "y": -20}, "escala_puntos": 0.8}, {"tamaño": {"alto": 58, "ancho": 26}, "inferior": 5, "posicion": 2, "rotacion": 80, "superior": 4, "coordenadas": {"x": -40, "y": 40}, "escala_puntos": 0.85}, {"tamaño": {"alto": 65, "ancho": 32}, "inferior": 1, "posicion": 3, "rotacion": 155, "superior": 0, "coordenadas": {"x": -115, "y": 5}, "escala_puntos": 0.9}, {"tamaño": {"alto": 72, "ancho": 37}, "inferior": 4, "posicion": 4, "rotacion": 220, "superior": 2, "coordenadas": {"x": -110, "y": -85}, "escala_puntos": 0.95}, {"tamaño": {"alto": 90, "ancho": 45}, "inferior": 6, "posicion": 5, "rotacion": -90, "superior": 5, "coordenadas": {"x": -10, "y": -135}, "escala_puntos": 1.0}, {"tamaño": {"alto": 104, "ancho": 52}, "inferior": 2, "posicion": 6, "rotacion": -30, "superior": 1, "coordenadas": {"x": 110, "y": -70}, "escala_puntos": 1.05}, {"tamaño": {"alto": 112, "ancho": 56}, "inferior": null, "posicion": "respuesta", "rotacion": 0, "superior": null, "coordenadas": {"x": 120, "y": 75}, "escala_puntos": 1.1}]	[3, 5]	{"direccion": "horario", "num_fichas": 6, "ficha_inicial": {"tamaño": "pequeño", "posicion_central": true}, "crecimiento_progresivo": true}	1
48	40	ESPIRAL	\N	\N	[{"tamaño": {"alto": 50, "ancho": 22}, "inferior": 2, "posicion": 1, "rotacion": 0, "superior": 3, "coordenadas": {"x": 10, "y": -20}, "escala_puntos": 0.8}, {"tamaño": {"alto": 58, "ancho": 26}, "inferior": 1, "posicion": 2, "rotacion": 80, "superior": 1, "coordenadas": {"x": -40, "y": 40}, "escala_puntos": 0.85}, {"tamaño": {"alto": 65, "ancho": 32}, "inferior": 6, "posicion": 3, "rotacion": 155, "superior": 0, "coordenadas": {"x": -115, "y": 5}, "escala_puntos": 0.9}, {"tamaño": {"alto": 72, "ancho": 37}, "inferior": 5, "posicion": 4, "rotacion": 220, "superior": 6, "coordenadas": {"x": -110, "y": -85}, "escala_puntos": 0.95}, {"tamaño": {"alto": 90, "ancho": 45}, "inferior": 4, "posicion": 5, "rotacion": -90, "superior": 4, "coordenadas": {"x": -10, "y": -135}, "escala_puntos": 1.0}, {"tamaño": {"alto": 104, "ancho": 52}, "inferior": 2, "posicion": 6, "rotacion": -30, "superior": 3, "coordenadas": {"x": 110, "y": -70}, "escala_puntos": 1.05}, {"tamaño": {"alto": 112, "ancho": 56}, "inferior": null, "posicion": "respuesta", "rotacion": 0, "superior": null, "coordenadas": {"x": 120, "y": 75}, "escala_puntos": 1.1}]	[2, 1]	{"direccion": "horario", "num_fichas": 6, "ficha_inicial": {"tamaño": "pequeño", "posicion_central": true}, "crecimiento_progresivo": true}	1
34	48	MATRIZ	3	3	[{"fila": 0, "columna": 0, "inferior": 3, "superior": 5}, {"fila": 0, "columna": 1, "inferior": 1, "superior": 0}, {"fila": 0, "columna": 2, "inferior": 1, "superior": 6}, {"fila": 1, "columna": 0, "inferior": 2, "superior": 1}, {"fila": 1, "columna": 1, "inferior": 2, "superior": 6}, {"fila": 1, "columna": 2, "inferior": 1, "superior": 4}, {"fila": 2, "columna": 0, "inferior": 0, "superior": 5}, {"fila": 2, "columna": 1, "inferior": 2, "superior": 5}, {"fila": 2, "columna": 2, "inferior": null, "superior": null}]	[1, 3]	\N	1
\.


--
-- Data for Name: tests_resultadodomino; Type: TABLE DATA; Schema: public; Owner: -
--

COPY public.tests_resultadodomino (id, fecha, respuestas, puntuacion, percentil, tiempo_utilizado, usuario_id, test_id, baremo, diagnostico, eficiencia, grupo_edad) FROM stdin;
1	2025-06-13 15:18:37.334591-06	{"1": {"correcta": false, "respuesta_usuario": "/1", "respuesta_correcta": "2/4"}, "2": {"correcta": false, "respuesta_usuario": "/1", "respuesta_correcta": "6/1"}, "3": {"correcta": false, "respuesta_usuario": "/1", "respuesta_correcta": "3/5"}, "4": {"correcta": false, "respuesta_usuario": "/1", "respuesta_correcta": "0/2"}, "5": {"correcta": false, "respuesta_usuario": "/1", "respuesta_correcta": "4/1"}, "6": {"correcta": false, "respuesta_usuario": "/1", "respuesta_correcta": "3/6"}, "7": {"correcta": false, "respuesta_usuario": "/1", "respuesta_correcta": "5/2"}, "8": {"correcta": false, "respuesta_usuario": "/1", "respuesta_correcta": "0/4"}, "9": {"correcta": false, "respuesta_usuario": "/1", "respuesta_correcta": "2/6"}, "10": {"correcta": false, "respuesta_usuario": "/1", "respuesta_correcta": "3/3"}, "11": {"correcta": false, "respuesta_usuario": "/1", "respuesta_correcta": "4/0"}, "12": {"correcta": false, "respuesta_usuario": "/1", "respuesta_correcta": "5/1"}, "13": {"correcta": false, "respuesta_usuario": "/1", "respuesta_correcta": "2/3"}, "14": {"correcta": false, "respuesta_usuario": "/1", "respuesta_correcta": "5/6"}, "15": {"correcta": false, "respuesta_usuario": "/1", "respuesta_correcta": "1/4"}, "16": {"correcta": false, "respuesta_usuario": "/1", "respuesta_correcta": "2/5"}, "17": {"correcta": false, "respuesta_usuario": "/1", "respuesta_correcta": "6/0"}, "18": {"correcta": false, "respuesta_usuario": "/1", "respuesta_correcta": "1/4"}, "19": {"correcta": false, "respuesta_usuario": "/1", "respuesta_correcta": "2/2"}, "20": {"correcta": false, "respuesta_usuario": "/1", "respuesta_correcta": "1/5"}, "21": {"correcta": false, "respuesta_usuario": "/1", "respuesta_correcta": "0/4"}, "22": {"correcta": false, "respuesta_usuario": "/1", "respuesta_correcta": "6/3"}, "23": {"correcta": false, "respuesta_usuario": "/1", "respuesta_correcta": "2/1"}, "24": {"correcta": false, "respuesta_usuario": "/1", "respuesta_correcta": "3/5"}, "25": {"correcta": false, "respuesta_usuario": "1/1", "respuesta_correcta": "6/4"}, "26": {"correcta": false, "respuesta_usuario": "1/1", "respuesta_correcta": "3/0"}, "27": {"correcta": false, "respuesta_usuario": "1/1", "respuesta_correcta": "1/5"}, "28": {"correcta": false, "respuesta_usuario": "1/1", "respuesta_correcta": "2/4"}, "29": {"correcta": false, "respuesta_usuario": "1/1", "respuesta_correcta": "5/5"}, "30": {"correcta": false, "respuesta_usuario": "1/1", "respuesta_correcta": "8/6"}, "31": {"correcta": false, "respuesta_usuario": "1/1", "respuesta_correcta": "5/6"}, "32": {"correcta": false, "respuesta_usuario": "1/1", "respuesta_correcta": "4/0"}, "33": {"correcta": false, "respuesta_usuario": "1/1", "respuesta_correcta": "4/4"}, "34": {"correcta": false, "respuesta_usuario": "1/1", "respuesta_correcta": "1/0"}, "35": {"correcta": false, "respuesta_usuario": "/1", "respuesta_correcta": "6/2"}, "36": {"correcta": false, "respuesta_usuario": "/1", "respuesta_correcta": "3/5"}, "37": {"correcta": false, "respuesta_usuario": "1/1", "respuesta_correcta": "6/0"}, "38": {"correcta": false, "respuesta_usuario": "1/1", "respuesta_correcta": "4/6"}, "39": {"correcta": false, "respuesta_usuario": "1/1", "respuesta_correcta": "3/5"}, "40": {"correcta": false, "respuesta_usuario": "1/1", "respuesta_correcta": "2/1"}, "41": {"correcta": false, "respuesta_usuario": "/1", "respuesta_correcta": "5/1"}, "42": {"correcta": false, "respuesta_usuario": "/1", "respuesta_correcta": "0/6"}, "43": {"correcta": false, "respuesta_usuario": "/1", "respuesta_correcta": "4/6"}, "44": {"correcta": false, "respuesta_usuario": "/1", "respuesta_correcta": "3/0"}, "45": {"correcta": false, "respuesta_usuario": "/1", "respuesta_correcta": "0/5"}, "46": {"correcta": false, "respuesta_usuario": "/1", "respuesta_correcta": "5/6"}, "47": {"correcta": false, "respuesta_usuario": "/1", "respuesta_correcta": "2/2"}, "48": {"correcta": false, "respuesta_usuario": "/1", "respuesta_correcta": "1/3"}}	0	0	21635	1	1	{"5": 1, "12": 5, "17": 10, "22": 20, "23": 25, "25": 30, "27": 40, "29": 50, "31": 60, "33": 70, "34": 75, "35": 80, "37": 90, "40": 95, "44": 99}	Deficiente	0	general
2	2025-06-13 15:29:55.346661-06	{"1": {"correcta": false, "respuesta_usuario": "/4", "respuesta_correcta": "2/4"}, "2": {"correcta": false, "respuesta_usuario": "/1", "respuesta_correcta": "6/1"}, "3": {"correcta": false, "respuesta_usuario": "/5", "respuesta_correcta": "3/5"}, "4": {"correcta": false, "respuesta_usuario": "/2", "respuesta_correcta": "0/2"}, "5": {"correcta": false, "respuesta_usuario": "/1", "respuesta_correcta": "4/1"}, "6": {"correcta": false, "respuesta_usuario": "/6", "respuesta_correcta": "3/6"}, "7": {"correcta": false, "respuesta_usuario": "/2", "respuesta_correcta": "5/2"}, "8": {"correcta": false, "respuesta_usuario": "/4", "respuesta_correcta": "0/4"}, "9": {"correcta": false, "respuesta_usuario": "/6", "respuesta_correcta": "2/6"}, "10": {"correcta": false, "respuesta_usuario": "/3", "respuesta_correcta": "3/3"}, "11": {"correcta": false, "respuesta_usuario": "/0", "respuesta_correcta": "4/0"}, "12": {"correcta": false, "respuesta_usuario": "/1", "respuesta_correcta": "5/1"}, "13": {"correcta": false, "respuesta_usuario": "/1", "respuesta_correcta": "2/3"}, "14": {"correcta": false, "respuesta_usuario": "/1", "respuesta_correcta": "5/6"}, "15": {"correcta": false, "respuesta_usuario": "/1", "respuesta_correcta": "1/4"}, "16": {"correcta": false, "respuesta_usuario": "/1", "respuesta_correcta": "2/5"}, "17": {"correcta": false, "respuesta_usuario": "/1", "respuesta_correcta": "6/0"}, "18": {"correcta": false, "respuesta_usuario": "/1", "respuesta_correcta": "1/4"}, "19": {"correcta": false, "respuesta_usuario": "/1", "respuesta_correcta": "2/2"}, "20": {"correcta": false, "respuesta_usuario": "/1", "respuesta_correcta": "1/5"}, "21": {"correcta": false, "respuesta_usuario": "/1", "respuesta_correcta": "0/4"}, "22": {"correcta": false, "respuesta_usuario": "/1", "respuesta_correcta": "6/3"}, "23": {"correcta": false, "respuesta_usuario": "/1", "respuesta_correcta": "2/1"}, "24": {"correcta": false, "respuesta_usuario": "/1", "respuesta_correcta": "3/5"}, "25": {"correcta": false, "respuesta_usuario": "1/1", "respuesta_correcta": "6/4"}, "26": {"correcta": false, "respuesta_usuario": "1/1", "respuesta_correcta": "3/0"}, "27": {"correcta": false, "respuesta_usuario": "1/1", "respuesta_correcta": "1/5"}, "28": {"correcta": false, "respuesta_usuario": "1/1", "respuesta_correcta": "2/4"}, "29": {"correcta": false, "respuesta_usuario": "1/1", "respuesta_correcta": "5/5"}, "30": {"correcta": false, "respuesta_usuario": "1/1", "respuesta_correcta": "8/6"}, "31": {"correcta": false, "respuesta_usuario": "1/1", "respuesta_correcta": "5/6"}, "32": {"correcta": false, "respuesta_usuario": "1/1", "respuesta_correcta": "4/0"}, "33": {"correcta": false, "respuesta_usuario": "1/1", "respuesta_correcta": "4/4"}, "34": {"correcta": false, "respuesta_usuario": "1/1", "respuesta_correcta": "1/0"}, "35": {"correcta": false, "respuesta_usuario": "/1", "respuesta_correcta": "6/2"}, "36": {"correcta": false, "respuesta_usuario": "/1", "respuesta_correcta": "3/5"}, "37": {"correcta": false, "respuesta_usuario": "1/1", "respuesta_correcta": "6/0"}, "38": {"correcta": false, "respuesta_usuario": "1/1", "respuesta_correcta": "4/6"}, "39": {"correcta": false, "respuesta_usuario": "1/1", "respuesta_correcta": "3/5"}, "40": {"correcta": false, "respuesta_usuario": "1/1", "respuesta_correcta": "2/1"}, "41": {"correcta": false, "respuesta_usuario": "/1", "respuesta_correcta": "5/1"}, "42": {"correcta": false, "respuesta_usuario": "/1", "respuesta_correcta": "0/6"}, "43": {"correcta": false, "respuesta_usuario": "/1", "respuesta_correcta": "4/6"}, "44": {"correcta": false, "respuesta_usuario": "/1", "respuesta_correcta": "3/0"}, "45": {"correcta": false, "respuesta_usuario": "/1", "respuesta_correcta": "0/5"}, "46": {"correcta": false, "respuesta_usuario": "/1", "respuesta_correcta": "5/6"}, "47": {"correcta": false, "respuesta_usuario": "/1", "respuesta_correcta": "2/2"}, "48": {"correcta": false, "respuesta_usuario": "/1", "respuesta_correcta": "1/3"}}	0	0	21676	1	1	{"5": 1, "12": 5, "17": 10, "22": 20, "23": 25, "25": 30, "27": 40, "29": 50, "31": 60, "33": 70, "34": 75, "35": 80, "37": 90, "40": 95, "44": 99}	Deficiente	0	general
3	2025-06-13 15:38:34.629916-06	{"1": {"correcta": true, "respuesta_usuario": "2/4", "respuesta_correcta": "2/4"}, "2": {"correcta": true, "respuesta_usuario": "6/1", "respuesta_correcta": "6/1"}, "3": {"correcta": true, "respuesta_usuario": "3/5", "respuesta_correcta": "3/5"}, "4": {"correcta": true, "respuesta_usuario": "0/2", "respuesta_correcta": "0/2"}, "5": {"correcta": true, "respuesta_usuario": "4/1", "respuesta_correcta": "4/1"}, "6": {"correcta": true, "respuesta_usuario": "3/6", "respuesta_correcta": "3/6"}, "7": {"correcta": true, "respuesta_usuario": "5/2", "respuesta_correcta": "5/2"}, "8": {"correcta": true, "respuesta_usuario": "0/4", "respuesta_correcta": "0/4"}, "9": {"correcta": true, "respuesta_usuario": "2/6", "respuesta_correcta": "2/6"}, "10": {"correcta": true, "respuesta_usuario": "3/3", "respuesta_correcta": "3/3"}, "11": {"correcta": true, "respuesta_usuario": "4/0", "respuesta_correcta": "4/0"}, "12": {"correcta": true, "respuesta_usuario": "5/1", "respuesta_correcta": "5/1"}, "13": {"correcta": false, "respuesta_usuario": "1/1", "respuesta_correcta": "2/3"}, "14": {"correcta": false, "respuesta_usuario": "1/1", "respuesta_correcta": "5/6"}, "15": {"correcta": false, "respuesta_usuario": "1/1", "respuesta_correcta": "1/4"}, "16": {"correcta": false, "respuesta_usuario": "1/1", "respuesta_correcta": "2/5"}, "17": {"correcta": false, "respuesta_usuario": "1/1", "respuesta_correcta": "6/0"}, "18": {"correcta": false, "respuesta_usuario": "1/1", "respuesta_correcta": "1/4"}, "19": {"correcta": false, "respuesta_usuario": "1/1", "respuesta_correcta": "2/2"}, "20": {"correcta": false, "respuesta_usuario": "1/1", "respuesta_correcta": "1/5"}, "21": {"correcta": false, "respuesta_usuario": "1/1", "respuesta_correcta": "0/4"}, "22": {"correcta": false, "respuesta_usuario": "1/1", "respuesta_correcta": "6/3"}, "23": {"correcta": false, "respuesta_usuario": "1/1", "respuesta_correcta": "2/1"}, "24": {"correcta": false, "respuesta_usuario": "1/1", "respuesta_correcta": "3/5"}, "25": {"correcta": false, "respuesta_usuario": "1/1", "respuesta_correcta": "6/4"}, "26": {"correcta": false, "respuesta_usuario": "1/1", "respuesta_correcta": "3/0"}, "27": {"correcta": false, "respuesta_usuario": "1/1", "respuesta_correcta": "1/5"}, "28": {"correcta": false, "respuesta_usuario": "1/1", "respuesta_correcta": "2/4"}, "29": {"correcta": false, "respuesta_usuario": "1/1", "respuesta_correcta": "5/5"}, "30": {"correcta": false, "respuesta_usuario": "1/1", "respuesta_correcta": "8/6"}, "31": {"correcta": false, "respuesta_usuario": "1/1", "respuesta_correcta": "5/6"}, "32": {"correcta": false, "respuesta_usuario": "1/1", "respuesta_correcta": "4/0"}, "33": {"correcta": false, "respuesta_usuario": "1/1", "respuesta_correcta": "4/4"}, "34": {"correcta": false, "respuesta_usuario": "1/1", "respuesta_correcta": "1/0"}, "35": {"correcta": false, "respuesta_usuario": "1/1", "respuesta_correcta": "6/2"}, "36": {"correcta": false, "respuesta_usuario": "1/1", "respuesta_correcta": "3/5"}, "37": {"correcta": false, "respuesta_usuario": "1/1", "respuesta_correcta": "6/0"}, "38": {"correcta": false, "respuesta_usuario": "1/1", "respuesta_correcta": "4/6"}, "39": {"correcta": false, "respuesta_usuario": "1/1", "respuesta_correcta": "3/5"}, "40": {"correcta": false, "respuesta_usuario": "1/1", "respuesta_correcta": "2/1"}, "41": {"correcta": false, "respuesta_usuario": "1/1", "respuesta_correcta": "5/1"}, "42": {"correcta": false, "respuesta_usuario": "1/1", "respuesta_correcta": "0/6"}, "43": {"correcta": false, "respuesta_usuario": "1/1", "respuesta_correcta": "4/6"}, "44": {"correcta": false, "respuesta_usuario": "1/1", "respuesta_correcta": "3/0"}, "45": {"correcta": false, "respuesta_usuario": "1/1", "respuesta_correcta": "0/5"}, "46": {"correcta": false, "respuesta_usuario": "1/1", "respuesta_correcta": "5/6"}, "47": {"correcta": false, "respuesta_usuario": "1/1", "respuesta_correcta": "2/2"}, "48": {"correcta": false, "respuesta_usuario": "1/1", "respuesta_correcta": "1/3"}}	12	5	21656	1	1	{"5": 1, "12": 5, "17": 10, "22": 20, "23": 25, "25": 30, "27": 40, "29": 50, "31": 60, "33": 70, "34": 75, "35": 80, "37": 90, "40": 95, "44": 99}	Deficiente	25	general
4	2025-06-13 15:41:31.36986-06	{"1": {"correcta": true, "respuesta_usuario": "2/4", "respuesta_correcta": "2/4"}, "2": {"correcta": true, "respuesta_usuario": "6/1", "respuesta_correcta": "6/1"}, "3": {"correcta": true, "respuesta_usuario": "3/5", "respuesta_correcta": "3/5"}, "4": {"correcta": true, "respuesta_usuario": "0/2", "respuesta_correcta": "0/2"}, "5": {"correcta": true, "respuesta_usuario": "4/1", "respuesta_correcta": "4/1"}, "6": {"correcta": true, "respuesta_usuario": "3/6", "respuesta_correcta": "3/6"}, "7": {"correcta": true, "respuesta_usuario": "5/2", "respuesta_correcta": "5/2"}, "8": {"correcta": true, "respuesta_usuario": "0/4", "respuesta_correcta": "0/4"}, "9": {"correcta": true, "respuesta_usuario": "2/6", "respuesta_correcta": "2/6"}, "10": {"correcta": true, "respuesta_usuario": "3/3", "respuesta_correcta": "3/3"}, "11": {"correcta": true, "respuesta_usuario": "4/0", "respuesta_correcta": "4/0"}, "12": {"correcta": true, "respuesta_usuario": "5/1", "respuesta_correcta": "5/1"}, "13": {"correcta": true, "respuesta_usuario": "2/3", "respuesta_correcta": "2/3"}, "14": {"correcta": true, "respuesta_usuario": "5/6", "respuesta_correcta": "5/6"}, "15": {"correcta": true, "respuesta_usuario": "1/4", "respuesta_correcta": "1/4"}, "16": {"correcta": true, "respuesta_usuario": "2/5", "respuesta_correcta": "2/5"}, "17": {"correcta": true, "respuesta_usuario": "6/0", "respuesta_correcta": "6/0"}, "18": {"correcta": true, "respuesta_usuario": "1/4", "respuesta_correcta": "1/4"}, "19": {"correcta": true, "respuesta_usuario": "2/2", "respuesta_correcta": "2/2"}, "20": {"correcta": true, "respuesta_usuario": "1/5", "respuesta_correcta": "1/5"}, "21": {"correcta": true, "respuesta_usuario": "0/4", "respuesta_correcta": "0/4"}, "22": {"correcta": true, "respuesta_usuario": "6/3", "respuesta_correcta": "6/3"}, "23": {"correcta": true, "respuesta_usuario": "2/1", "respuesta_correcta": "2/1"}, "24": {"correcta": true, "respuesta_usuario": "3/5", "respuesta_correcta": "3/5"}, "25": {"correcta": true, "respuesta_usuario": "6/4", "respuesta_correcta": "6/4"}, "26": {"correcta": true, "respuesta_usuario": "3/0", "respuesta_correcta": "3/0"}, "27": {"correcta": true, "respuesta_usuario": "1/5", "respuesta_correcta": "1/5"}, "28": {"correcta": true, "respuesta_usuario": "2/4", "respuesta_correcta": "2/4"}, "29": {"correcta": true, "respuesta_usuario": "5/5", "respuesta_correcta": "5/5"}, "30": {"correcta": false, "respuesta_usuario": "3/6", "respuesta_correcta": "8/6"}, "31": {"correcta": true, "respuesta_usuario": "5/6", "respuesta_correcta": "5/6"}, "32": {"correcta": true, "respuesta_usuario": "4/0", "respuesta_correcta": "4/0"}, "33": {"correcta": true, "respuesta_usuario": "4/4", "respuesta_correcta": "4/4"}, "34": {"correcta": true, "respuesta_usuario": "1/0", "respuesta_correcta": "1/0"}, "35": {"correcta": true, "respuesta_usuario": "6/2", "respuesta_correcta": "6/2"}, "36": {"correcta": true, "respuesta_usuario": "3/5", "respuesta_correcta": "3/5"}, "37": {"correcta": true, "respuesta_usuario": "6/0", "respuesta_correcta": "6/0"}, "38": {"correcta": true, "respuesta_usuario": "4/6", "respuesta_correcta": "4/6"}, "39": {"correcta": true, "respuesta_usuario": "3/5", "respuesta_correcta": "3/5"}, "40": {"correcta": true, "respuesta_usuario": "2/1", "respuesta_correcta": "2/1"}, "41": {"correcta": true, "respuesta_usuario": "5/1", "respuesta_correcta": "5/1"}, "42": {"correcta": true, "respuesta_usuario": "0/6", "respuesta_correcta": "0/6"}, "43": {"correcta": true, "respuesta_usuario": "4/6", "respuesta_correcta": "4/6"}, "44": {"correcta": true, "respuesta_usuario": "3/0", "respuesta_correcta": "3/0"}, "45": {"correcta": false, "respuesta_usuario": "2/5", "respuesta_correcta": "0/5"}, "46": {"correcta": true, "respuesta_usuario": "5/6", "respuesta_correcta": "5/6"}, "47": {"correcta": true, "respuesta_usuario": "2/2", "respuesta_correcta": "2/2"}, "48": {"correcta": true, "respuesta_usuario": "1/3", "respuesta_correcta": "1/3"}}	46	99	21734	1	1	{"5": 1, "12": 5, "17": 10, "22": 20, "23": 25, "25": 30, "27": 40, "29": 50, "31": 60, "33": 70, "34": 75, "35": 80, "37": 90, "40": 95, "44": 99}	Superior	95.83333333333334	general
5	2025-06-13 20:04:13.7528-06	{"1": {"correcta": true, "respuesta_usuario": "2/4", "respuesta_correcta": "2/4"}, "2": {"correcta": true, "respuesta_usuario": "6/1", "respuesta_correcta": "6/1"}, "3": {"correcta": true, "respuesta_usuario": "3/5", "respuesta_correcta": "3/5"}, "4": {"correcta": true, "respuesta_usuario": "0/2", "respuesta_correcta": "0/2"}, "5": {"correcta": true, "respuesta_usuario": "4/1", "respuesta_correcta": "4/1"}, "6": {"correcta": true, "respuesta_usuario": "3/6", "respuesta_correcta": "3/6"}, "7": {"correcta": false, "respuesta_usuario": "1/1", "respuesta_correcta": "5/2"}, "8": {"correcta": false, "respuesta_usuario": "1/1", "respuesta_correcta": "0/4"}, "9": {"correcta": false, "respuesta_usuario": "1/1", "respuesta_correcta": "2/6"}, "10": {"correcta": false, "respuesta_usuario": "1/1", "respuesta_correcta": "3/3"}, "11": {"correcta": false, "respuesta_usuario": "1/1", "respuesta_correcta": "4/0"}, "12": {"correcta": false, "respuesta_usuario": "1/1", "respuesta_correcta": "5/1"}, "13": {"correcta": false, "respuesta_usuario": "1/1", "respuesta_correcta": "2/3"}, "14": {"correcta": false, "respuesta_usuario": "1/1", "respuesta_correcta": "5/6"}, "15": {"correcta": false, "respuesta_usuario": "1/1", "respuesta_correcta": "1/4"}, "16": {"correcta": false, "respuesta_usuario": "1/1", "respuesta_correcta": "2/5"}, "17": {"correcta": false, "respuesta_usuario": "1/1", "respuesta_correcta": "6/0"}, "18": {"correcta": false, "respuesta_usuario": "1/1", "respuesta_correcta": "1/4"}, "19": {"correcta": false, "respuesta_usuario": "1/1", "respuesta_correcta": "2/2"}, "20": {"correcta": false, "respuesta_usuario": "1/1", "respuesta_correcta": "1/5"}, "21": {"correcta": false, "respuesta_usuario": "1/1", "respuesta_correcta": "0/4"}, "22": {"correcta": false, "respuesta_usuario": "1/1", "respuesta_correcta": "6/3"}, "23": {"correcta": false, "respuesta_usuario": "1/1", "respuesta_correcta": "2/1"}, "24": {"correcta": false, "respuesta_usuario": "1/1", "respuesta_correcta": "3/5"}, "25": {"correcta": false, "respuesta_usuario": "1/1", "respuesta_correcta": "6/4"}, "26": {"correcta": false, "respuesta_usuario": "1/1", "respuesta_correcta": "3/0"}, "27": {"correcta": false, "respuesta_usuario": "1/1", "respuesta_correcta": "1/5"}, "28": {"correcta": false, "respuesta_usuario": "1/1", "respuesta_correcta": "2/4"}, "29": {"correcta": false, "respuesta_usuario": "1/1", "respuesta_correcta": "5/5"}, "30": {"correcta": false, "respuesta_usuario": "1/1", "respuesta_correcta": "8/6"}, "31": {"correcta": false, "respuesta_usuario": "1/1", "respuesta_correcta": "5/6"}, "32": {"correcta": false, "respuesta_usuario": "1/1", "respuesta_correcta": "4/0"}, "33": {"correcta": false, "respuesta_usuario": "1/1", "respuesta_correcta": "4/4"}, "34": {"correcta": false, "respuesta_usuario": "1/1", "respuesta_correcta": "1/0"}, "35": {"correcta": false, "respuesta_usuario": "1/1", "respuesta_correcta": "6/2"}, "36": {"correcta": false, "respuesta_usuario": "1/1", "respuesta_correcta": "3/5"}, "37": {"correcta": false, "respuesta_usuario": "1/1", "respuesta_correcta": "6/0"}, "38": {"correcta": false, "respuesta_usuario": "1/1", "respuesta_correcta": "4/6"}, "39": {"correcta": false, "respuesta_usuario": "1/1", "respuesta_correcta": "3/5"}, "40": {"correcta": false, "respuesta_usuario": "1/1", "respuesta_correcta": "2/1"}, "41": {"correcta": false, "respuesta_usuario": "1/1", "respuesta_correcta": "5/1"}, "42": {"correcta": false, "respuesta_usuario": "1/1", "respuesta_correcta": "0/6"}, "43": {"correcta": false, "respuesta_usuario": "1/1", "respuesta_correcta": "4/6"}, "44": {"correcta": false, "respuesta_usuario": "1/1", "respuesta_correcta": "3/0"}, "45": {"correcta": false, "respuesta_usuario": "1/1", "respuesta_correcta": "0/5"}, "46": {"correcta": false, "respuesta_usuario": "1/1", "respuesta_correcta": "5/6"}, "47": {"correcta": false, "respuesta_usuario": "1/1", "respuesta_correcta": "2/2"}, "48": {"correcta": false, "respuesta_usuario": "1/1", "respuesta_correcta": "1/3"}}	6	0	22808	1	1	{"8": 1, "16": 5, "20": 10, "24": 20, "25": 25, "26": 30, "29": 40, "31": 50, "33": 60, "35": 70, "36": 75, "37": 80, "40": 90, "41": 95, "45": 99}	Deficiente	12.5	18-30
6	2025-06-13 21:31:39.113362-06	{"1": {"correcta": true, "respuesta_usuario": "2/4", "respuesta_correcta": "2/4"}, "2": {"correcta": false, "respuesta_usuario": "6/3", "respuesta_correcta": "6/1"}, "3": {"correcta": true, "respuesta_usuario": "3/5", "respuesta_correcta": "3/5"}, "4": {"correcta": true, "respuesta_usuario": "0/2", "respuesta_correcta": "0/2"}, "5": {"correcta": false, "respuesta_usuario": "4/4", "respuesta_correcta": "4/1"}, "6": {"correcta": true, "respuesta_usuario": "3/6", "respuesta_correcta": "3/6"}, "7": {"correcta": true, "respuesta_usuario": "5/2", "respuesta_correcta": "5/2"}, "8": {"correcta": true, "respuesta_usuario": "0/4", "respuesta_correcta": "0/4"}, "9": {"correcta": true, "respuesta_usuario": "2/6", "respuesta_correcta": "2/6"}, "10": {"correcta": true, "respuesta_usuario": "3/3", "respuesta_correcta": "3/3"}, "11": {"correcta": true, "respuesta_usuario": "4/0", "respuesta_correcta": "4/0"}, "12": {"correcta": true, "respuesta_usuario": "5/1", "respuesta_correcta": "5/1"}, "13": {"correcta": true, "respuesta_usuario": "2/3", "respuesta_correcta": "2/3"}, "14": {"correcta": true, "respuesta_usuario": "5/6", "respuesta_correcta": "5/6"}, "15": {"correcta": true, "respuesta_usuario": "1/4", "respuesta_correcta": "1/4"}, "16": {"correcta": true, "respuesta_usuario": "2/5", "respuesta_correcta": "2/5"}, "17": {"correcta": true, "respuesta_usuario": "6/0", "respuesta_correcta": "6/0"}, "18": {"correcta": true, "respuesta_usuario": "1/4", "respuesta_correcta": "1/4"}, "19": {"correcta": true, "respuesta_usuario": "2/2", "respuesta_correcta": "2/2"}, "20": {"correcta": true, "respuesta_usuario": "1/5", "respuesta_correcta": "1/5"}, "21": {"correcta": true, "respuesta_usuario": "0/4", "respuesta_correcta": "0/4"}, "22": {"correcta": true, "respuesta_usuario": "6/3", "respuesta_correcta": "6/3"}, "23": {"correcta": true, "respuesta_usuario": "2/1", "respuesta_correcta": "2/1"}, "24": {"correcta": true, "respuesta_usuario": "3/5", "respuesta_correcta": "3/5"}, "25": {"correcta": true, "respuesta_usuario": "6/4", "respuesta_correcta": "6/4"}, "26": {"correcta": true, "respuesta_usuario": "3/0", "respuesta_correcta": "3/0"}, "27": {"correcta": true, "respuesta_usuario": "1/5", "respuesta_correcta": "1/5"}, "28": {"correcta": true, "respuesta_usuario": "2/4", "respuesta_correcta": "2/4"}, "29": {"correcta": false, "respuesta_usuario": "/", "respuesta_correcta": "5/5"}, "30": {"correcta": false, "respuesta_usuario": "/", "respuesta_correcta": "8/6"}, "31": {"correcta": false, "respuesta_usuario": "/", "respuesta_correcta": "5/6"}, "32": {"correcta": false, "respuesta_usuario": "/", "respuesta_correcta": "4/0"}, "33": {"correcta": false, "respuesta_usuario": "/", "respuesta_correcta": "4/4"}, "34": {"correcta": false, "respuesta_usuario": "/", "respuesta_correcta": "1/0"}, "35": {"correcta": false, "respuesta_usuario": "/", "respuesta_correcta": "6/2"}, "36": {"correcta": false, "respuesta_usuario": "/", "respuesta_correcta": "3/5"}, "37": {"correcta": false, "respuesta_usuario": "/", "respuesta_correcta": "6/0"}, "38": {"correcta": false, "respuesta_usuario": "/", "respuesta_correcta": "4/6"}, "39": {"correcta": false, "respuesta_usuario": "/", "respuesta_correcta": "3/5"}, "40": {"correcta": false, "respuesta_usuario": "/", "respuesta_correcta": "2/1"}, "41": {"correcta": false, "respuesta_usuario": "/", "respuesta_correcta": "5/1"}, "42": {"correcta": false, "respuesta_usuario": "/", "respuesta_correcta": "0/6"}, "43": {"correcta": false, "respuesta_usuario": "/", "respuesta_correcta": "4/6"}, "44": {"correcta": false, "respuesta_usuario": "/", "respuesta_correcta": "3/0"}, "45": {"correcta": false, "respuesta_usuario": "/", "respuesta_correcta": "0/5"}, "46": {"correcta": false, "respuesta_usuario": "/", "respuesta_correcta": "5/6"}, "47": {"correcta": false, "respuesta_usuario": "/", "respuesta_correcta": "2/2"}, "48": {"correcta": false, "respuesta_usuario": "/", "respuesta_correcta": "1/3"}}	26	30	23102	1	1	{"8": 1, "16": 5, "20": 10, "24": 20, "25": 25, "26": 30, "29": 40, "31": 50, "33": 60, "35": 70, "36": 75, "37": 80, "40": 90, "41": 95, "45": 99}	Inferior al término medio	92.85714285714286	18-30
7	2025-06-16 13:47:36.985049-06	{"1": {"correcta": false, "respuesta_usuario": "1/1", "respuesta_correcta": "2/4"}, "2": {"correcta": false, "respuesta_usuario": "1/1", "respuesta_correcta": "6/1"}, "3": {"correcta": false, "respuesta_usuario": "1/1", "respuesta_correcta": "3/5"}, "4": {"correcta": false, "respuesta_usuario": "1/1", "respuesta_correcta": "0/2"}, "5": {"correcta": false, "respuesta_usuario": "1/1", "respuesta_correcta": "4/1"}, "6": {"correcta": false, "respuesta_usuario": "1/1", "respuesta_correcta": "3/6"}, "7": {"correcta": false, "respuesta_usuario": "1/1", "respuesta_correcta": "5/2"}, "8": {"correcta": false, "respuesta_usuario": "1/1", "respuesta_correcta": "0/4"}, "9": {"correcta": false, "respuesta_usuario": "1/1", "respuesta_correcta": "2/6"}, "10": {"correcta": false, "respuesta_usuario": "1/1", "respuesta_correcta": "3/3"}, "11": {"correcta": false, "respuesta_usuario": "1/1", "respuesta_correcta": "4/0"}, "12": {"correcta": false, "respuesta_usuario": "1/1", "respuesta_correcta": "5/1"}, "13": {"correcta": false, "respuesta_usuario": "1/1", "respuesta_correcta": "2/3"}, "14": {"correcta": false, "respuesta_usuario": "1/1", "respuesta_correcta": "5/6"}, "15": {"correcta": false, "respuesta_usuario": "1/1", "respuesta_correcta": "1/4"}, "16": {"correcta": false, "respuesta_usuario": "1/1", "respuesta_correcta": "2/5"}, "17": {"correcta": false, "respuesta_usuario": "1/1", "respuesta_correcta": "6/0"}, "18": {"correcta": false, "respuesta_usuario": "1/1", "respuesta_correcta": "1/4"}, "19": {"correcta": false, "respuesta_usuario": "1/1", "respuesta_correcta": "2/2"}, "20": {"correcta": false, "respuesta_usuario": "1/1", "respuesta_correcta": "1/5"}, "21": {"correcta": false, "respuesta_usuario": "1/1", "respuesta_correcta": "0/4"}, "22": {"correcta": false, "respuesta_usuario": "1/1", "respuesta_correcta": "6/3"}, "23": {"correcta": false, "respuesta_usuario": "1/1", "respuesta_correcta": "2/1"}, "24": {"correcta": false, "respuesta_usuario": "1/1", "respuesta_correcta": "3/5"}, "25": {"correcta": false, "respuesta_usuario": "1/1", "respuesta_correcta": "6/4"}, "26": {"correcta": false, "respuesta_usuario": "1/1", "respuesta_correcta": "3/0"}, "27": {"correcta": false, "respuesta_usuario": "1/1", "respuesta_correcta": "1/5"}, "28": {"correcta": false, "respuesta_usuario": "1/1", "respuesta_correcta": "2/4"}, "29": {"correcta": false, "respuesta_usuario": "1/1", "respuesta_correcta": "5/5"}, "30": {"correcta": false, "respuesta_usuario": "1/1", "respuesta_correcta": "8/6"}, "31": {"correcta": false, "respuesta_usuario": "1/1", "respuesta_correcta": "5/6"}, "32": {"correcta": false, "respuesta_usuario": "1/1", "respuesta_correcta": "4/0"}, "33": {"correcta": false, "respuesta_usuario": "1/1", "respuesta_correcta": "4/4"}, "34": {"correcta": false, "respuesta_usuario": "1/1", "respuesta_correcta": "1/0"}, "35": {"correcta": false, "respuesta_usuario": "1/1", "respuesta_correcta": "6/2"}, "36": {"correcta": false, "respuesta_usuario": "1/1", "respuesta_correcta": "3/5"}, "37": {"correcta": false, "respuesta_usuario": "1/1", "respuesta_correcta": "6/0"}, "38": {"correcta": false, "respuesta_usuario": "1/1", "respuesta_correcta": "4/6"}, "39": {"correcta": false, "respuesta_usuario": "1/1", "respuesta_correcta": "3/5"}, "40": {"correcta": false, "respuesta_usuario": "1/1", "respuesta_correcta": "2/1"}, "41": {"correcta": false, "respuesta_usuario": "1/1", "respuesta_correcta": "5/1"}, "42": {"correcta": false, "respuesta_usuario": "1/1", "respuesta_correcta": "0/6"}, "43": {"correcta": false, "respuesta_usuario": "1/1", "respuesta_correcta": "4/6"}, "44": {"correcta": false, "respuesta_usuario": "1/1", "respuesta_correcta": "3/0"}, "45": {"correcta": false, "respuesta_usuario": "1/1", "respuesta_correcta": "0/5"}, "46": {"correcta": false, "respuesta_usuario": "1/1", "respuesta_correcta": "5/6"}, "47": {"correcta": false, "respuesta_usuario": "1/1", "respuesta_correcta": "2/2"}, "48": {"correcta": false, "respuesta_usuario": "1/1", "respuesta_correcta": "1/3"}}	0	0	21653	5	1	{"8": 1, "16": 5, "20": 10, "24": 20, "25": 25, "26": 30, "29": 40, "31": 50, "33": 60, "35": 70, "36": 75, "37": 80, "40": 90, "41": 95, "45": 99}	Deficiente	0	18-30
8	2025-12-15 11:14:55.089904-06	{"1": {"correcta": false, "respuesta_usuario": "1/1", "respuesta_correcta": "2/4"}, "2": {"correcta": false, "respuesta_usuario": "1/1", "respuesta_correcta": "6/1"}, "3": {"correcta": false, "respuesta_usuario": "1/1", "respuesta_correcta": "3/5"}, "4": {"correcta": false, "respuesta_usuario": "1/1", "respuesta_correcta": "0/2"}, "5": {"correcta": false, "respuesta_usuario": "1/1", "respuesta_correcta": "4/1"}, "6": {"correcta": false, "respuesta_usuario": "1/1", "respuesta_correcta": "3/6"}, "7": {"correcta": false, "respuesta_usuario": "1/1", "respuesta_correcta": "5/2"}, "8": {"correcta": false, "respuesta_usuario": "1/1", "respuesta_correcta": "0/4"}, "9": {"correcta": false, "respuesta_usuario": "1/1", "respuesta_correcta": "2/6"}, "10": {"correcta": false, "respuesta_usuario": "1/1", "respuesta_correcta": "3/3"}, "11": {"correcta": false, "respuesta_usuario": "1/1", "respuesta_correcta": "4/0"}, "12": {"correcta": false, "respuesta_usuario": "1/1", "respuesta_correcta": "5/1"}, "13": {"correcta": false, "respuesta_usuario": "1/1", "respuesta_correcta": "2/3"}, "14": {"correcta": false, "respuesta_usuario": "1/1", "respuesta_correcta": "5/6"}, "15": {"correcta": false, "respuesta_usuario": "1/1", "respuesta_correcta": "1/4"}, "16": {"correcta": false, "respuesta_usuario": "1/1", "respuesta_correcta": "2/5"}, "17": {"correcta": false, "respuesta_usuario": "1/1", "respuesta_correcta": "6/0"}, "18": {"correcta": false, "respuesta_usuario": "1/1", "respuesta_correcta": "1/4"}, "19": {"correcta": false, "respuesta_usuario": "1/1", "respuesta_correcta": "2/2"}, "20": {"correcta": false, "respuesta_usuario": "1/1", "respuesta_correcta": "1/5"}, "21": {"correcta": false, "respuesta_usuario": "1/1", "respuesta_correcta": "0/4"}, "22": {"correcta": false, "respuesta_usuario": "1/1", "respuesta_correcta": "6/3"}, "23": {"correcta": false, "respuesta_usuario": "1/1", "respuesta_correcta": "2/1"}, "24": {"correcta": false, "respuesta_usuario": "1/1", "respuesta_correcta": "3/5"}, "25": {"correcta": false, "respuesta_usuario": "1/1", "respuesta_correcta": "6/4"}, "26": {"correcta": false, "respuesta_usuario": "1/1", "respuesta_correcta": "3/0"}, "27": {"correcta": false, "respuesta_usuario": "1/1", "respuesta_correcta": "1/5"}, "28": {"correcta": false, "respuesta_usuario": "1/1", "respuesta_correcta": "2/4"}, "29": {"correcta": false, "respuesta_usuario": "1/1", "respuesta_correcta": "5/5"}, "30": {"correcta": false, "respuesta_usuario": "1/1", "respuesta_correcta": "8/6"}, "31": {"correcta": false, "respuesta_usuario": "1/1", "respuesta_correcta": "5/6"}, "32": {"correcta": false, "respuesta_usuario": "1/1", "respuesta_correcta": "4/0"}, "33": {"correcta": false, "respuesta_usuario": "1/1", "respuesta_correcta": "4/4"}, "34": {"correcta": false, "respuesta_usuario": "1/1", "respuesta_correcta": "1/0"}, "35": {"correcta": false, "respuesta_usuario": "1/1", "respuesta_correcta": "6/2"}, "36": {"correcta": false, "respuesta_usuario": "1/1", "respuesta_correcta": "3/5"}, "37": {"correcta": false, "respuesta_usuario": "1/1", "respuesta_correcta": "6/0"}, "38": {"correcta": false, "respuesta_usuario": "1/1", "respuesta_correcta": "4/6"}, "39": {"correcta": false, "respuesta_usuario": "1/1", "respuesta_correcta": "3/5"}, "40": {"correcta": false, "respuesta_usuario": "1/1", "respuesta_correcta": "2/1"}, "41": {"correcta": false, "respuesta_usuario": "1/1", "respuesta_correcta": "5/1"}, "42": {"correcta": false, "respuesta_usuario": "1/1", "respuesta_correcta": "0/6"}, "43": {"correcta": false, "respuesta_usuario": "1/1", "respuesta_correcta": "4/6"}, "44": {"correcta": false, "respuesta_usuario": "1/1", "respuesta_correcta": "3/0"}, "45": {"correcta": false, "respuesta_usuario": "1/1", "respuesta_correcta": "0/5"}, "46": {"correcta": false, "respuesta_usuario": "1/1", "respuesta_correcta": "5/6"}, "47": {"correcta": false, "respuesta_usuario": "1/1", "respuesta_correcta": "2/2"}, "48": {"correcta": false, "respuesta_usuario": "1/1", "respuesta_correcta": "1/3"}}	0	0	21635	2	1	{"8": 1, "16": 5, "20": 10, "24": 20, "25": 25, "26": 30, "29": 40, "31": 50, "33": 60, "35": 70, "36": 75, "37": 80, "40": 90, "41": 95, "45": 99}	Deficiente	0	18-30
9	2026-04-10 13:58:09.001157-06	{"1": {"correcta": true, "respuesta_usuario": "2/4", "respuesta_correcta": "2/4"}, "2": {"correcta": true, "respuesta_usuario": "6/1", "respuesta_correcta": "6/1"}, "3": {"correcta": true, "respuesta_usuario": "3/5", "respuesta_correcta": "3/5"}, "4": {"correcta": false, "respuesta_usuario": "2/0", "respuesta_correcta": "0/2"}, "5": {"correcta": false, "respuesta_usuario": "4/0", "respuesta_correcta": "4/1"}, "6": {"correcta": true, "respuesta_usuario": "3/6", "respuesta_correcta": "3/6"}, "7": {"correcta": true, "respuesta_usuario": "5/2", "respuesta_correcta": "5/2"}, "8": {"correcta": true, "respuesta_usuario": "0/4", "respuesta_correcta": "0/4"}, "9": {"correcta": true, "respuesta_usuario": "2/6", "respuesta_correcta": "2/6"}, "10": {"correcta": true, "respuesta_usuario": "3/3", "respuesta_correcta": "3/3"}, "11": {"correcta": true, "respuesta_usuario": "4/0", "respuesta_correcta": "4/0"}, "12": {"correcta": true, "respuesta_usuario": "5/1", "respuesta_correcta": "5/1"}, "13": {"correcta": true, "respuesta_usuario": "2/3", "respuesta_correcta": "2/3"}, "14": {"correcta": true, "respuesta_usuario": "5/6", "respuesta_correcta": "5/6"}, "15": {"correcta": true, "respuesta_usuario": "1/4", "respuesta_correcta": "1/4"}, "16": {"correcta": true, "respuesta_usuario": "2/5", "respuesta_correcta": "2/5"}, "17": {"correcta": true, "respuesta_usuario": "6/0", "respuesta_correcta": "6/0"}, "18": {"correcta": true, "respuesta_usuario": "1/4", "respuesta_correcta": "1/4"}, "19": {"correcta": true, "respuesta_usuario": "2/2", "respuesta_correcta": "2/2"}, "20": {"correcta": true, "respuesta_usuario": "1/5", "respuesta_correcta": "1/5"}, "21": {"correcta": true, "respuesta_usuario": "0/4", "respuesta_correcta": "0/4"}, "22": {"correcta": true, "respuesta_usuario": "6/3", "respuesta_correcta": "6/3"}, "23": {"correcta": true, "respuesta_usuario": "2/1", "respuesta_correcta": "2/1"}, "24": {"correcta": true, "respuesta_usuario": "3/5", "respuesta_correcta": "3/5"}, "25": {"correcta": true, "respuesta_usuario": "6/4", "respuesta_correcta": "6/4"}, "26": {"correcta": true, "respuesta_usuario": "3/0", "respuesta_correcta": "3/0"}, "27": {"correcta": true, "respuesta_usuario": "1/5", "respuesta_correcta": "1/5"}, "28": {"correcta": true, "respuesta_usuario": "2/4", "respuesta_correcta": "2/4"}, "29": {"correcta": true, "respuesta_usuario": "5/5", "respuesta_correcta": "5/5"}, "30": {"correcta": false, "respuesta_usuario": "2/1", "respuesta_correcta": "8/6"}, "31": {"correcta": false, "respuesta_usuario": "5/4", "respuesta_correcta": "5/6"}, "32": {"correcta": true, "respuesta_usuario": "4/0", "respuesta_correcta": "4/0"}, "33": {"correcta": false, "respuesta_usuario": "/", "respuesta_correcta": "4/4"}, "34": {"correcta": false, "respuesta_usuario": "/", "respuesta_correcta": "1/0"}, "35": {"correcta": false, "respuesta_usuario": "0/0", "respuesta_correcta": "6/2"}, "36": {"correcta": false, "respuesta_usuario": "0/0", "respuesta_correcta": "3/5"}, "37": {"correcta": false, "respuesta_usuario": "0/0", "respuesta_correcta": "6/0"}, "38": {"correcta": false, "respuesta_usuario": "0/0", "respuesta_correcta": "4/6"}, "39": {"correcta": false, "respuesta_usuario": "0/0", "respuesta_correcta": "3/5"}, "40": {"correcta": false, "respuesta_usuario": "0/0", "respuesta_correcta": "2/1"}, "41": {"correcta": false, "respuesta_usuario": "0/0", "respuesta_correcta": "5/1"}, "42": {"correcta": false, "respuesta_usuario": "0/0", "respuesta_correcta": "0/6"}, "43": {"correcta": false, "respuesta_usuario": "0/0", "respuesta_correcta": "4/6"}, "44": {"correcta": false, "respuesta_usuario": "0/0", "respuesta_correcta": "3/0"}, "45": {"correcta": false, "respuesta_usuario": "0/0", "respuesta_correcta": "0/5"}, "46": {"correcta": false, "respuesta_usuario": "0/0", "respuesta_correcta": "5/6"}, "47": {"correcta": false, "respuesta_usuario": "0/0", "respuesta_correcta": "2/2"}, "48": {"correcta": false, "respuesta_usuario": "0/0", "respuesta_correcta": "1/3"}}	28	30	22564	1	1	{"8": 1, "16": 5, "20": 10, "24": 20, "25": 25, "26": 30, "29": 40, "31": 50, "33": 60, "35": 70, "36": 75, "37": 80, "40": 90, "41": 95, "45": 99}	Inferior al término medio	60.86956521739131	18-30
10	2026-04-10 13:59:47.499344-06	{"1": {"correcta": true, "respuesta_usuario": "2/4", "respuesta_correcta": "2/4"}, "2": {"correcta": true, "respuesta_usuario": "6/1", "respuesta_correcta": "6/1"}, "3": {"correcta": true, "respuesta_usuario": "3/5", "respuesta_correcta": "3/5"}, "4": {"correcta": false, "respuesta_usuario": "2/0", "respuesta_correcta": "0/2"}, "5": {"correcta": false, "respuesta_usuario": "4/0", "respuesta_correcta": "4/1"}, "6": {"correcta": true, "respuesta_usuario": "3/6", "respuesta_correcta": "3/6"}, "7": {"correcta": true, "respuesta_usuario": "5/2", "respuesta_correcta": "5/2"}, "8": {"correcta": true, "respuesta_usuario": "0/4", "respuesta_correcta": "0/4"}, "9": {"correcta": true, "respuesta_usuario": "2/6", "respuesta_correcta": "2/6"}, "10": {"correcta": true, "respuesta_usuario": "3/3", "respuesta_correcta": "3/3"}, "11": {"correcta": true, "respuesta_usuario": "4/0", "respuesta_correcta": "4/0"}, "12": {"correcta": true, "respuesta_usuario": "5/1", "respuesta_correcta": "5/1"}, "13": {"correcta": true, "respuesta_usuario": "2/3", "respuesta_correcta": "2/3"}, "14": {"correcta": true, "respuesta_usuario": "5/6", "respuesta_correcta": "5/6"}, "15": {"correcta": true, "respuesta_usuario": "1/4", "respuesta_correcta": "1/4"}, "16": {"correcta": true, "respuesta_usuario": "2/5", "respuesta_correcta": "2/5"}, "17": {"correcta": true, "respuesta_usuario": "6/0", "respuesta_correcta": "6/0"}, "18": {"correcta": true, "respuesta_usuario": "1/4", "respuesta_correcta": "1/4"}, "19": {"correcta": true, "respuesta_usuario": "2/2", "respuesta_correcta": "2/2"}, "20": {"correcta": true, "respuesta_usuario": "1/5", "respuesta_correcta": "1/5"}, "21": {"correcta": true, "respuesta_usuario": "0/4", "respuesta_correcta": "0/4"}, "22": {"correcta": true, "respuesta_usuario": "6/3", "respuesta_correcta": "6/3"}, "23": {"correcta": true, "respuesta_usuario": "2/1", "respuesta_correcta": "2/1"}, "24": {"correcta": true, "respuesta_usuario": "3/5", "respuesta_correcta": "3/5"}, "25": {"correcta": true, "respuesta_usuario": "6/4", "respuesta_correcta": "6/4"}, "26": {"correcta": true, "respuesta_usuario": "3/0", "respuesta_correcta": "3/0"}, "27": {"correcta": true, "respuesta_usuario": "1/5", "respuesta_correcta": "1/5"}, "28": {"correcta": true, "respuesta_usuario": "2/4", "respuesta_correcta": "2/4"}, "29": {"correcta": true, "respuesta_usuario": "5/5", "respuesta_correcta": "5/5"}, "30": {"correcta": false, "respuesta_usuario": "2/1", "respuesta_correcta": "8/6"}, "31": {"correcta": false, "respuesta_usuario": "5/4", "respuesta_correcta": "5/6"}, "32": {"correcta": true, "respuesta_usuario": "4/0", "respuesta_correcta": "4/0"}, "33": {"correcta": false, "respuesta_usuario": "/", "respuesta_correcta": "4/4"}, "34": {"correcta": false, "respuesta_usuario": "/", "respuesta_correcta": "1/0"}, "35": {"correcta": false, "respuesta_usuario": "0/0", "respuesta_correcta": "6/2"}, "36": {"correcta": false, "respuesta_usuario": "0/0", "respuesta_correcta": "3/5"}, "37": {"correcta": false, "respuesta_usuario": "0/0", "respuesta_correcta": "6/0"}, "38": {"correcta": false, "respuesta_usuario": "0/0", "respuesta_correcta": "4/6"}, "39": {"correcta": false, "respuesta_usuario": "0/0", "respuesta_correcta": "3/5"}, "40": {"correcta": false, "respuesta_usuario": "0/0", "respuesta_correcta": "2/1"}, "41": {"correcta": false, "respuesta_usuario": "0/0", "respuesta_correcta": "5/1"}, "42": {"correcta": false, "respuesta_usuario": "0/0", "respuesta_correcta": "0/6"}, "43": {"correcta": false, "respuesta_usuario": "0/0", "respuesta_correcta": "4/6"}, "44": {"correcta": false, "respuesta_usuario": "0/0", "respuesta_correcta": "3/0"}, "45": {"correcta": false, "respuesta_usuario": "0/0", "respuesta_correcta": "0/5"}, "46": {"correcta": false, "respuesta_usuario": "0/0", "respuesta_correcta": "5/6"}, "47": {"correcta": false, "respuesta_usuario": "0/0", "respuesta_correcta": "2/2"}, "48": {"correcta": false, "respuesta_usuario": "0/0", "respuesta_correcta": "1/3"}}	28	30	22662	1	1	{"8": 1, "16": 5, "20": 10, "24": 20, "25": 25, "26": 30, "29": 40, "31": 50, "33": 60, "35": 70, "36": 75, "37": 80, "40": 90, "41": 95, "45": 99}	Inferior al término medio	60.86956521739131	18-30
11	2026-04-10 14:00:15.225778-06	{"1": {"correcta": true, "respuesta_usuario": "2/4", "respuesta_correcta": "2/4"}, "2": {"correcta": true, "respuesta_usuario": "6/1", "respuesta_correcta": "6/1"}, "3": {"correcta": true, "respuesta_usuario": "3/5", "respuesta_correcta": "3/5"}, "4": {"correcta": false, "respuesta_usuario": "2/0", "respuesta_correcta": "0/2"}, "5": {"correcta": false, "respuesta_usuario": "4/0", "respuesta_correcta": "4/1"}, "6": {"correcta": true, "respuesta_usuario": "3/6", "respuesta_correcta": "3/6"}, "7": {"correcta": true, "respuesta_usuario": "5/2", "respuesta_correcta": "5/2"}, "8": {"correcta": true, "respuesta_usuario": "0/4", "respuesta_correcta": "0/4"}, "9": {"correcta": true, "respuesta_usuario": "2/6", "respuesta_correcta": "2/6"}, "10": {"correcta": true, "respuesta_usuario": "3/3", "respuesta_correcta": "3/3"}, "11": {"correcta": true, "respuesta_usuario": "4/0", "respuesta_correcta": "4/0"}, "12": {"correcta": true, "respuesta_usuario": "5/1", "respuesta_correcta": "5/1"}, "13": {"correcta": true, "respuesta_usuario": "2/3", "respuesta_correcta": "2/3"}, "14": {"correcta": true, "respuesta_usuario": "5/6", "respuesta_correcta": "5/6"}, "15": {"correcta": true, "respuesta_usuario": "1/4", "respuesta_correcta": "1/4"}, "16": {"correcta": true, "respuesta_usuario": "2/5", "respuesta_correcta": "2/5"}, "17": {"correcta": true, "respuesta_usuario": "6/0", "respuesta_correcta": "6/0"}, "18": {"correcta": true, "respuesta_usuario": "1/4", "respuesta_correcta": "1/4"}, "19": {"correcta": true, "respuesta_usuario": "2/2", "respuesta_correcta": "2/2"}, "20": {"correcta": true, "respuesta_usuario": "1/5", "respuesta_correcta": "1/5"}, "21": {"correcta": true, "respuesta_usuario": "0/4", "respuesta_correcta": "0/4"}, "22": {"correcta": true, "respuesta_usuario": "6/3", "respuesta_correcta": "6/3"}, "23": {"correcta": true, "respuesta_usuario": "2/1", "respuesta_correcta": "2/1"}, "24": {"correcta": true, "respuesta_usuario": "3/5", "respuesta_correcta": "3/5"}, "25": {"correcta": true, "respuesta_usuario": "6/4", "respuesta_correcta": "6/4"}, "26": {"correcta": true, "respuesta_usuario": "3/0", "respuesta_correcta": "3/0"}, "27": {"correcta": true, "respuesta_usuario": "1/5", "respuesta_correcta": "1/5"}, "28": {"correcta": true, "respuesta_usuario": "2/4", "respuesta_correcta": "2/4"}, "29": {"correcta": true, "respuesta_usuario": "5/5", "respuesta_correcta": "5/5"}, "30": {"correcta": false, "respuesta_usuario": "2/1", "respuesta_correcta": "8/6"}, "31": {"correcta": false, "respuesta_usuario": "5/4", "respuesta_correcta": "5/6"}, "32": {"correcta": true, "respuesta_usuario": "4/0", "respuesta_correcta": "4/0"}, "33": {"correcta": false, "respuesta_usuario": "/", "respuesta_correcta": "4/4"}, "34": {"correcta": false, "respuesta_usuario": "/", "respuesta_correcta": "1/0"}, "35": {"correcta": false, "respuesta_usuario": "0/0", "respuesta_correcta": "6/2"}, "36": {"correcta": false, "respuesta_usuario": "0/0", "respuesta_correcta": "3/5"}, "37": {"correcta": false, "respuesta_usuario": "0/0", "respuesta_correcta": "6/0"}, "38": {"correcta": false, "respuesta_usuario": "0/0", "respuesta_correcta": "4/6"}, "39": {"correcta": false, "respuesta_usuario": "0/0", "respuesta_correcta": "3/5"}, "40": {"correcta": false, "respuesta_usuario": "0/0", "respuesta_correcta": "2/1"}, "41": {"correcta": false, "respuesta_usuario": "0/0", "respuesta_correcta": "5/1"}, "42": {"correcta": false, "respuesta_usuario": "0/0", "respuesta_correcta": "0/6"}, "43": {"correcta": false, "respuesta_usuario": "0/0", "respuesta_correcta": "4/6"}, "44": {"correcta": false, "respuesta_usuario": "0/0", "respuesta_correcta": "3/0"}, "45": {"correcta": false, "respuesta_usuario": "0/0", "respuesta_correcta": "0/5"}, "46": {"correcta": false, "respuesta_usuario": "0/0", "respuesta_correcta": "5/6"}, "47": {"correcta": false, "respuesta_usuario": "0/0", "respuesta_correcta": "2/2"}, "48": {"correcta": false, "respuesta_usuario": "0/0", "respuesta_correcta": "1/3"}}	28	30	22690	1	1	{"8": 1, "16": 5, "20": 10, "24": 20, "25": 25, "26": 30, "29": 40, "31": 50, "33": 60, "35": 70, "36": 75, "37": 80, "40": 90, "41": 95, "45": 99}	Inferior al término medio	60.86956521739131	18-30
\.


--
-- Data for Name: tests_resultadovalores; Type: TABLE DATA; Schema: public; Owner: -
--

COPY public.tests_resultadovalores (id, fecha_completado, teorico, economico, estetico, social, politico, religioso, teorico_percentil, economico_percentil, estetico_percentil, social_percentil, politico_percentil, religioso_percentil, usuario_id, test_id, clasificaciones, descripcion_dominante, fecha_creacion, meta_dominante, rangos_valores, valor_dominante) FROM stdin;
54	2025-06-02 15:52:04.019314-06	36	35	46	39	43	41	\N	\N	\N	\N	\N	\N	1	1	{"Social": {"color": "#2a4d6e", "significado": "Dentro del rango esperado para la población", "clasificacion": "NORMAL"}, "Teórico": {"color": "#2a4d6e", "significado": "Dentro del rango esperado para la población", "clasificacion": "NORMAL"}, "Estético": {"color": "#2a4d6e", "significado": "Dentro del rango esperado para la población", "clasificacion": "NORMAL"}, "Político": {"color": "#2a4d6e", "significado": "Dentro del rango esperado para la población", "clasificacion": "NORMAL"}, "Religioso": {"color": "#2a4d6e", "significado": "Dentro del rango esperado para la población", "clasificacion": "NORMAL"}, "Económico": {"color": "#2a4d6e", "significado": "Dentro del rango esperado para la población", "clasificacion": "NORMAL"}}	0	2025-06-02 15:52:04.019314-06	0	{"Social": {"alto": 44, "bajo": 34, "muy_alto": 49, "muy_bajo": 29}, "Teórico": {"alto": 45, "bajo": 34, "muy_alto": 50, "muy_bajo": 30}, "Estético": {"alto": 46, "bajo": 35, "muy_alto": 52, "muy_bajo": 30}, "Político": {"alto": 48, "bajo": 35, "muy_alto": 50, "muy_bajo": 31}, "Religioso": {"alto": 48, "bajo": 33, "muy_alto": 57, "muy_bajo": 26}, "Económico": {"alto": 45, "bajo": 35, "muy_alto": 51, "muy_bajo": 28}}	0
55	2025-06-02 15:53:45.827766-06	36	35	46	39	43	41	\N	\N	\N	\N	\N	\N	1	1	{"Social": {"color": "#2a4d6e", "significado": "Dentro del rango esperado para la población", "clasificacion": "NORMAL"}, "Teórico": {"color": "#2a4d6e", "significado": "Dentro del rango esperado para la población", "clasificacion": "NORMAL"}, "Estético": {"color": "#2a4d6e", "significado": "Dentro del rango esperado para la población", "clasificacion": "NORMAL"}, "Político": {"color": "#2a4d6e", "significado": "Dentro del rango esperado para la población", "clasificacion": "NORMAL"}, "Religioso": {"color": "#2a4d6e", "significado": "Dentro del rango esperado para la población", "clasificacion": "NORMAL"}, "Económico": {"color": "#2a4d6e", "significado": "Dentro del rango esperado para la población", "clasificacion": "NORMAL"}}	0	2025-06-02 15:53:45.827766-06	0	{"Social": {"alto": 44, "bajo": 34, "muy_alto": 49, "muy_bajo": 29}, "Teórico": {"alto": 45, "bajo": 34, "muy_alto": 50, "muy_bajo": 30}, "Estético": {"alto": 46, "bajo": 35, "muy_alto": 52, "muy_bajo": 30}, "Político": {"alto": 48, "bajo": 35, "muy_alto": 50, "muy_bajo": 31}, "Religioso": {"alto": 48, "bajo": 33, "muy_alto": 57, "muy_bajo": 26}, "Económico": {"alto": 45, "bajo": 35, "muy_alto": 51, "muy_bajo": 28}}	0
56	2025-06-02 15:56:07.392144-06	36	35	46	39	43	41	\N	\N	\N	\N	\N	\N	1	1	{"Social": {"color": "#2a4d6e", "significado": "Dentro del rango esperado para la población", "clasificacion": "NORMAL"}, "Teórico": {"color": "#2a4d6e", "significado": "Dentro del rango esperado para la población", "clasificacion": "NORMAL"}, "Estético": {"color": "#2a4d6e", "significado": "Dentro del rango esperado para la población", "clasificacion": "NORMAL"}, "Político": {"color": "#2a4d6e", "significado": "Dentro del rango esperado para la población", "clasificacion": "NORMAL"}, "Religioso": {"color": "#2a4d6e", "significado": "Dentro del rango esperado para la población", "clasificacion": "NORMAL"}, "Económico": {"color": "#2a4d6e", "significado": "Dentro del rango esperado para la población", "clasificacion": "NORMAL"}}	0	2025-06-02 15:56:07.392144-06	0	{"Social": {"alto": 44, "bajo": 34, "muy_alto": 49, "muy_bajo": 29}, "Teórico": {"alto": 45, "bajo": 34, "muy_alto": 50, "muy_bajo": 30}, "Estético": {"alto": 46, "bajo": 35, "muy_alto": 52, "muy_bajo": 30}, "Político": {"alto": 48, "bajo": 35, "muy_alto": 50, "muy_bajo": 31}, "Religioso": {"alto": 48, "bajo": 33, "muy_alto": 57, "muy_bajo": 26}, "Económico": {"alto": 45, "bajo": 35, "muy_alto": 51, "muy_bajo": 28}}	0
57	2025-06-02 16:05:12.658021-06	37	40	42	35	44	42	\N	\N	\N	\N	\N	\N	1	1	{"Social": {"color": "#2a4d6e", "significado": "Dentro del rango esperado para la población", "clasificacion": "NORMAL"}, "Teórico": {"color": "#2a4d6e", "significado": "Dentro del rango esperado para la población", "clasificacion": "NORMAL"}, "Estético": {"color": "#2a4d6e", "significado": "Dentro del rango esperado para la población", "clasificacion": "NORMAL"}, "Político": {"color": "#2a4d6e", "significado": "Dentro del rango esperado para la población", "clasificacion": "NORMAL"}, "Religioso": {"color": "#2a4d6e", "significado": "Dentro del rango esperado para la población", "clasificacion": "NORMAL"}, "Económico": {"color": "#2a4d6e", "significado": "Dentro del rango esperado para la población", "clasificacion": "NORMAL"}}	0	2025-06-02 16:05:12.658021-06	0	{"Social": {"alto": 44, "bajo": 34, "muy_alto": 49, "muy_bajo": 29}, "Teórico": {"alto": 45, "bajo": 34, "muy_alto": 50, "muy_bajo": 30}, "Estético": {"alto": 46, "bajo": 35, "muy_alto": 52, "muy_bajo": 30}, "Político": {"alto": 48, "bajo": 35, "muy_alto": 50, "muy_bajo": 31}, "Religioso": {"alto": 48, "bajo": 33, "muy_alto": 57, "muy_bajo": 26}, "Económico": {"alto": 45, "bajo": 35, "muy_alto": 51, "muy_bajo": 28}}	0
58	2025-06-02 16:07:32.970239-06	36	35	46	39	43	41	\N	\N	\N	\N	\N	\N	1	1	{"Social": {"color": "#2a4d6e", "significado": "Dentro del rango esperado para la población", "clasificacion": "NORMAL"}, "Teórico": {"color": "#2a4d6e", "significado": "Dentro del rango esperado para la población", "clasificacion": "NORMAL"}, "Estético": {"color": "#2a4d6e", "significado": "Dentro del rango esperado para la población", "clasificacion": "NORMAL"}, "Político": {"color": "#2a4d6e", "significado": "Dentro del rango esperado para la población", "clasificacion": "NORMAL"}, "Religioso": {"color": "#2a4d6e", "significado": "Dentro del rango esperado para la población", "clasificacion": "NORMAL"}, "Económico": {"color": "#2a4d6e", "significado": "Dentro del rango esperado para la población", "clasificacion": "NORMAL"}}		2025-06-02 16:07:32.970239-06		{"Social": {"alto": 44, "bajo": 34, "muy_alto": 49, "muy_bajo": 29}, "Teórico": {"alto": 45, "bajo": 34, "muy_alto": 50, "muy_bajo": 30}, "Estético": {"alto": 46, "bajo": 35, "muy_alto": 52, "muy_bajo": 30}, "Político": {"alto": 48, "bajo": 35, "muy_alto": 50, "muy_bajo": 31}, "Religioso": {"alto": 48, "bajo": 33, "muy_alto": 57, "muy_bajo": 26}, "Económico": {"alto": 45, "bajo": 35, "muy_alto": 51, "muy_bajo": 28}}	
59	2025-06-02 16:08:23.214421-06	36	35	46	39	43	41	\N	\N	\N	\N	\N	\N	1	1	{"Social": {"color": "#2a4d6e", "significado": "Dentro del rango esperado para la población", "clasificacion": "NORMAL"}, "Teórico": {"color": "#2a4d6e", "significado": "Dentro del rango esperado para la población", "clasificacion": "NORMAL"}, "Estético": {"color": "#2a4d6e", "significado": "Dentro del rango esperado para la población", "clasificacion": "NORMAL"}, "Político": {"color": "#2a4d6e", "significado": "Dentro del rango esperado para la población", "clasificacion": "NORMAL"}, "Religioso": {"color": "#2a4d6e", "significado": "Dentro del rango esperado para la población", "clasificacion": "NORMAL"}, "Económico": {"color": "#2a4d6e", "significado": "Dentro del rango esperado para la población", "clasificacion": "NORMAL"}}		2025-06-02 16:08:23.215508-06		{"Social": {"alto": 44, "bajo": 34, "muy_alto": 49, "muy_bajo": 29}, "Teórico": {"alto": 45, "bajo": 34, "muy_alto": 50, "muy_bajo": 30}, "Estético": {"alto": 46, "bajo": 35, "muy_alto": 52, "muy_bajo": 30}, "Político": {"alto": 48, "bajo": 35, "muy_alto": 50, "muy_bajo": 31}, "Religioso": {"alto": 48, "bajo": 33, "muy_alto": 57, "muy_bajo": 26}, "Económico": {"alto": 45, "bajo": 35, "muy_alto": 51, "muy_bajo": 28}}	
60	2025-06-02 16:09:56.253027-06	36	35	46	39	43	41	\N	\N	\N	\N	\N	\N	1	1	{"Social": {"color": "#2a4d6e", "significado": "Dentro del rango esperado para la población", "clasificacion": "NORMAL"}, "Teórico": {"color": "#2a4d6e", "significado": "Dentro del rango esperado para la población", "clasificacion": "NORMAL"}, "Estético": {"color": "#2a4d6e", "significado": "Dentro del rango esperado para la población", "clasificacion": "NORMAL"}, "Político": {"color": "#2a4d6e", "significado": "Dentro del rango esperado para la población", "clasificacion": "NORMAL"}, "Religioso": {"color": "#2a4d6e", "significado": "Dentro del rango esperado para la población", "clasificacion": "NORMAL"}, "Económico": {"color": "#2a4d6e", "significado": "Dentro del rango esperado para la población", "clasificacion": "NORMAL"}}		2025-06-02 16:09:56.254041-06		{"Social": {"alto": 44, "bajo": 34, "muy_alto": 49, "muy_bajo": 29}, "Teórico": {"alto": 45, "bajo": 34, "muy_alto": 50, "muy_bajo": 30}, "Estético": {"alto": 46, "bajo": 35, "muy_alto": 52, "muy_bajo": 30}, "Político": {"alto": 48, "bajo": 35, "muy_alto": 50, "muy_bajo": 31}, "Religioso": {"alto": 48, "bajo": 33, "muy_alto": 57, "muy_bajo": 26}, "Económico": {"alto": 45, "bajo": 35, "muy_alto": 51, "muy_bajo": 28}}	
61	2025-06-02 16:18:43.796114-06	36	35	46	39	43	41	\N	\N	\N	\N	\N	\N	1	1	{"Social": {"color": "#2a4d6e", "significado": "Dentro del rango esperado para la población", "clasificacion": "NORMAL"}, "Teórico": {"color": "#2a4d6e", "significado": "Dentro del rango esperado para la población", "clasificacion": "NORMAL"}, "Estético": {"color": "#2a4d6e", "significado": "Dentro del rango esperado para la población", "clasificacion": "NORMAL"}, "Político": {"color": "#2a4d6e", "significado": "Dentro del rango esperado para la población", "clasificacion": "NORMAL"}, "Religioso": {"color": "#2a4d6e", "significado": "Dentro del rango esperado para la población", "clasificacion": "NORMAL"}, "Económico": {"color": "#2a4d6e", "significado": "Dentro del rango esperado para la población", "clasificacion": "NORMAL"}}	Satisfacción en contemplación/producción de belleza	2025-06-02 16:18:43.797063-06	Producción de belleza	{"Social": {"alto": 44, "bajo": 34, "muy_alto": 49, "muy_bajo": 29}, "Teórico": {"alto": 45, "bajo": 34, "muy_alto": 50, "muy_bajo": 30}, "Estético": {"alto": 46, "bajo": 35, "muy_alto": 52, "muy_bajo": 30}, "Político": {"alto": 48, "bajo": 35, "muy_alto": 50, "muy_bajo": 31}, "Religioso": {"alto": 48, "bajo": 33, "muy_alto": 57, "muy_bajo": 26}, "Económico": {"alto": 45, "bajo": 35, "muy_alto": 51, "muy_bajo": 28}}	Estético
62	2025-06-02 16:44:25.166334-06	36	35	46	39	43	41	\N	\N	\N	\N	\N	\N	1	1	{"Social": {"color": "#2a4d6e", "significado": "Dentro del rango esperado para la población", "clasificacion": "NORMAL"}, "Teórico": {"color": "#2a4d6e", "significado": "Dentro del rango esperado para la población", "clasificacion": "NORMAL"}, "Estético": {"color": "#2a4d6e", "significado": "Dentro del rango esperado para la población", "clasificacion": "NORMAL"}, "Político": {"color": "#2a4d6e", "significado": "Dentro del rango esperado para la población", "clasificacion": "NORMAL"}, "Religioso": {"color": "#2a4d6e", "significado": "Dentro del rango esperado para la población", "clasificacion": "NORMAL"}, "Económico": {"color": "#2a4d6e", "significado": "Dentro del rango esperado para la población", "clasificacion": "NORMAL"}}	Satisfacción en contemplación/producción de belleza	2025-06-02 16:44:25.166334-06	Producción de belleza	{"Social": {"alto": 44, "bajo": 34, "muy_alto": 49, "muy_bajo": 29}, "Teórico": {"alto": 45, "bajo": 34, "muy_alto": 50, "muy_bajo": 30}, "Estético": {"alto": 46, "bajo": 35, "muy_alto": 52, "muy_bajo": 30}, "Político": {"alto": 48, "bajo": 35, "muy_alto": 50, "muy_bajo": 31}, "Religioso": {"alto": 48, "bajo": 33, "muy_alto": 57, "muy_bajo": 26}, "Económico": {"alto": 45, "bajo": 35, "muy_alto": 51, "muy_bajo": 28}}	Estético
63	2025-06-02 16:48:16.128946-06	36	35	46	39	43	41	\N	\N	\N	\N	\N	\N	1	1	{"Social": {"color": "#2a4d6e", "significado": "Dentro del rango esperado para la población", "clasificacion": "NORMAL"}, "Teórico": {"color": "#2a4d6e", "significado": "Dentro del rango esperado para la población", "clasificacion": "NORMAL"}, "Estético": {"color": "#2a4d6e", "significado": "Dentro del rango esperado para la población", "clasificacion": "NORMAL"}, "Político": {"color": "#2a4d6e", "significado": "Dentro del rango esperado para la población", "clasificacion": "NORMAL"}, "Religioso": {"color": "#2a4d6e", "significado": "Dentro del rango esperado para la población", "clasificacion": "NORMAL"}, "Económico": {"color": "#2a4d6e", "significado": "Dentro del rango esperado para la población", "clasificacion": "NORMAL"}}	Satisfacción en contemplación/producción de belleza	2025-06-02 16:48:16.128946-06	Producción de belleza	{"Social": {"alto": 44, "bajo": 34, "muy_alto": 49, "muy_bajo": 29}, "Teórico": {"alto": 45, "bajo": 34, "muy_alto": 50, "muy_bajo": 30}, "Estético": {"alto": 46, "bajo": 35, "muy_alto": 52, "muy_bajo": 30}, "Político": {"alto": 48, "bajo": 35, "muy_alto": 50, "muy_bajo": 31}, "Religioso": {"alto": 48, "bajo": 33, "muy_alto": 57, "muy_bajo": 26}, "Económico": {"alto": 45, "bajo": 35, "muy_alto": 51, "muy_bajo": 28}}	Estético
64	2025-06-02 16:49:56.639026-06	36	35	46	39	43	41	\N	\N	\N	\N	\N	\N	1	1	{"Social": {"color": "#2a4d6e", "significado": "Dentro del rango esperado para la población", "clasificacion": "NORMAL"}, "Teórico": {"color": "#2a4d6e", "significado": "Dentro del rango esperado para la población", "clasificacion": "NORMAL"}, "Estético": {"color": "#2a4d6e", "significado": "Dentro del rango esperado para la población", "clasificacion": "NORMAL"}, "Político": {"color": "#2a4d6e", "significado": "Dentro del rango esperado para la población", "clasificacion": "NORMAL"}, "Religioso": {"color": "#2a4d6e", "significado": "Dentro del rango esperado para la población", "clasificacion": "NORMAL"}, "Económico": {"color": "#2a4d6e", "significado": "Dentro del rango esperado para la población", "clasificacion": "NORMAL"}}	Satisfacción en contemplación/producción de belleza	2025-06-02 16:49:56.639026-06	Producción de belleza	{"Social": {"alto": 44, "bajo": 34, "muy_alto": 49, "muy_bajo": 29}, "Teórico": {"alto": 45, "bajo": 34, "muy_alto": 50, "muy_bajo": 30}, "Estético": {"alto": 46, "bajo": 35, "muy_alto": 52, "muy_bajo": 30}, "Político": {"alto": 48, "bajo": 35, "muy_alto": 50, "muy_bajo": 31}, "Religioso": {"alto": 48, "bajo": 33, "muy_alto": 57, "muy_bajo": 26}, "Económico": {"alto": 45, "bajo": 35, "muy_alto": 51, "muy_bajo": 28}}	Estético
65	2025-06-02 17:27:47.287273-06	36	35	46	39	43	41	\N	\N	\N	\N	\N	\N	1	1	{"Social": {"color": "#2a4d6e", "significado": "Dentro del rango esperado para la población", "clasificacion": "NORMAL"}, "Teórico": {"color": "#2a4d6e", "significado": "Dentro del rango esperado para la población", "clasificacion": "NORMAL"}, "Estético": {"color": "#2a4d6e", "significado": "Dentro del rango esperado para la población", "clasificacion": "NORMAL"}, "Político": {"color": "#2a4d6e", "significado": "Dentro del rango esperado para la población", "clasificacion": "NORMAL"}, "Religioso": {"color": "#2a4d6e", "significado": "Dentro del rango esperado para la población", "clasificacion": "NORMAL"}, "Económico": {"color": "#2a4d6e", "significado": "Dentro del rango esperado para la población", "clasificacion": "NORMAL"}}	Satisfacción en contemplación/producción de belleza	2025-06-02 17:27:47.287273-06	Producción de belleza	{"Social": {"alto": 44, "bajo": 34, "muy_alto": 49, "muy_bajo": 29}, "Teórico": {"alto": 45, "bajo": 34, "muy_alto": 50, "muy_bajo": 30}, "Estético": {"alto": 46, "bajo": 35, "muy_alto": 52, "muy_bajo": 30}, "Político": {"alto": 48, "bajo": 35, "muy_alto": 50, "muy_bajo": 31}, "Religioso": {"alto": 48, "bajo": 33, "muy_alto": 57, "muy_bajo": 26}, "Económico": {"alto": 45, "bajo": 35, "muy_alto": 51, "muy_bajo": 28}}	Estético
66	2025-06-02 17:31:42.214227-06	36	35	46	39	43	41	\N	\N	\N	\N	\N	\N	1	1	{"Social": {"color": "#2a4d6e", "significado": "Dentro del rango esperado para la población", "clasificacion": "NORMAL"}, "Teórico": {"color": "#2a4d6e", "significado": "Dentro del rango esperado para la población", "clasificacion": "NORMAL"}, "Estético": {"color": "#2a4d6e", "significado": "Dentro del rango esperado para la población", "clasificacion": "NORMAL"}, "Político": {"color": "#2a4d6e", "significado": "Dentro del rango esperado para la población", "clasificacion": "NORMAL"}, "Religioso": {"color": "#2a4d6e", "significado": "Dentro del rango esperado para la población", "clasificacion": "NORMAL"}, "Económico": {"color": "#2a4d6e", "significado": "Dentro del rango esperado para la población", "clasificacion": "NORMAL"}}	Satisfacción en contemplación/producción de belleza	2025-06-02 17:31:42.214227-06	Producción de belleza	{"Social": {"alto": 44, "bajo": 34, "muy_alto": 49, "muy_bajo": 29}, "Teórico": {"alto": 45, "bajo": 34, "muy_alto": 50, "muy_bajo": 30}, "Estético": {"alto": 46, "bajo": 35, "muy_alto": 52, "muy_bajo": 30}, "Político": {"alto": 48, "bajo": 35, "muy_alto": 50, "muy_bajo": 31}, "Religioso": {"alto": 48, "bajo": 33, "muy_alto": 57, "muy_bajo": 26}, "Económico": {"alto": 45, "bajo": 35, "muy_alto": 51, "muy_bajo": 28}}	Estético
67	2025-06-02 17:34:02.238493-06	36	35	46	39	43	41	\N	\N	\N	\N	\N	\N	1	1	{"Social": {"color": "#2a4d6e", "significado": "Dentro del rango esperado para la población", "clasificacion": "NORMAL"}, "Teórico": {"color": "#2a4d6e", "significado": "Dentro del rango esperado para la población", "clasificacion": "NORMAL"}, "Estético": {"color": "#2a4d6e", "significado": "Dentro del rango esperado para la población", "clasificacion": "NORMAL"}, "Político": {"color": "#2a4d6e", "significado": "Dentro del rango esperado para la población", "clasificacion": "NORMAL"}, "Religioso": {"color": "#2a4d6e", "significado": "Dentro del rango esperado para la población", "clasificacion": "NORMAL"}, "Económico": {"color": "#2a4d6e", "significado": "Dentro del rango esperado para la población", "clasificacion": "NORMAL"}}	Satisfacción en contemplación/producción de belleza	2025-06-02 17:34:02.241044-06	Producción de belleza	{"Social": {"alto": 44, "bajo": 34, "muy_alto": 49, "muy_bajo": 29}, "Teórico": {"alto": 45, "bajo": 34, "muy_alto": 50, "muy_bajo": 30}, "Estético": {"alto": 46, "bajo": 35, "muy_alto": 52, "muy_bajo": 30}, "Político": {"alto": 48, "bajo": 35, "muy_alto": 50, "muy_bajo": 31}, "Religioso": {"alto": 48, "bajo": 33, "muy_alto": 57, "muy_bajo": 26}, "Económico": {"alto": 45, "bajo": 35, "muy_alto": 51, "muy_bajo": 28}}	Estético
68	2025-06-02 17:34:40.768438-06	36	35	46	39	43	41	\N	\N	\N	\N	\N	\N	1	1	{"Social": {"color": "#2a4d6e", "significado": "Dentro del rango esperado para la población", "clasificacion": "NORMAL"}, "Teórico": {"color": "#2a4d6e", "significado": "Dentro del rango esperado para la población", "clasificacion": "NORMAL"}, "Estético": {"color": "#2a4d6e", "significado": "Dentro del rango esperado para la población", "clasificacion": "NORMAL"}, "Político": {"color": "#2a4d6e", "significado": "Dentro del rango esperado para la población", "clasificacion": "NORMAL"}, "Religioso": {"color": "#2a4d6e", "significado": "Dentro del rango esperado para la población", "clasificacion": "NORMAL"}, "Económico": {"color": "#2a4d6e", "significado": "Dentro del rango esperado para la población", "clasificacion": "NORMAL"}}	Satisfacción en contemplación/producción de belleza	2025-06-02 17:34:40.769633-06	Producción de belleza	{"Social": {"alto": 44, "bajo": 34, "muy_alto": 49, "muy_bajo": 29}, "Teórico": {"alto": 45, "bajo": 34, "muy_alto": 50, "muy_bajo": 30}, "Estético": {"alto": 46, "bajo": 35, "muy_alto": 52, "muy_bajo": 30}, "Político": {"alto": 48, "bajo": 35, "muy_alto": 50, "muy_bajo": 31}, "Religioso": {"alto": 48, "bajo": 33, "muy_alto": 57, "muy_bajo": 26}, "Económico": {"alto": 45, "bajo": 35, "muy_alto": 51, "muy_bajo": 28}}	Estético
69	2025-06-13 13:23:44.968824-06	36	35	46	39	43	41	\N	\N	\N	\N	\N	\N	1	1	{"Social": {"color": "#2a4d6e", "significado": "Dentro del rango esperado para la población", "clasificacion": "NORMAL"}, "Teórico": {"color": "#2a4d6e", "significado": "Dentro del rango esperado para la población", "clasificacion": "NORMAL"}, "Estético": {"color": "#2a4d6e", "significado": "Dentro del rango esperado para la población", "clasificacion": "NORMAL"}, "Político": {"color": "#2a4d6e", "significado": "Dentro del rango esperado para la población", "clasificacion": "NORMAL"}, "Religioso": {"color": "#2a4d6e", "significado": "Dentro del rango esperado para la población", "clasificacion": "NORMAL"}, "Económico": {"color": "#2a4d6e", "significado": "Dentro del rango esperado para la población", "clasificacion": "NORMAL"}}	Satisfacción en contemplación/producción de belleza	2025-06-13 13:23:45.136031-06	Producción de belleza	{"Social": {"alto": 44, "bajo": 34, "muy_alto": 49, "muy_bajo": 29}, "Teórico": {"alto": 45, "bajo": 34, "muy_alto": 50, "muy_bajo": 30}, "Estético": {"alto": 46, "bajo": 35, "muy_alto": 52, "muy_bajo": 30}, "Político": {"alto": 48, "bajo": 35, "muy_alto": 50, "muy_bajo": 31}, "Religioso": {"alto": 48, "bajo": 33, "muy_alto": 57, "muy_bajo": 26}, "Económico": {"alto": 45, "bajo": 35, "muy_alto": 51, "muy_bajo": 28}}	Estético
70	2025-06-18 14:27:06.56265-06	36.5	34	46	40.5	43.5	39.5	\N	\N	\N	\N	\N	\N	1	1	{"Social": {"color": "#2a4d6e", "significado": "Dentro del rango esperado para la población", "clasificacion": "NORMAL"}, "Teórico": {"color": "#2a4d6e", "significado": "Dentro del rango esperado para la población", "clasificacion": "NORMAL"}, "Estético": {"color": "#2a4d6e", "significado": "Dentro del rango esperado para la población", "clasificacion": "NORMAL"}, "Político": {"color": "#2a4d6e", "significado": "Dentro del rango esperado para la población", "clasificacion": "NORMAL"}, "Religioso": {"color": "#2a4d6e", "significado": "Dentro del rango esperado para la población", "clasificacion": "NORMAL"}, "Económico": {"color": "#2a4d6e", "significado": "Dentro del rango esperado para la población", "clasificacion": "NORMAL"}}	Satisfacción en contemplación/producción de belleza	2025-06-18 14:27:06.611191-06	Producción de belleza	{"Social": {"alto": 44, "bajo": 34, "muy_alto": 49, "muy_bajo": 29}, "Teórico": {"alto": 45, "bajo": 34, "muy_alto": 50, "muy_bajo": 30}, "Estético": {"alto": 46, "bajo": 35, "muy_alto": 52, "muy_bajo": 30}, "Político": {"alto": 48, "bajo": 35, "muy_alto": 50, "muy_bajo": 31}, "Religioso": {"alto": 48, "bajo": 33, "muy_alto": 57, "muy_bajo": 26}, "Económico": {"alto": 45, "bajo": 35, "muy_alto": 51, "muy_bajo": 28}}	Estético
71	2025-06-18 15:11:26.715442-06	36	35	46	39	43	41	\N	\N	\N	\N	\N	\N	1	1	{"Social": {"color": "#2a4d6e", "significado": "Dentro del rango esperado para la población", "clasificacion": "NORMAL"}, "Teórico": {"color": "#2a4d6e", "significado": "Dentro del rango esperado para la población", "clasificacion": "NORMAL"}, "Estético": {"color": "#2a4d6e", "significado": "Dentro del rango esperado para la población", "clasificacion": "NORMAL"}, "Político": {"color": "#2a4d6e", "significado": "Dentro del rango esperado para la población", "clasificacion": "NORMAL"}, "Religioso": {"color": "#2a4d6e", "significado": "Dentro del rango esperado para la población", "clasificacion": "NORMAL"}, "Económico": {"color": "#2a4d6e", "significado": "Dentro del rango esperado para la población", "clasificacion": "NORMAL"}}	Satisfacción en contemplación/producción de belleza	2025-06-18 15:11:26.721644-06	Producción de belleza	{"Social": {"alto": 44, "bajo": 34, "muy_alto": 49, "muy_bajo": 29}, "Teórico": {"alto": 45, "bajo": 34, "muy_alto": 50, "muy_bajo": 30}, "Estético": {"alto": 46, "bajo": 35, "muy_alto": 52, "muy_bajo": 30}, "Político": {"alto": 48, "bajo": 35, "muy_alto": 50, "muy_bajo": 31}, "Religioso": {"alto": 48, "bajo": 33, "muy_alto": 57, "muy_bajo": 26}, "Económico": {"alto": 45, "bajo": 35, "muy_alto": 51, "muy_bajo": 28}}	Estético
72	2025-12-15 11:38:26.731716-06	36	39	43	42	38	42	\N	\N	\N	\N	\N	\N	2	1	{"Social": {"color": "#2a4d6e", "significado": "Dentro del rango esperado para la población", "clasificacion": "NORMAL"}, "Teórico": {"color": "#2a4d6e", "significado": "Dentro del rango esperado para la población", "clasificacion": "NORMAL"}, "Estético": {"color": "#2a4d6e", "significado": "Dentro del rango esperado para la población", "clasificacion": "NORMAL"}, "Político": {"color": "#2a4d6e", "significado": "Dentro del rango esperado para la población", "clasificacion": "NORMAL"}, "Religioso": {"color": "#2a4d6e", "significado": "Dentro del rango esperado para la población", "clasificacion": "NORMAL"}, "Económico": {"color": "#2a4d6e", "significado": "Dentro del rango esperado para la población", "clasificacion": "NORMAL"}}	Satisfacción en contemplación/producción de belleza	2025-12-15 11:38:26.731716-06	Producción de belleza	{"Social": {"alto": 44, "bajo": 34, "muy_alto": 49, "muy_bajo": 29}, "Teórico": {"alto": 45, "bajo": 34, "muy_alto": 50, "muy_bajo": 30}, "Estético": {"alto": 46, "bajo": 35, "muy_alto": 52, "muy_bajo": 30}, "Político": {"alto": 48, "bajo": 35, "muy_alto": 50, "muy_bajo": 31}, "Religioso": {"alto": 48, "bajo": 33, "muy_alto": 57, "muy_bajo": 26}, "Económico": {"alto": 45, "bajo": 35, "muy_alto": 51, "muy_bajo": 28}}	Estético
73	2026-04-08 13:04:19.329965-06	36	35	46	39	43	41	\N	\N	\N	\N	\N	\N	1	1	{"Social": {"color": "#2a4d6e", "significado": "Dentro del rango esperado para la población", "clasificacion": "NORMAL"}, "Teórico": {"color": "#2a4d6e", "significado": "Dentro del rango esperado para la población", "clasificacion": "NORMAL"}, "Estético": {"color": "#2a4d6e", "significado": "Dentro del rango esperado para la población", "clasificacion": "NORMAL"}, "Político": {"color": "#2a4d6e", "significado": "Dentro del rango esperado para la población", "clasificacion": "NORMAL"}, "Religioso": {"color": "#2a4d6e", "significado": "Dentro del rango esperado para la población", "clasificacion": "NORMAL"}, "Económico": {"color": "#2a4d6e", "significado": "Dentro del rango esperado para la población", "clasificacion": "NORMAL"}}	Satisfacción en contemplación/producción de belleza	2026-04-08 13:04:19.329965-06	Producción de belleza	{"Social": {"alto": 44, "bajo": 34, "muy_alto": 49, "muy_bajo": 29}, "Teórico": {"alto": 45, "bajo": 34, "muy_alto": 50, "muy_bajo": 30}, "Estético": {"alto": 46, "bajo": 35, "muy_alto": 52, "muy_bajo": 30}, "Político": {"alto": 48, "bajo": 35, "muy_alto": 50, "muy_bajo": 31}, "Religioso": {"alto": 48, "bajo": 33, "muy_alto": 57, "muy_bajo": 26}, "Económico": {"alto": 45, "bajo": 35, "muy_alto": 51, "muy_bajo": 28}}	Estético
74	2026-04-08 13:05:24.367066-06	36	35	46	39	43	41	\N	\N	\N	\N	\N	\N	1	1	{"Social": {"color": "#2a4d6e", "significado": "Dentro del rango esperado para la población", "clasificacion": "NORMAL"}, "Teórico": {"color": "#2a4d6e", "significado": "Dentro del rango esperado para la población", "clasificacion": "NORMAL"}, "Estético": {"color": "#2a4d6e", "significado": "Dentro del rango esperado para la población", "clasificacion": "NORMAL"}, "Político": {"color": "#2a4d6e", "significado": "Dentro del rango esperado para la población", "clasificacion": "NORMAL"}, "Religioso": {"color": "#2a4d6e", "significado": "Dentro del rango esperado para la población", "clasificacion": "NORMAL"}, "Económico": {"color": "#2a4d6e", "significado": "Dentro del rango esperado para la población", "clasificacion": "NORMAL"}}	Satisfacción en contemplación/producción de belleza	2026-04-08 13:05:24.367066-06	Producción de belleza	{"Social": {"alto": 44, "bajo": 34, "muy_alto": 49, "muy_bajo": 29}, "Teórico": {"alto": 45, "bajo": 34, "muy_alto": 50, "muy_bajo": 30}, "Estético": {"alto": 46, "bajo": 35, "muy_alto": 52, "muy_bajo": 30}, "Político": {"alto": 48, "bajo": 35, "muy_alto": 50, "muy_bajo": 31}, "Religioso": {"alto": 48, "bajo": 33, "muy_alto": 57, "muy_bajo": 26}, "Económico": {"alto": 45, "bajo": 35, "muy_alto": 51, "muy_bajo": 28}}	Estético
75	2026-04-08 13:05:27.039446-06	36	35	46	39	43	41	\N	\N	\N	\N	\N	\N	1	1	{"Social": {"color": "#2a4d6e", "significado": "Dentro del rango esperado para la población", "clasificacion": "NORMAL"}, "Teórico": {"color": "#2a4d6e", "significado": "Dentro del rango esperado para la población", "clasificacion": "NORMAL"}, "Estético": {"color": "#2a4d6e", "significado": "Dentro del rango esperado para la población", "clasificacion": "NORMAL"}, "Político": {"color": "#2a4d6e", "significado": "Dentro del rango esperado para la población", "clasificacion": "NORMAL"}, "Religioso": {"color": "#2a4d6e", "significado": "Dentro del rango esperado para la población", "clasificacion": "NORMAL"}, "Económico": {"color": "#2a4d6e", "significado": "Dentro del rango esperado para la población", "clasificacion": "NORMAL"}}	Satisfacción en contemplación/producción de belleza	2026-04-08 13:05:27.039446-06	Producción de belleza	{"Social": {"alto": 44, "bajo": 34, "muy_alto": 49, "muy_bajo": 29}, "Teórico": {"alto": 45, "bajo": 34, "muy_alto": 50, "muy_bajo": 30}, "Estético": {"alto": 46, "bajo": 35, "muy_alto": 52, "muy_bajo": 30}, "Político": {"alto": 48, "bajo": 35, "muy_alto": 50, "muy_bajo": 31}, "Religioso": {"alto": 48, "bajo": 33, "muy_alto": 57, "muy_bajo": 26}, "Económico": {"alto": 45, "bajo": 35, "muy_alto": 51, "muy_bajo": 28}}	Estético
76	2026-04-08 13:08:35.782861-06	36	35	46	39	43	41	\N	\N	\N	\N	\N	\N	1	1	{"Social": {"color": "#2a4d6e", "significado": "Dentro del rango esperado para la población", "clasificacion": "NORMAL"}, "Teórico": {"color": "#2a4d6e", "significado": "Dentro del rango esperado para la población", "clasificacion": "NORMAL"}, "Estético": {"color": "#2a4d6e", "significado": "Dentro del rango esperado para la población", "clasificacion": "NORMAL"}, "Político": {"color": "#2a4d6e", "significado": "Dentro del rango esperado para la población", "clasificacion": "NORMAL"}, "Religioso": {"color": "#2a4d6e", "significado": "Dentro del rango esperado para la población", "clasificacion": "NORMAL"}, "Económico": {"color": "#2a4d6e", "significado": "Dentro del rango esperado para la población", "clasificacion": "NORMAL"}}	Satisfacción en contemplación/producción de belleza	2026-04-08 13:08:35.782861-06	Producción de belleza	{"Social": {"alto": 44, "bajo": 34, "muy_alto": 49, "muy_bajo": 29}, "Teórico": {"alto": 45, "bajo": 34, "muy_alto": 50, "muy_bajo": 30}, "Estético": {"alto": 46, "bajo": 35, "muy_alto": 52, "muy_bajo": 30}, "Político": {"alto": 48, "bajo": 35, "muy_alto": 50, "muy_bajo": 31}, "Religioso": {"alto": 48, "bajo": 33, "muy_alto": 57, "muy_bajo": 26}, "Económico": {"alto": 45, "bajo": 35, "muy_alto": 51, "muy_bajo": 28}}	Estético
77	2026-04-08 13:09:36.848074-06	36	35	46	39	43	41	\N	\N	\N	\N	\N	\N	1	1	{"Social": {"color": "#2a4d6e", "significado": "Dentro del rango esperado para la población", "clasificacion": "NORMAL"}, "Teórico": {"color": "#2a4d6e", "significado": "Dentro del rango esperado para la población", "clasificacion": "NORMAL"}, "Estético": {"color": "#2a4d6e", "significado": "Dentro del rango esperado para la población", "clasificacion": "NORMAL"}, "Político": {"color": "#2a4d6e", "significado": "Dentro del rango esperado para la población", "clasificacion": "NORMAL"}, "Religioso": {"color": "#2a4d6e", "significado": "Dentro del rango esperado para la población", "clasificacion": "NORMAL"}, "Económico": {"color": "#2a4d6e", "significado": "Dentro del rango esperado para la población", "clasificacion": "NORMAL"}}	Satisfacción en contemplación/producción de belleza	2026-04-08 13:09:36.849075-06	Producción de belleza	{"Social": {"alto": 44, "bajo": 34, "muy_alto": 49, "muy_bajo": 29}, "Teórico": {"alto": 45, "bajo": 34, "muy_alto": 50, "muy_bajo": 30}, "Estético": {"alto": 46, "bajo": 35, "muy_alto": 52, "muy_bajo": 30}, "Político": {"alto": 48, "bajo": 35, "muy_alto": 50, "muy_bajo": 31}, "Religioso": {"alto": 48, "bajo": 33, "muy_alto": 57, "muy_bajo": 26}, "Económico": {"alto": 45, "bajo": 35, "muy_alto": 51, "muy_bajo": 28}}	Estético
78	2026-04-10 14:50:15.084253-06	46	42	42	45	34	31	\N	\N	\N	\N	\N	\N	1	1	{"Social": {"color": "#198754", "significado": "Por encima del promedio poblacional", "clasificacion": "ALTO"}, "Teórico": {"color": "#198754", "significado": "Por encima del promedio poblacional", "clasificacion": "ALTO"}, "Estético": {"color": "#2a4d6e", "significado": "Dentro del rango esperado para la población", "clasificacion": "NORMAL"}, "Político": {"color": "#ffc107", "significado": "Por debajo del promedio poblacional", "clasificacion": "BAJO"}, "Religioso": {"color": "#ffc107", "significado": "Por debajo del promedio poblacional", "clasificacion": "BAJO"}, "Económico": {"color": "#198754", "significado": "Por encima del promedio poblacional", "clasificacion": "ALTO"}}	Búsqueda de la verdad mediante investigación con proceso lógico y ordenado	2026-04-10 14:50:15.084253-06	Conocimiento	{"Social": {"alto": 44, "bajo": 34, "muy_alto": 49, "muy_bajo": 29}, "Teórico": {"alto": 45, "bajo": 34, "muy_alto": 50, "muy_bajo": 30}, "Estético": {"alto": 46, "bajo": 35, "muy_alto": 52, "muy_bajo": 30}, "Político": {"alto": 48, "bajo": 35, "muy_alto": 50, "muy_bajo": 31}, "Religioso": {"alto": 48, "bajo": 33, "muy_alto": 57, "muy_bajo": 26}, "Económico": {"alto": 45, "bajo": 35, "muy_alto": 51, "muy_bajo": 28}}	Teórico
79	2026-06-08 16:30:30.233398-06	36	35	46	39	43	41	\N	\N	\N	\N	\N	\N	1	1	{"Social": {"color": "#2a4d6e", "significado": "Dentro del rango esperado para la población", "clasificacion": "NORMAL"}, "Teórico": {"color": "#2a4d6e", "significado": "Dentro del rango esperado para la población", "clasificacion": "NORMAL"}, "Estético": {"color": "#2a4d6e", "significado": "Dentro del rango esperado para la población", "clasificacion": "NORMAL"}, "Político": {"color": "#2a4d6e", "significado": "Dentro del rango esperado para la población", "clasificacion": "NORMAL"}, "Religioso": {"color": "#2a4d6e", "significado": "Dentro del rango esperado para la población", "clasificacion": "NORMAL"}, "Económico": {"color": "#2a4d6e", "significado": "Dentro del rango esperado para la población", "clasificacion": "NORMAL"}}	Satisfacción en contemplación/producción de belleza	2026-06-08 16:30:30.233398-06	Producción de belleza	{"Social": {"alto": 44, "bajo": 34, "muy_alto": 49, "muy_bajo": 29}, "Teórico": {"alto": 45, "bajo": 34, "muy_alto": 50, "muy_bajo": 30}, "Estético": {"alto": 46, "bajo": 35, "muy_alto": 52, "muy_bajo": 30}, "Político": {"alto": 48, "bajo": 35, "muy_alto": 50, "muy_bajo": 31}, "Religioso": {"alto": 48, "bajo": 33, "muy_alto": 57, "muy_bajo": 26}, "Económico": {"alto": 45, "bajo": 35, "muy_alto": 51, "muy_bajo": 28}}	Estético
\.


--
-- Data for Name: tests_testdomino; Type: TABLE DATA; Schema: public; Owner: -
--

COPY public.tests_testdomino (id, nombre, descripcion, tiempo_limite, instrucciones, tipo_disposicion) FROM stdin;
1	Test de Dominó D-48		25	Complete la secuencia seleccionando la ficha que falta...	MATRIZ
\.


--
-- Data for Name: tests_testvalores; Type: TABLE DATA; Schema: public; Owner: -
--

COPY public.tests_testvalores (id, nombre, autor, descripcion) FROM stdin;
1	Test de Valores de Allport	Gordon Allport	\N
\.


--
-- Data for Name: users_customuser; Type: TABLE DATA; Schema: public; Owner: -
--

COPY public.users_customuser (id, password, last_login, is_superuser, username, email, is_staff, is_active, date_joined, full_name, date_of_birth, gender, institution, education_level, occupation) FROM stdin;
7	pbkdf2_sha256$720000$CQw6brMceMW1UwXTOqKa45$FHyP08C6LxkCJ+wHoClRzyt+4TbnLNuN4xWGis7555U=	2026-06-09 02:37:17.838922-06	f	armandillo	correo_ejemplo@gmail.com	f	t	2026-06-09 02:37:16.844292-06	Armando Néstor Álvarez Badillo	1997-04-21	M	Instituto Tecnológico de Oaxaca	Licenciatura	Trabajador
3	pbkdf2_sha256$720000$7Li9CBjnE6roXdMkrjdIur$xcHNXw8Nh55KEeztu1j90xQvZ1g8SsW/I1v78ctRMzk=	2025-05-31 01:42:58.442464-06	f	Danny	Rawner81@hotmail.com	f	t	2025-05-27 19:13:56.706422-06	Daniela Rodríguez Alvarado	1997-02-20	F	UABJO	Licenciatura	Trabajador
1	pbkdf2_sha256$720000$6IqXdUvGyd8Ntsvkp4RLrL$rUe8WZ/vZXoMk3jhNNT3b0jhFJzG4Li++jealQAVRL4=	2026-06-09 03:13:09.580913-06	t	admin	20161280@itoaxaca.edu.mx	t	t	2025-05-24 01:24:44.473713-06	Victor Méndez	1997-03-18	M	Instituto Tecnológico de Oaxaca	Licenciatura	Trabajador
4	pbkdf2_sha256$720000$zhq2SMSTuoLFujojf5z0PX$zj7uTy7ZL0Gl0ZTvKHyfWuYgcestWpVtntmDrsPX8eI=	2025-05-27 19:15:47.294923-06	f	jack	MetalAmpharos@gmail.com	f	t	2025-05-27 19:15:44.947422-06	Juan Carlos Bodoque	1998-05-05	O	UABJO	Licenciatura	Trabajador
6	pbkdf2_sha256$720000$ZD83Vx2frlhgPeXExFlEEz$UqT3FPH04lJRZHACIsLEYPJU8RNrIzzX/793KJFEsAs=	2026-04-10 12:45:25.75173-06	f	Victor	rawner81@gmail.com	f	t	2026-04-10 12:45:24.682845-06	Victor Antonio Méndez Pérez	1997-03-18	M	Instituto Tecnológico de Oaxaca	Superior	Estudiante
5	pbkdf2_sha256$720000$xrAPpYcXwP3xXE5yVEpvET$iduJWQKG365uoc8M4Q+zMi7XMf6u1flWscdun8Bgsd0=	2025-06-16 13:46:36.788783-06	f	pruebas	123@gmail.com	f	t	2025-06-16 13:39:21.333986-06	Pruebas psicologicas	2002-03-18	M	Instituto Tecnológico de Oaxaca	Licenciatura	Trabajador
2	pbkdf2_sha256$720000$nZPdvTpFkTIHlbBbdyzL23$WEL3rC8EBwkj9lbZCbCV01W5Uhj5A/iNfpoiQgmWOtw=	2026-06-12 15:24:25.412921-06	f	Anton	Rawner81@gmail.com	f	t	2025-05-27 18:43:58.17356-06	Antonio Pérez	1997-03-18	M	Instituto Tecnológico de Oaxaca	Licenciatura	Estudiante
\.


--
-- Data for Name: users_customuser_groups; Type: TABLE DATA; Schema: public; Owner: -
--

COPY public.users_customuser_groups (id, customuser_id, group_id) FROM stdin;
\.


--
-- Data for Name: users_customuser_user_permissions; Type: TABLE DATA; Schema: public; Owner: -
--

COPY public.users_customuser_user_permissions (id, customuser_id, permission_id) FROM stdin;
\.


--
-- Name: auth_group_id_seq; Type: SEQUENCE SET; Schema: public; Owner: -
--

SELECT pg_catalog.setval('public.auth_group_id_seq', 1, false);


--
-- Name: auth_group_permissions_id_seq; Type: SEQUENCE SET; Schema: public; Owner: -
--

SELECT pg_catalog.setval('public.auth_group_permissions_id_seq', 1, false);


--
-- Name: auth_permission_id_seq; Type: SEQUENCE SET; Schema: public; Owner: -
--

SELECT pg_catalog.setval('public.auth_permission_id_seq', 78, true);


--
-- Name: courses_curso_id_seq; Type: SEQUENCE SET; Schema: public; Owner: -
--

SELECT pg_catalog.setval('public.courses_curso_id_seq', 2, true);


--
-- Name: courses_inscripcion_id_seq; Type: SEQUENCE SET; Schema: public; Owner: -
--

SELECT pg_catalog.setval('public.courses_inscripcion_id_seq', 1, true);


--
-- Name: courses_leccion_id_seq; Type: SEQUENCE SET; Schema: public; Owner: -
--

SELECT pg_catalog.setval('public.courses_leccion_id_seq', 3, true);


--
-- Name: courses_leccioncompletada_id_seq; Type: SEQUENCE SET; Schema: public; Owner: -
--

SELECT pg_catalog.setval('public.courses_leccioncompletada_id_seq', 1, true);


--
-- Name: courses_recursoleccion_id_seq; Type: SEQUENCE SET; Schema: public; Owner: -
--

SELECT pg_catalog.setval('public.courses_recursoleccion_id_seq', 2, true);


--
-- Name: django_admin_log_id_seq; Type: SEQUENCE SET; Schema: public; Owner: -
--

SELECT pg_catalog.setval('public.django_admin_log_id_seq', 28, true);


--
-- Name: django_content_type_id_seq; Type: SEQUENCE SET; Schema: public; Owner: -
--

SELECT pg_catalog.setval('public.django_content_type_id_seq', 19, true);


--
-- Name: django_migrations_id_seq; Type: SEQUENCE SET; Schema: public; Owner: -
--

SELECT pg_catalog.setval('public.django_migrations_id_seq', 32, true);


--
-- Name: tests_opcionvalores_id_seq; Type: SEQUENCE SET; Schema: public; Owner: -
--

SELECT pg_catalog.setval('public.tests_opcionvalores_id_seq', 124, true);


--
-- Name: tests_partetest_id_seq; Type: SEQUENCE SET; Schema: public; Owner: -
--

SELECT pg_catalog.setval('public.tests_partetest_id_seq', 2, true);


--
-- Name: tests_preguntavalores_id_seq; Type: SEQUENCE SET; Schema: public; Owner: -
--

SELECT pg_catalog.setval('public.tests_preguntavalores_id_seq', 46, true);


--
-- Name: tests_problemadomino_id_seq; Type: SEQUENCE SET; Schema: public; Owner: -
--

SELECT pg_catalog.setval('public.tests_problemadomino_id_seq', 48, true);


--
-- Name: tests_resultadodomino_id_seq; Type: SEQUENCE SET; Schema: public; Owner: -
--

SELECT pg_catalog.setval('public.tests_resultadodomino_id_seq', 11, true);


--
-- Name: tests_resultadovalores_id_seq; Type: SEQUENCE SET; Schema: public; Owner: -
--

SELECT pg_catalog.setval('public.tests_resultadovalores_id_seq', 79, true);


--
-- Name: tests_testdomino_id_seq; Type: SEQUENCE SET; Schema: public; Owner: -
--

SELECT pg_catalog.setval('public.tests_testdomino_id_seq', 1, true);


--
-- Name: tests_testvalores_id_seq; Type: SEQUENCE SET; Schema: public; Owner: -
--

SELECT pg_catalog.setval('public.tests_testvalores_id_seq', 1, true);


--
-- Name: users_customuser_groups_id_seq; Type: SEQUENCE SET; Schema: public; Owner: -
--

SELECT pg_catalog.setval('public.users_customuser_groups_id_seq', 1, false);


--
-- Name: users_customuser_id_seq; Type: SEQUENCE SET; Schema: public; Owner: -
--

SELECT pg_catalog.setval('public.users_customuser_id_seq', 7, true);


--
-- Name: users_customuser_user_permissions_id_seq; Type: SEQUENCE SET; Schema: public; Owner: -
--

SELECT pg_catalog.setval('public.users_customuser_user_permissions_id_seq', 1, false);


--
-- Name: auth_group auth_group_name_key; Type: CONSTRAINT; Schema: public; Owner: -
--

ALTER TABLE ONLY public.auth_group
    ADD CONSTRAINT auth_group_name_key UNIQUE (name);


--
-- Name: auth_group_permissions auth_group_permissions_group_id_permission_id_0cd325b0_uniq; Type: CONSTRAINT; Schema: public; Owner: -
--

ALTER TABLE ONLY public.auth_group_permissions
    ADD CONSTRAINT auth_group_permissions_group_id_permission_id_0cd325b0_uniq UNIQUE (group_id, permission_id);


--
-- Name: auth_group_permissions auth_group_permissions_pkey; Type: CONSTRAINT; Schema: public; Owner: -
--

ALTER TABLE ONLY public.auth_group_permissions
    ADD CONSTRAINT auth_group_permissions_pkey PRIMARY KEY (id);


--
-- Name: auth_group auth_group_pkey; Type: CONSTRAINT; Schema: public; Owner: -
--

ALTER TABLE ONLY public.auth_group
    ADD CONSTRAINT auth_group_pkey PRIMARY KEY (id);


--
-- Name: auth_permission auth_permission_content_type_id_codename_01ab375a_uniq; Type: CONSTRAINT; Schema: public; Owner: -
--

ALTER TABLE ONLY public.auth_permission
    ADD CONSTRAINT auth_permission_content_type_id_codename_01ab375a_uniq UNIQUE (content_type_id, codename);


--
-- Name: auth_permission auth_permission_pkey; Type: CONSTRAINT; Schema: public; Owner: -
--

ALTER TABLE ONLY public.auth_permission
    ADD CONSTRAINT auth_permission_pkey PRIMARY KEY (id);


--
-- Name: courses_curso courses_curso_pkey; Type: CONSTRAINT; Schema: public; Owner: -
--

ALTER TABLE ONLY public.courses_curso
    ADD CONSTRAINT courses_curso_pkey PRIMARY KEY (id);


--
-- Name: courses_curso courses_curso_slug_key; Type: CONSTRAINT; Schema: public; Owner: -
--

ALTER TABLE ONLY public.courses_curso
    ADD CONSTRAINT courses_curso_slug_key UNIQUE (slug);


--
-- Name: courses_inscripcion courses_inscripcion_pkey; Type: CONSTRAINT; Schema: public; Owner: -
--

ALTER TABLE ONLY public.courses_inscripcion
    ADD CONSTRAINT courses_inscripcion_pkey PRIMARY KEY (id);


--
-- Name: courses_leccion courses_leccion_pkey; Type: CONSTRAINT; Schema: public; Owner: -
--

ALTER TABLE ONLY public.courses_leccion
    ADD CONSTRAINT courses_leccion_pkey PRIMARY KEY (id);


--
-- Name: courses_leccioncompletada courses_leccioncompletad_inscripcion_id_leccion_i_ee06363b_uniq; Type: CONSTRAINT; Schema: public; Owner: -
--

ALTER TABLE ONLY public.courses_leccioncompletada
    ADD CONSTRAINT courses_leccioncompletad_inscripcion_id_leccion_i_ee06363b_uniq UNIQUE (inscripcion_id, leccion_id);


--
-- Name: courses_leccioncompletada courses_leccioncompletada_pkey; Type: CONSTRAINT; Schema: public; Owner: -
--

ALTER TABLE ONLY public.courses_leccioncompletada
    ADD CONSTRAINT courses_leccioncompletada_pkey PRIMARY KEY (id);


--
-- Name: courses_recursoleccion courses_recursoleccion_pkey; Type: CONSTRAINT; Schema: public; Owner: -
--

ALTER TABLE ONLY public.courses_recursoleccion
    ADD CONSTRAINT courses_recursoleccion_pkey PRIMARY KEY (id);


--
-- Name: django_admin_log django_admin_log_pkey; Type: CONSTRAINT; Schema: public; Owner: -
--

ALTER TABLE ONLY public.django_admin_log
    ADD CONSTRAINT django_admin_log_pkey PRIMARY KEY (id);


--
-- Name: django_content_type django_content_type_app_label_model_76bd3d3b_uniq; Type: CONSTRAINT; Schema: public; Owner: -
--

ALTER TABLE ONLY public.django_content_type
    ADD CONSTRAINT django_content_type_app_label_model_76bd3d3b_uniq UNIQUE (app_label, model);


--
-- Name: django_content_type django_content_type_pkey; Type: CONSTRAINT; Schema: public; Owner: -
--

ALTER TABLE ONLY public.django_content_type
    ADD CONSTRAINT django_content_type_pkey PRIMARY KEY (id);


--
-- Name: django_migrations django_migrations_pkey; Type: CONSTRAINT; Schema: public; Owner: -
--

ALTER TABLE ONLY public.django_migrations
    ADD CONSTRAINT django_migrations_pkey PRIMARY KEY (id);


--
-- Name: django_session django_session_pkey; Type: CONSTRAINT; Schema: public; Owner: -
--

ALTER TABLE ONLY public.django_session
    ADD CONSTRAINT django_session_pkey PRIMARY KEY (session_key);


--
-- Name: tests_opcionvalores tests_opcionvalores_pkey; Type: CONSTRAINT; Schema: public; Owner: -
--

ALTER TABLE ONLY public.tests_opcionvalores
    ADD CONSTRAINT tests_opcionvalores_pkey PRIMARY KEY (id);


--
-- Name: tests_partetest tests_partetest_pkey; Type: CONSTRAINT; Schema: public; Owner: -
--

ALTER TABLE ONLY public.tests_partetest
    ADD CONSTRAINT tests_partetest_pkey PRIMARY KEY (id);


--
-- Name: tests_preguntavalores tests_preguntavalores_pkey; Type: CONSTRAINT; Schema: public; Owner: -
--

ALTER TABLE ONLY public.tests_preguntavalores
    ADD CONSTRAINT tests_preguntavalores_pkey PRIMARY KEY (id);


--
-- Name: tests_problemadomino tests_problemadomino_pkey; Type: CONSTRAINT; Schema: public; Owner: -
--

ALTER TABLE ONLY public.tests_problemadomino
    ADD CONSTRAINT tests_problemadomino_pkey PRIMARY KEY (id);


--
-- Name: tests_problemadomino tests_problemadomino_test_id_numero_bd3d7901_uniq; Type: CONSTRAINT; Schema: public; Owner: -
--

ALTER TABLE ONLY public.tests_problemadomino
    ADD CONSTRAINT tests_problemadomino_test_id_numero_bd3d7901_uniq UNIQUE (test_id, numero);


--
-- Name: tests_resultadodomino tests_resultadodomino_pkey; Type: CONSTRAINT; Schema: public; Owner: -
--

ALTER TABLE ONLY public.tests_resultadodomino
    ADD CONSTRAINT tests_resultadodomino_pkey PRIMARY KEY (id);


--
-- Name: tests_resultadovalores tests_resultadovalores_pkey; Type: CONSTRAINT; Schema: public; Owner: -
--

ALTER TABLE ONLY public.tests_resultadovalores
    ADD CONSTRAINT tests_resultadovalores_pkey PRIMARY KEY (id);


--
-- Name: tests_testdomino tests_testdomino_pkey; Type: CONSTRAINT; Schema: public; Owner: -
--

ALTER TABLE ONLY public.tests_testdomino
    ADD CONSTRAINT tests_testdomino_pkey PRIMARY KEY (id);


--
-- Name: tests_testvalores tests_testvalores_pkey; Type: CONSTRAINT; Schema: public; Owner: -
--

ALTER TABLE ONLY public.tests_testvalores
    ADD CONSTRAINT tests_testvalores_pkey PRIMARY KEY (id);


--
-- Name: courses_inscripcion unique_estudiante_curso; Type: CONSTRAINT; Schema: public; Owner: -
--

ALTER TABLE ONLY public.courses_inscripcion
    ADD CONSTRAINT unique_estudiante_curso UNIQUE (estudiante_id, curso_id);


--
-- Name: courses_leccion unique_orden_por_curso; Type: CONSTRAINT; Schema: public; Owner: -
--

ALTER TABLE ONLY public.courses_leccion
    ADD CONSTRAINT unique_orden_por_curso UNIQUE (curso_id, orden);


--
-- Name: users_customuser_groups users_customuser_groups_customuser_id_group_id_76b619e3_uniq; Type: CONSTRAINT; Schema: public; Owner: -
--

ALTER TABLE ONLY public.users_customuser_groups
    ADD CONSTRAINT users_customuser_groups_customuser_id_group_id_76b619e3_uniq UNIQUE (customuser_id, group_id);


--
-- Name: users_customuser_groups users_customuser_groups_pkey; Type: CONSTRAINT; Schema: public; Owner: -
--

ALTER TABLE ONLY public.users_customuser_groups
    ADD CONSTRAINT users_customuser_groups_pkey PRIMARY KEY (id);


--
-- Name: users_customuser users_customuser_pkey; Type: CONSTRAINT; Schema: public; Owner: -
--

ALTER TABLE ONLY public.users_customuser
    ADD CONSTRAINT users_customuser_pkey PRIMARY KEY (id);


--
-- Name: users_customuser_user_permissions users_customuser_user_pe_customuser_id_permission_7a7debf6_uniq; Type: CONSTRAINT; Schema: public; Owner: -
--

ALTER TABLE ONLY public.users_customuser_user_permissions
    ADD CONSTRAINT users_customuser_user_pe_customuser_id_permission_7a7debf6_uniq UNIQUE (customuser_id, permission_id);


--
-- Name: users_customuser_user_permissions users_customuser_user_permissions_pkey; Type: CONSTRAINT; Schema: public; Owner: -
--

ALTER TABLE ONLY public.users_customuser_user_permissions
    ADD CONSTRAINT users_customuser_user_permissions_pkey PRIMARY KEY (id);


--
-- Name: users_customuser users_customuser_username_key; Type: CONSTRAINT; Schema: public; Owner: -
--

ALTER TABLE ONLY public.users_customuser
    ADD CONSTRAINT users_customuser_username_key UNIQUE (username);


--
-- Name: auth_group_name_a6ea08ec_like; Type: INDEX; Schema: public; Owner: -
--

CREATE INDEX auth_group_name_a6ea08ec_like ON public.auth_group USING btree (name varchar_pattern_ops);


--
-- Name: auth_group_permissions_group_id_b120cbf9; Type: INDEX; Schema: public; Owner: -
--

CREATE INDEX auth_group_permissions_group_id_b120cbf9 ON public.auth_group_permissions USING btree (group_id);


--
-- Name: auth_group_permissions_permission_id_84c5c92e; Type: INDEX; Schema: public; Owner: -
--

CREATE INDEX auth_group_permissions_permission_id_84c5c92e ON public.auth_group_permissions USING btree (permission_id);


--
-- Name: auth_permission_content_type_id_2f476e4b; Type: INDEX; Schema: public; Owner: -
--

CREATE INDEX auth_permission_content_type_id_2f476e4b ON public.auth_permission USING btree (content_type_id);


--
-- Name: courses_curso_instructor_id_030c921f; Type: INDEX; Schema: public; Owner: -
--

CREATE INDEX courses_curso_instructor_id_030c921f ON public.courses_curso USING btree (instructor_id);


--
-- Name: courses_curso_slug_b52f165b_like; Type: INDEX; Schema: public; Owner: -
--

CREATE INDEX courses_curso_slug_b52f165b_like ON public.courses_curso USING btree (slug varchar_pattern_ops);


--
-- Name: courses_inscripcion_curso_id_507028c6; Type: INDEX; Schema: public; Owner: -
--

CREATE INDEX courses_inscripcion_curso_id_507028c6 ON public.courses_inscripcion USING btree (curso_id);


--
-- Name: courses_inscripcion_estudiante_id_9555868f; Type: INDEX; Schema: public; Owner: -
--

CREATE INDEX courses_inscripcion_estudiante_id_9555868f ON public.courses_inscripcion USING btree (estudiante_id);


--
-- Name: courses_leccion_curso_id_29ce7bca; Type: INDEX; Schema: public; Owner: -
--

CREATE INDEX courses_leccion_curso_id_29ce7bca ON public.courses_leccion USING btree (curso_id);


--
-- Name: courses_leccioncompletada_inscripcion_id_95565f1e; Type: INDEX; Schema: public; Owner: -
--

CREATE INDEX courses_leccioncompletada_inscripcion_id_95565f1e ON public.courses_leccioncompletada USING btree (inscripcion_id);


--
-- Name: courses_leccioncompletada_leccion_id_f27370a6; Type: INDEX; Schema: public; Owner: -
--

CREATE INDEX courses_leccioncompletada_leccion_id_f27370a6 ON public.courses_leccioncompletada USING btree (leccion_id);


--
-- Name: courses_recursoleccion_leccion_id_aec9b45b; Type: INDEX; Schema: public; Owner: -
--

CREATE INDEX courses_recursoleccion_leccion_id_aec9b45b ON public.courses_recursoleccion USING btree (leccion_id);


--
-- Name: django_admin_log_content_type_id_c4bce8eb; Type: INDEX; Schema: public; Owner: -
--

CREATE INDEX django_admin_log_content_type_id_c4bce8eb ON public.django_admin_log USING btree (content_type_id);


--
-- Name: django_admin_log_user_id_c564eba6; Type: INDEX; Schema: public; Owner: -
--

CREATE INDEX django_admin_log_user_id_c564eba6 ON public.django_admin_log USING btree (user_id);


--
-- Name: django_session_expire_date_a5c62663; Type: INDEX; Schema: public; Owner: -
--

CREATE INDEX django_session_expire_date_a5c62663 ON public.django_session USING btree (expire_date);


--
-- Name: django_session_session_key_c0390e0f_like; Type: INDEX; Schema: public; Owner: -
--

CREATE INDEX django_session_session_key_c0390e0f_like ON public.django_session USING btree (session_key varchar_pattern_ops);


--
-- Name: tests_opcionvalores_pregunta_id_0a8d4b6b; Type: INDEX; Schema: public; Owner: -
--

CREATE INDEX tests_opcionvalores_pregunta_id_0a8d4b6b ON public.tests_opcionvalores USING btree (pregunta_id);


--
-- Name: tests_partetest_test_id_ec8e7cdd; Type: INDEX; Schema: public; Owner: -
--

CREATE INDEX tests_partetest_test_id_ec8e7cdd ON public.tests_partetest USING btree (test_id);


--
-- Name: tests_preguntavalores_parte_id_251dc158; Type: INDEX; Schema: public; Owner: -
--

CREATE INDEX tests_preguntavalores_parte_id_251dc158 ON public.tests_preguntavalores USING btree (parte_id);


--
-- Name: tests_problemadomino_test_id_85eb1087; Type: INDEX; Schema: public; Owner: -
--

CREATE INDEX tests_problemadomino_test_id_85eb1087 ON public.tests_problemadomino USING btree (test_id);


--
-- Name: tests_resultadodomino_test_id_37c33a38; Type: INDEX; Schema: public; Owner: -
--

CREATE INDEX tests_resultadodomino_test_id_37c33a38 ON public.tests_resultadodomino USING btree (test_id);


--
-- Name: tests_resultadodomino_usuario_id_06f30f60; Type: INDEX; Schema: public; Owner: -
--

CREATE INDEX tests_resultadodomino_usuario_id_06f30f60 ON public.tests_resultadodomino USING btree (usuario_id);


--
-- Name: tests_resultadovalores_test_id_d6ffb40f; Type: INDEX; Schema: public; Owner: -
--

CREATE INDEX tests_resultadovalores_test_id_d6ffb40f ON public.tests_resultadovalores USING btree (test_id);


--
-- Name: tests_resultadovalores_usuario_id_c082ecf3; Type: INDEX; Schema: public; Owner: -
--

CREATE INDEX tests_resultadovalores_usuario_id_c082ecf3 ON public.tests_resultadovalores USING btree (usuario_id);


--
-- Name: users_customuser_groups_customuser_id_958147bf; Type: INDEX; Schema: public; Owner: -
--

CREATE INDEX users_customuser_groups_customuser_id_958147bf ON public.users_customuser_groups USING btree (customuser_id);


--
-- Name: users_customuser_groups_group_id_01390b14; Type: INDEX; Schema: public; Owner: -
--

CREATE INDEX users_customuser_groups_group_id_01390b14 ON public.users_customuser_groups USING btree (group_id);


--
-- Name: users_customuser_user_permissions_customuser_id_5771478b; Type: INDEX; Schema: public; Owner: -
--

CREATE INDEX users_customuser_user_permissions_customuser_id_5771478b ON public.users_customuser_user_permissions USING btree (customuser_id);


--
-- Name: users_customuser_user_permissions_permission_id_baaa2f74; Type: INDEX; Schema: public; Owner: -
--

CREATE INDEX users_customuser_user_permissions_permission_id_baaa2f74 ON public.users_customuser_user_permissions USING btree (permission_id);


--
-- Name: users_customuser_username_80452fdf_like; Type: INDEX; Schema: public; Owner: -
--

CREATE INDEX users_customuser_username_80452fdf_like ON public.users_customuser USING btree (username varchar_pattern_ops);


--
-- Name: auth_group_permissions auth_group_permissio_permission_id_84c5c92e_fk_auth_perm; Type: FK CONSTRAINT; Schema: public; Owner: -
--

ALTER TABLE ONLY public.auth_group_permissions
    ADD CONSTRAINT auth_group_permissio_permission_id_84c5c92e_fk_auth_perm FOREIGN KEY (permission_id) REFERENCES public.auth_permission(id) DEFERRABLE INITIALLY DEFERRED;


--
-- Name: auth_group_permissions auth_group_permissions_group_id_b120cbf9_fk_auth_group_id; Type: FK CONSTRAINT; Schema: public; Owner: -
--

ALTER TABLE ONLY public.auth_group_permissions
    ADD CONSTRAINT auth_group_permissions_group_id_b120cbf9_fk_auth_group_id FOREIGN KEY (group_id) REFERENCES public.auth_group(id) DEFERRABLE INITIALLY DEFERRED;


--
-- Name: auth_permission auth_permission_content_type_id_2f476e4b_fk_django_co; Type: FK CONSTRAINT; Schema: public; Owner: -
--

ALTER TABLE ONLY public.auth_permission
    ADD CONSTRAINT auth_permission_content_type_id_2f476e4b_fk_django_co FOREIGN KEY (content_type_id) REFERENCES public.django_content_type(id) DEFERRABLE INITIALLY DEFERRED;


--
-- Name: courses_curso courses_curso_instructor_id_030c921f_fk_users_customuser_id; Type: FK CONSTRAINT; Schema: public; Owner: -
--

ALTER TABLE ONLY public.courses_curso
    ADD CONSTRAINT courses_curso_instructor_id_030c921f_fk_users_customuser_id FOREIGN KEY (instructor_id) REFERENCES public.users_customuser(id) DEFERRABLE INITIALLY DEFERRED;


--
-- Name: courses_inscripcion courses_inscripcion_curso_id_507028c6_fk_courses_curso_id; Type: FK CONSTRAINT; Schema: public; Owner: -
--

ALTER TABLE ONLY public.courses_inscripcion
    ADD CONSTRAINT courses_inscripcion_curso_id_507028c6_fk_courses_curso_id FOREIGN KEY (curso_id) REFERENCES public.courses_curso(id) DEFERRABLE INITIALLY DEFERRED;


--
-- Name: courses_inscripcion courses_inscripcion_estudiante_id_9555868f_fk_users_cus; Type: FK CONSTRAINT; Schema: public; Owner: -
--

ALTER TABLE ONLY public.courses_inscripcion
    ADD CONSTRAINT courses_inscripcion_estudiante_id_9555868f_fk_users_cus FOREIGN KEY (estudiante_id) REFERENCES public.users_customuser(id) DEFERRABLE INITIALLY DEFERRED;


--
-- Name: courses_leccion courses_leccion_curso_id_29ce7bca_fk_courses_curso_id; Type: FK CONSTRAINT; Schema: public; Owner: -
--

ALTER TABLE ONLY public.courses_leccion
    ADD CONSTRAINT courses_leccion_curso_id_29ce7bca_fk_courses_curso_id FOREIGN KEY (curso_id) REFERENCES public.courses_curso(id) DEFERRABLE INITIALLY DEFERRED;


--
-- Name: courses_leccioncompletada courses_leccioncompl_inscripcion_id_95565f1e_fk_courses_i; Type: FK CONSTRAINT; Schema: public; Owner: -
--

ALTER TABLE ONLY public.courses_leccioncompletada
    ADD CONSTRAINT courses_leccioncompl_inscripcion_id_95565f1e_fk_courses_i FOREIGN KEY (inscripcion_id) REFERENCES public.courses_inscripcion(id) DEFERRABLE INITIALLY DEFERRED;


--
-- Name: courses_leccioncompletada courses_leccioncompl_leccion_id_f27370a6_fk_courses_l; Type: FK CONSTRAINT; Schema: public; Owner: -
--

ALTER TABLE ONLY public.courses_leccioncompletada
    ADD CONSTRAINT courses_leccioncompl_leccion_id_f27370a6_fk_courses_l FOREIGN KEY (leccion_id) REFERENCES public.courses_leccion(id) DEFERRABLE INITIALLY DEFERRED;


--
-- Name: courses_recursoleccion courses_recursolecci_leccion_id_aec9b45b_fk_courses_l; Type: FK CONSTRAINT; Schema: public; Owner: -
--

ALTER TABLE ONLY public.courses_recursoleccion
    ADD CONSTRAINT courses_recursolecci_leccion_id_aec9b45b_fk_courses_l FOREIGN KEY (leccion_id) REFERENCES public.courses_leccion(id) DEFERRABLE INITIALLY DEFERRED;


--
-- Name: django_admin_log django_admin_log_content_type_id_c4bce8eb_fk_django_co; Type: FK CONSTRAINT; Schema: public; Owner: -
--

ALTER TABLE ONLY public.django_admin_log
    ADD CONSTRAINT django_admin_log_content_type_id_c4bce8eb_fk_django_co FOREIGN KEY (content_type_id) REFERENCES public.django_content_type(id) DEFERRABLE INITIALLY DEFERRED;


--
-- Name: django_admin_log django_admin_log_user_id_c564eba6_fk_users_customuser_id; Type: FK CONSTRAINT; Schema: public; Owner: -
--

ALTER TABLE ONLY public.django_admin_log
    ADD CONSTRAINT django_admin_log_user_id_c564eba6_fk_users_customuser_id FOREIGN KEY (user_id) REFERENCES public.users_customuser(id) DEFERRABLE INITIALLY DEFERRED;


--
-- Name: tests_opcionvalores tests_opcionvalores_pregunta_id_0a8d4b6b_fk_tests_pre; Type: FK CONSTRAINT; Schema: public; Owner: -
--

ALTER TABLE ONLY public.tests_opcionvalores
    ADD CONSTRAINT tests_opcionvalores_pregunta_id_0a8d4b6b_fk_tests_pre FOREIGN KEY (pregunta_id) REFERENCES public.tests_preguntavalores(id) DEFERRABLE INITIALLY DEFERRED;


--
-- Name: tests_partetest tests_partetest_test_id_ec8e7cdd_fk_tests_testvalores_id; Type: FK CONSTRAINT; Schema: public; Owner: -
--

ALTER TABLE ONLY public.tests_partetest
    ADD CONSTRAINT tests_partetest_test_id_ec8e7cdd_fk_tests_testvalores_id FOREIGN KEY (test_id) REFERENCES public.tests_testvalores(id) DEFERRABLE INITIALLY DEFERRED;


--
-- Name: tests_preguntavalores tests_preguntavalores_parte_id_251dc158_fk_tests_partetest_id; Type: FK CONSTRAINT; Schema: public; Owner: -
--

ALTER TABLE ONLY public.tests_preguntavalores
    ADD CONSTRAINT tests_preguntavalores_parte_id_251dc158_fk_tests_partetest_id FOREIGN KEY (parte_id) REFERENCES public.tests_partetest(id) DEFERRABLE INITIALLY DEFERRED;


--
-- Name: tests_problemadomino tests_problemadomino_test_id_85eb1087_fk_tests_testdomino_id; Type: FK CONSTRAINT; Schema: public; Owner: -
--

ALTER TABLE ONLY public.tests_problemadomino
    ADD CONSTRAINT tests_problemadomino_test_id_85eb1087_fk_tests_testdomino_id FOREIGN KEY (test_id) REFERENCES public.tests_testdomino(id) DEFERRABLE INITIALLY DEFERRED;


--
-- Name: tests_resultadodomino tests_resultadodomin_usuario_id_06f30f60_fk_users_cus; Type: FK CONSTRAINT; Schema: public; Owner: -
--

ALTER TABLE ONLY public.tests_resultadodomino
    ADD CONSTRAINT tests_resultadodomin_usuario_id_06f30f60_fk_users_cus FOREIGN KEY (usuario_id) REFERENCES public.users_customuser(id) DEFERRABLE INITIALLY DEFERRED;


--
-- Name: tests_resultadodomino tests_resultadodomino_test_id_37c33a38_fk_tests_testdomino_id; Type: FK CONSTRAINT; Schema: public; Owner: -
--

ALTER TABLE ONLY public.tests_resultadodomino
    ADD CONSTRAINT tests_resultadodomino_test_id_37c33a38_fk_tests_testdomino_id FOREIGN KEY (test_id) REFERENCES public.tests_testdomino(id) DEFERRABLE INITIALLY DEFERRED;


--
-- Name: tests_resultadovalores tests_resultadovalor_usuario_id_c082ecf3_fk_users_cus; Type: FK CONSTRAINT; Schema: public; Owner: -
--

ALTER TABLE ONLY public.tests_resultadovalores
    ADD CONSTRAINT tests_resultadovalor_usuario_id_c082ecf3_fk_users_cus FOREIGN KEY (usuario_id) REFERENCES public.users_customuser(id) DEFERRABLE INITIALLY DEFERRED;


--
-- Name: tests_resultadovalores tests_resultadovalores_test_id_d6ffb40f_fk_tests_testvalores_id; Type: FK CONSTRAINT; Schema: public; Owner: -
--

ALTER TABLE ONLY public.tests_resultadovalores
    ADD CONSTRAINT tests_resultadovalores_test_id_d6ffb40f_fk_tests_testvalores_id FOREIGN KEY (test_id) REFERENCES public.tests_testvalores(id) DEFERRABLE INITIALLY DEFERRED;


--
-- Name: users_customuser_groups users_customuser_gro_customuser_id_958147bf_fk_users_cus; Type: FK CONSTRAINT; Schema: public; Owner: -
--

ALTER TABLE ONLY public.users_customuser_groups
    ADD CONSTRAINT users_customuser_gro_customuser_id_958147bf_fk_users_cus FOREIGN KEY (customuser_id) REFERENCES public.users_customuser(id) DEFERRABLE INITIALLY DEFERRED;


--
-- Name: users_customuser_groups users_customuser_groups_group_id_01390b14_fk_auth_group_id; Type: FK CONSTRAINT; Schema: public; Owner: -
--

ALTER TABLE ONLY public.users_customuser_groups
    ADD CONSTRAINT users_customuser_groups_group_id_01390b14_fk_auth_group_id FOREIGN KEY (group_id) REFERENCES public.auth_group(id) DEFERRABLE INITIALLY DEFERRED;


--
-- Name: users_customuser_user_permissions users_customuser_use_customuser_id_5771478b_fk_users_cus; Type: FK CONSTRAINT; Schema: public; Owner: -
--

ALTER TABLE ONLY public.users_customuser_user_permissions
    ADD CONSTRAINT users_customuser_use_customuser_id_5771478b_fk_users_cus FOREIGN KEY (customuser_id) REFERENCES public.users_customuser(id) DEFERRABLE INITIALLY DEFERRED;


--
-- Name: users_customuser_user_permissions users_customuser_use_permission_id_baaa2f74_fk_auth_perm; Type: FK CONSTRAINT; Schema: public; Owner: -
--

ALTER TABLE ONLY public.users_customuser_user_permissions
    ADD CONSTRAINT users_customuser_use_permission_id_baaa2f74_fk_auth_perm FOREIGN KEY (permission_id) REFERENCES public.auth_permission(id) DEFERRABLE INITIALLY DEFERRED;


--
-- PostgreSQL database dump complete
--

